delta_log_power,theta_log_power,alpha_log_power,beta_log_power,participant_id,epoch_idx
0.5316336695783933,0.9208237682378354,0.30144727158050905,0.43854893675413487,SC4002E0-PSG,0
0.9017594286286816,-0.4333535178303629,0.35514836603416217,0.056778659681250294,SC4002E0-PSG,1
0.3932715039346898,1.580151329798353,1.239964701925385,-0.3878332598478635,SC4002E0-PSG,2
1.445170045998615,2.187532740362547,1.257512103760501,1.0135616369408458,SC4002E0-PSG,3
1.0037922414550522,2.065812055562768,0.9477682177945075,0.7370233815690427,SC4002E0-PSG,4
0.902711081995477,1.0596431045345396,0.4435164217912225,0.4523269797023686,SC4002E0-PSG,5
0.22275505448330152,0.581825775921456,0.5138560351086056,0.5228913895608966,SC4002E0-PSG,6
1.0682704406584274,1.0686695808809472,0.5742624141535547,0.5949285912765486,SC4002E0-PSG,7
0.9401238516691517,1.2030653621574348,0.8674933857957858,0.8090330016253455,SC4002E0-PSG,8
0.35747867717741555,0.7594426889959786,0.6807215044120397,0.8427897840493218,SC4002E0-PSG,9
0.3697069227088777,0.4045738572974014,0.7739973150533926,0.8515247537844312,SC4002E0-PSG,10
0.15916804980737778,-1.015664689529874,-0.32100332683405325,0.3869845314298466,SC4002E0-PSG,11
0.06642931632332091,-0.2549960742365908,-0.02790605900397021,0.26918503897978224,SC4002E0-PSG,12
-0.0012638431969563704,-0.6063632129702441,-0.10661635222239346,0.3383110262309792,SC4002E0-PSG,13
-0.004731338040852859,0.10437406855059798,-0.5922520908105716,0.04349887047830569,SC4002E0-PSG,14
-0.8104576152282419,-1.40366566729228,-0.8283631583915849,0.03194198697846599,SC4002E0-PSG,15
-0.4835044519695,-1.0938110762170552,-0.5636631229821483,0.09179907455987947,SC4002E0-PSG,16
0.12092681789359941,-0.667147821818785,-0.2513491052578804,0.3748941685337419,SC4002E0-PSG,17
0.6427965902862747,-0.3484457667787712,0.285518901220932,0.437780138020077,SC4002E0-PSG,18
-0.4895833872566706,-0.9010980198523183,-0.4468572295640111,0.08450621936238428,SC4002E0-PSG,19
-0.2087803213623696,-0.7874170691680884,-0.41706343471054075,0.2234907522985898,SC4002E0-PSG,20
-0.06331195652011042,-0.36891410591252577,-0.3980949044500657,0.24679303984950032,SC4002E0-PSG,21
0.29249747137675786,0.45168368585497914,1.0371080689627106,1.348293676096385,SC4002E0-PSG,22
0.3206790762527318,0.09378424759929978,0.670855682573292,0.9838679781628942,SC4002E0-PSG,23
-0.6343739166898897,-0.7062627176518345,0.4979985147663992,0.941233487446029,SC4002E0-PSG,24
0.9139649270111243,0.21584635640403665,1.1787643892485535,1.2798057903310576,SC4002E0-PSG,25
0.015683541046567075,-0.7171220744539359,-0.27355357913793404,0.5639466282670087,SC4002E0-PSG,26
-0.7846250154496759,-1.5627975468603377,-0.6374476404691788,0.06386060658291101,SC4002E0-PSG,27
-0.8237319041608331,-1.3955679096891518,-0.9391598697603266,-0.08648813647957128,SC4002E0-PSG,28
-0.023380535741728662,0.545179490191402,-0.058104038247368484,0.40219929825050016,SC4002E0-PSG,29
0.53573200889417,0.12923736852600412,0.08339916347884192,0.45943217618127846,SC4002E0-PSG,30
0.7386434026734725,1.0340786328602236,0.9560419415591112,0.9734094664547871,SC4002E0-PSG,31
0.9524193664173943,1.5139685003361494,0.6717979314033296,0.5879873596556385,SC4002E0-PSG,32
1.0267238186949845,1.812748358141644,0.5797626453631044,0.48061272659908566,SC4002E0-PSG,33
1.3179239438314951,2.7634358501459566,2.166125834769757,1.3231754089573704,SC4002E0-PSG,34
1.3712695058826223,2.3359240185837438,1.855455599480613,0.7500411732742576,SC4002E0-PSG,35
1.1609627798782651,2.659622378080583,2.0242646758002762,1.1068939640928865,SC4002E0-PSG,36
0.8831277398311561,1.6196511766686346,1.1006142361600297,0.9780084140276246,SC4002E0-PSG,37
0.9227101990824834,1.068543675426086,0.623362343920672,0.9880573247988883,SC4002E0-PSG,38
0.689541104290586,1.0491728794809434,-0.03621435429584281,0.40427247527997967,SC4002E0-PSG,39
1.032191084662606,0.9643227808982469,0.6100116205578583,0.39195131244399867,SC4002E0-PSG,40
0.6759792912329842,1.3697699413585538,0.737088922618683,0.9502217759682781,SC4002E0-PSG,41
0.285768741043851,0.43651314424881343,0.2771103750164298,0.363151626112579,SC4002E0-PSG,42
-0.2649606678703353,-0.22478759617179786,-0.23458839701369966,0.1200535313972159,SC4002E0-PSG,43
0.7514541286554551,0.8014767704811186,0.12307169356549491,0.37717061441022237,SC4002E0-PSG,44
0.6201400549584337,1.539852561453598,0.3724844401221516,0.563711890200257,SC4002E0-PSG,45
-0.39373661188825065,0.5376231004760764,0.2706137723705807,0.5545504293494895,SC4002E0-PSG,46
0.1313728291901929,0.1245724364835209,0.5424006509496594,0.761251833914079,SC4002E0-PSG,47
-0.08853403342938002,0.015054835742171048,-0.11357598979670357,-0.11580459100831347,SC4002E0-PSG,48
-0.5592366394772983,-0.6436578024272229,-0.111308996537631,0.137026038441002,SC4002E0-PSG,49
-0.35037321704229274,-0.8964383436160795,-0.3908101129610903,0.21009012875119826,SC4002E0-PSG,50
0.11862576521974429,0.09743631154987163,0.5011963897117283,0.6298715095097999,SC4002E0-PSG,51
-0.8010992742189446,-0.582322007112177,0.19071881498506418,0.5148660099428681,SC4002E0-PSG,52
0.721718191579577,0.5223766851721775,0.26416578416582776,0.72752167292113,SC4002E0-PSG,53
-0.5197426752176177,-0.8243582082074873,0.22125961088970877,0.6484526664619359,SC4002E0-PSG,54
0.23853387416357888,0.03742743768291602,-0.2527055174226398,0.34969851166761107,SC4002E0-PSG,55
-0.3808038364450349,-0.13819419271791172,0.4269526377901467,0.7379235783539828,SC4002E0-PSG,56
-0.49018142790232866,0.22593296536419336,0.40766052236345063,0.8501628814880999,SC4002E0-PSG,57
0.5031903454305986,0.7244259347967887,0.026464943700778197,0.36457791746617485,SC4002E0-PSG,58
-0.1024024679683263,-0.16351491520074116,0.30649253228207457,0.3594185385357269,SC4002E0-PSG,59
0.07059996514048489,0.5732216580798436,0.4139839925891932,0.11972054380511106,SC4002E0-PSG,60
0.2768826938974554,0.6151347884979981,0.18661257826562666,0.39370206072430947,SC4002E0-PSG,61
-0.42067008031330744,0.45631036045720413,-0.050227287612414864,0.10011860504468748,SC4002E0-PSG,62
0.07501242992202677,0.6161135380103049,0.6721636784785876,0.7288192259545014,SC4002E0-PSG,63
-0.2894266698557207,0.3727062010186256,-0.1451358641826877,0.12597565152169196,SC4002E0-PSG,64
-0.20590152159715966,0.022223563003409656,0.26909011847531006,0.37841305310306994,SC4002E0-PSG,65
0.0010549243407270358,0.5095299704620228,-0.06386941049743006,0.30098850205691136,SC4002E0-PSG,66
-0.07372833530890614,0.5445882544049593,0.3036359677341143,0.42845324633490406,SC4002E0-PSG,67
-0.2795650703383708,0.4391201746748628,0.5036551575505231,0.5729444963400934,SC4002E0-PSG,68
-0.07405430131720538,-0.08007079294464116,0.11167038773729444,0.3662637733951163,SC4002E0-PSG,69
-0.8902330900621886,-0.131443051041055,0.30804495880514604,0.45446733830804115,SC4002E0-PSG,70
-0.9683179356277325,-0.5985765330640755,-0.43182540705228345,0.19795399829984045,SC4002E0-PSG,71
-0.16963211492493652,0.5347906433823558,0.08157452664312989,0.08502705595329871,SC4002E0-PSG,72
-0.5340966496856794,-0.920061402331775,-0.33280847158130406,0.2575739220829839,SC4002E0-PSG,73
-0.0965060130647067,0.42420528636177607,-0.1324755445679678,0.2698739568658753,SC4002E0-PSG,74
-0.1765306401573907,0.4287133256916897,0.20290992603155947,0.37663200908987454,SC4002E0-PSG,75
-0.2665841581501339,0.4613489139303529,0.12676532563948487,0.28000489073918194,SC4002E0-PSG,76
-0.041098553977673966,0.7766809748376504,0.6040191600821762,0.9601213329845992,SC4002E0-PSG,77
0.0813271559618063,0.801293366508581,0.7692731848559275,0.9919154789098754,SC4002E0-PSG,78
-0.08285743938096544,0.629172797875239,0.3918377933580223,0.7584300299326331,SC4002E0-PSG,79
0.37041785954454604,1.650839478114616,0.3733582670484071,0.4384992911540119,SC4002E0-PSG,80
-0.2715950522967572,0.13988181598126204,0.19428906841527127,0.43589764582762924,SC4002E0-PSG,81
0.2684650138773756,0.6604448308488463,-0.04972902889588572,0.37732194828653887,SC4002E0-PSG,82
0.17781152843368211,0.8031985381413839,-0.048051453841575636,0.34842343363819883,SC4002E0-PSG,83
-0.173898330011179,0.13193027793937456,0.2774715999547122,0.5656514630632608,SC4002E0-PSG,84
0.47156090300416587,1.5122419282098334,-0.3525015395741465,-0.1604082015472038,SC4002E0-PSG,85
0.0014644507948022765,1.0489649311600178,0.06572284769750451,0.7450831062713734,SC4002E0-PSG,86
0.2377070529291408,0.7412704859177953,0.03283097432254968,0.45821593915005326,SC4002E0-PSG,87
0.4380722550410453,0.7019929837219311,0.06318175926726578,0.6662053289670719,SC4002E0-PSG,88
0.44315922569983535,1.9085327866095823,0.3179540367372044,0.3391385736171869,SC4002E0-PSG,89
0.686520705704484,1.691767046514581,0.1234564258929889,0.026398412329622176,SC4002E0-PSG,90
0.40368838530038975,0.9967565545938598,-0.20690868334213028,0.0285527354210951,SC4002E0-PSG,91
0.334633233487118,0.5428608898550983,0.7453210250418681,0.6211756066456815,SC4002E0-PSG,92
-0.40515182617824136,0.4858396312842522,0.15426912615054522,0.6590535832033255,SC4002E0-PSG,93
0.07938880582632099,0.5981841741891125,-0.7931250528692069,-0.13833030186334766,SC4002E0-PSG,94
-0.499715574512104,-0.4243897076442634,0.13443765936332017,0.1881664909213808,SC4002E0-PSG,95
0.02266853530526378,0.8121104954652287,0.08079395155730572,0.25126422434520335,SC4002E0-PSG,96
0.8267792650916388,1.5956028232923674,1.1030050711821637,0.7013102164011531,SC4002E0-PSG,97
0.6080765151894713,1.073257938709274,0.98162684866097,0.9709468378050873,SC4002E0-PSG,98
0.633969010282721,1.5185153018028206,0.6285878400903141,0.47571678470812484,SC4002E0-PSG,99
0.5629098223767368,1.166390408383889,1.839887229646913,1.3856043969574319,SC4002E0-PSG,100
-0.20079487251768305,-0.304625194386448,-0.474337377978026,0.18284678069245064,SC4002E0-PSG,101
0.19051845607358417,0.127897523496221,-0.4492332055199345,0.23009725273405,SC4002E0-PSG,102
0.33832484064652724,0.26908005119194545,0.6576519212539306,1.006579810850235,SC4002E0-PSG,103
0.39771756874876313,-0.15775846738978838,0.8459715896433125,1.0894928252134803,SC4002E0-PSG,104
0.45598795627682487,-0.7348803198091617,-0.3953289447184573,0.19168373352087317,SC4002E0-PSG,105
0.7540958445759205,0.4736034544555967,0.42776086243858097,0.6919270184151719,SC4002E0-PSG,106
0.7933306677674851,1.0436166854804971,0.7835843408957636,0.7282259930068372,SC4002E0-PSG,107
-0.03826442371308008,-0.8981533971876492,0.7768198471034276,0.744784780477496,SC4002E0-PSG,108
0.6376943897047961,0.49101036495181066,0.5942500143548696,0.4156988088243177,SC4002E0-PSG,109
0.8809917984420095,1.4433926358853055,1.5197088790764086,0.9526240231776876,SC4002E0-PSG,110
1.2181337826369112,1.2859974670663057,0.9994410323497008,0.854595857650396,SC4002E0-PSG,111
0.8947368918722146,1.593184831687588,2.733012141976406,1.802310796564124,SC4002E0-PSG,112
0.46229875479778626,0.13716564317548144,0.8212087508618294,1.158800322666057,SC4002E0-PSG,113
1.074373827110142,0.7495449699967689,0.6535753203036526,0.5893921252514714,SC4002E0-PSG,114
0.9344904592234639,1.0792308833761362,0.7436081764057734,0.6524126390739582,SC4002E0-PSG,115
0.85050090944578,1.273831982081085,1.5503796444756894,1.197809965225101,SC4002E0-PSG,116
1.0623940832919114,1.1321545960632913,2.4573339847595865,1.907234892886088,SC4002E0-PSG,117
1.076352847149783,1.0977431377405276,1.2293584485649767,1.1191956465652928,SC4002E0-PSG,118
1.280235420255933,1.5348296308885354,1.0047151793130995,0.6058921943679779,SC4002E0-PSG,119
1.119580092252246,0.9821201660888009,0.7084472608182268,0.7134943441521043,SC4002E0-PSG,120
0.43112489639187734,0.3188954720987056,0.1690104931116477,0.5231183903555076,SC4002E0-PSG,121
0.4904961949359545,-0.06790388267823166,0.22783514815257083,0.4374256742344327,SC4002E0-PSG,122
0.8821552700394689,0.3098610481263484,0.8798921296477789,0.8448755440614691,SC4002E0-PSG,123
0.4901692815635569,0.3658061775950266,0.4865983689869314,0.6785230652699403,SC4002E0-PSG,124
0.30366849205786606,-0.2930323546079538,-0.12690925019544952,0.4172629285941576,SC4002E0-PSG,125
-0.03695413290976821,-0.2865756093308097,0.023380220670604655,0.22608169230870753,SC4002E0-PSG,126
0.20575472886597337,0.663703870923357,0.8396296977527116,0.9135522908568224,SC4002E0-PSG,127
0.5499953823838459,0.8094250166999704,2.3245079072352106,1.669401362689282,SC4002E0-PSG,128
0.4630918097172037,1.2353491281206705,2.2110824277561587,1.6129982034570438,SC4002E0-PSG,129
0.33637586113311135,0.22701423125377002,0.5177579476988033,0.5213878548474992,SC4002E0-PSG,130
0.4798302105698095,0.3506571964902842,0.7002506104078642,0.3594376327182522,SC4002E0-PSG,131
0.8246177563383714,1.8929066120067948,1.7496694514503242,1.4272587820220064,SC4002E0-PSG,132
0.8830648321454354,1.0742624665543288,1.4921038664058286,1.2985025832918027,SC4002E0-PSG,133
0.521976744791764,1.0076096413498457,1.062583312291045,1.122983285920954,SC4002E0-PSG,134
0.6128587421732129,0.8264071586254755,1.8271813701925357,1.571637101699464,SC4002E0-PSG,135
0.9219813114754949,0.4401550640096323,0.33145490273752737,0.7418991618392781,SC4002E0-PSG,136
1.1215331189409927,0.6182543072179422,0.11403003089121572,0.6916481782040261,SC4002E0-PSG,137
0.48696859502265644,0.49631470824271406,0.4241672455048975,0.4841076055562504,SC4002E0-PSG,138
0.422603143931279,-0.375784144108001,-0.4572987833879576,0.5705887584530749,SC4002E0-PSG,139
0.2701509569469759,-0.7658367170688831,-0.5361869477516735,0.12210540743010581,SC4002E0-PSG,140
1.0700840521813957,0.2371313462396652,-0.24257529841036532,0.5426351731787281,SC4002E0-PSG,141
0.46031747564575043,-0.37230124649724816,-0.09778688086066342,0.43850354190015683,SC4002E0-PSG,142
0.2962364997806291,-0.3549315558983714,-0.38802564759015495,0.21500719389893092,SC4002E0-PSG,143
0.4999710773308851,-1.0398667669589519,-0.45096707305743605,0.2608414649710827,SC4002E0-PSG,144
-0.007255233306363471,-0.2710688866438483,0.09695095253617189,0.24873122897563862,SC4002E0-PSG,145
0.3816847608026452,-0.33835343805694634,-0.4440559121505457,0.5551666178835176,SC4002E0-PSG,146
0.8560822381366331,0.5048643848234642,0.17508389429903565,0.5204011406452913,SC4002E0-PSG,147
1.0191396616171828,0.8885354968228926,0.3397816592156653,0.1788674798108175,SC4002E0-PSG,148
0.63117905129391,0.5525578247138183,0.1101149282014045,0.3634035074332606,SC4002E0-PSG,149
0.4583341085042753,0.5222169249628662,0.11113479751221575,0.19837782669588505,SC4002E0-PSG,150
0.6743311261727363,-0.25429290293793283,-0.08260023823731412,0.46969000137431477,SC4002E0-PSG,151
0.5899347447248033,-0.13670037013434175,0.19343136925014567,0.3572835660078116,SC4002E0-PSG,152
0.3992087689768977,1.0660617971509248,0.7400267176098408,0.37689122042898,SC4002E0-PSG,153
1.4818763068030119,3.4850347387653136,2.3872581878249868,1.2831223520669672,SC4002E0-PSG,154
0.13528720265797406,-0.14068584852575677,-0.0775230524689696,0.24621464997811515,SC4002E0-PSG,155
0.6480176206210694,0.19959745130273693,0.20910633838218043,0.8704354137263498,SC4002E0-PSG,156
0.2758099431440409,0.2616500661020305,0.14091122934336953,0.6106586362175005,SC4002E0-PSG,157
-0.16655144318752207,0.02858661237546766,0.29286733487391825,0.6341256234186567,SC4002E0-PSG,158
0.6196517956608287,-0.2826045597011525,-0.0962723008526854,0.4142170561553232,SC4002E0-PSG,159
0.6064635295913725,0.608667014111389,0.47612354043277866,0.49190074186688953,SC4002E0-PSG,160
0.1923261640052608,-0.350553685532099,-0.6174858384441241,0.32324604608098584,SC4002E0-PSG,161
0.8559776411429333,0.37953272951301725,0.09627285814637213,0.4675925434970865,SC4002E0-PSG,162
1.2089783284599367,1.1559687603846318,0.8090361608555255,0.6725304862121099,SC4002E0-PSG,163
0.7236517289564981,0.2759419608908956,0.2578456080861251,0.45816500346700256,SC4002E0-PSG,164
-0.2835892403327563,-0.18102652012545917,-0.35185278122983826,-0.04576780885279151,SC4002E0-PSG,165
0.8269927150849931,0.24382703556611163,0.22938340875680838,0.45442358392748666,SC4002E0-PSG,166
1.074024884921587,1.1819178868873785,0.7820345696578878,1.0069050603627956,SC4002E0-PSG,167
0.9896794824653019,0.9669770423032226,0.6870193868878482,0.5605234716714181,SC4002E0-PSG,168
0.5450097560107758,0.8081143438610487,0.5164499215402536,0.4279520363610975,SC4002E0-PSG,169
0.33012036337638273,0.7174120862882837,0.3452720561884679,0.6037492304415791,SC4002E0-PSG,170
1.0050869647084515,0.8081405047141559,0.5464881467878464,0.7274017534065298,SC4002E0-PSG,171
1.1051525919846306,0.3421766436255653,0.8028584391066464,0.4801738903257655,SC4002E0-PSG,172
0.8132717109096256,0.8719688402497231,0.47043328450281635,0.7102381649562246,SC4002E0-PSG,173
1.0951048080983474,0.9271778826648926,0.7508795367469914,0.8926207238645564,SC4002E0-PSG,174
0.7264234369232887,0.9024967923093506,0.23771794506732838,0.3663921150065742,SC4002E0-PSG,175
0.7126775062639907,0.6601565679496898,0.6368947649105361,0.5782461060551288,SC4002E0-PSG,176
0.8889525862843874,0.7684738647093148,0.22831275373002288,0.28894448203841094,SC4002E0-PSG,177
0.9660406912103294,0.7120292646822423,0.6308679610505549,0.4355813765852217,SC4002E0-PSG,178
0.032330293155885044,-0.3197168217084371,-0.09702374988271308,0.17425623349976757,SC4002E0-PSG,179
-0.3549340173722428,0.11624019524816216,-0.6444830303954175,0.023354601739864356,SC4002E0-PSG,180
-1.2656091945566195,-0.5121976486367416,-1.1237094924677973,-0.4036385065548225,SC4002E0-PSG,181
-0.4245885290410199,0.3094122043884174,-0.8184939452496028,-0.36281547210656556,SC4002E0-PSG,182
0.6492506295619341,0.9660390809530851,0.38533237092607386,0.19949170713526243,SC4002E0-PSG,183
0.4497982022520958,0.01144597644477658,0.20727173775651178,0.28673325098019925,SC4002E0-PSG,184
0.5943666183567045,0.19339661814058726,-0.5079906360328817,-0.020120328162221313,SC4002E0-PSG,185
0.6225967570720673,1.420493995064741,0.0380675435291396,0.010018735560591484,SC4002E0-PSG,186
0.4619351202128115,-0.024573365405521873,-0.10185169167715735,0.19928986555235204,SC4002E0-PSG,187
0.1768877561068505,0.4226698193045608,-0.4021087172364034,0.12850498644223496,SC4002E0-PSG,188
-0.0853377786916971,-0.3788930938312551,-0.1789254340160548,0.40995218496004177,SC4002E0-PSG,189
1.0204028002264085,0.23445626563040523,0.24134406907688694,0.5556794608489128,SC4002E0-PSG,190
0.2524450027593509,0.35242726997865065,0.309535392542228,0.584897744038158,SC4002E0-PSG,191
0.5521391129851322,-0.0493629569587607,0.07316689908261946,0.28407323543152097,SC4002E0-PSG,192
0.028866228600728454,-0.4273963764750681,-0.036673453699065724,0.2858517834192988,SC4002E0-PSG,193
-0.07566821752835885,-0.05243368979256673,0.266163677915706,0.6226505271622335,SC4002E0-PSG,194
-0.7051477296289393,-0.6751081064391443,-0.1627550154572412,0.6321270338275425,SC4002E0-PSG,195
1.0211890008801028,-0.0412532769587659,-0.029998306269202992,0.33131812569061625,SC4002E0-PSG,196
0.9437209146251617,0.7856329523675643,0.2165208093589467,0.4933926792148238,SC4002E0-PSG,197
-0.5251540494009426,-0.05207641376516077,-0.28130077123635094,0.22744004117598113,SC4002E0-PSG,198
-1.1811619409842475,-1.0025976926281892,-0.9374805529236606,-0.413109081382979,SC4002E0-PSG,199
-0.9380447172443843,-1.7296492245323043,-0.9924399953471351,-0.35777312832815417,SC4002E0-PSG,200
-1.1180617023397046,-1.7790595928870736,-1.545809214918948,-0.5275773313471573,SC4002E0-PSG,201
0.2172029603099091,-0.8177539495630993,-0.7149592744207293,-0.34987660561327494,SC4002E0-PSG,202
-0.8487783354707077,-1.1263225998633215,-1.0076491523843722,0.17880651520699833,SC4002E0-PSG,203
-1.6402189432658525,-1.2892250727482495,-1.4960294283746396,-0.44607545366180107,SC4002E0-PSG,204
-0.14675440934000242,-0.8367132930581662,-0.6549481137292141,-0.08157069752620547,SC4002E0-PSG,205
0.43029053206215057,-0.830448404635468,-0.584898347960153,-0.0560929513899845,SC4002E0-PSG,206
0.4376020274450885,-0.6460662719996775,-0.6108588516932245,-0.04965878579542705,SC4002E0-PSG,207
0.14677431333226124,-1.0028423133760602,-0.46440436140076324,-0.00256084172912192,SC4002E0-PSG,208
-0.981695292630016,-1.4074490389945675,-0.7575786882418776,0.026405324014253804,SC4002E0-PSG,209
-0.5206557984154021,-1.1182417097406394,-0.6708574266832703,-0.29313731054710734,SC4002E0-PSG,210
0.8910319194060161,0.5659799501332609,0.5329497937329832,0.6343980699819772,SC4002E0-PSG,211
-0.20570932505131173,-1.1320944194230775,-0.5962759947936253,0.25676415661156,SC4002E0-PSG,212
0.41609871766979445,1.3677677857753296,0.1723815761887742,0.38936117414003035,SC4002E0-PSG,213
0.8681954317907756,-0.24565775244525928,0.8078457265625617,0.8085136133200609,SC4002E0-PSG,214
0.3835296101349574,0.2675836678344826,0.07744981763373185,0.22529182968496345,SC4002E0-PSG,215
0.6437522724843954,0.6533463730854173,0.17354152838115985,0.31407993225391684,SC4002E0-PSG,216
0.7201509670503038,0.11531399604207888,0.0025197692754845504,0.2342234006484913,SC4002E0-PSG,217
-0.4126300277552463,-0.9033073947380159,-1.218461774431445,-0.36928987859503815,SC4002E0-PSG,218
0.5626607360006535,-0.2522645117900663,0.2536026948466772,0.580210567341967,SC4002E0-PSG,219
1.1452958104745947,1.0926709641257637,1.9994898366834526,1.7922612585344961,SC4002E0-PSG,220
1.4130802209702367,1.6094156918445957,2.067655986220685,1.5507904423336678,SC4002E0-PSG,221
0.7555469385832215,0.6730379976019136,0.3266519486790839,0.623533933033107,SC4002E0-PSG,222
0.9636970785605954,1.5366890483962086,0.311558019549225,0.3073356783365521,SC4002E0-PSG,223
1.3719639717654994,1.2121162103855845,0.034568909737659276,0.35218493954260655,SC4002E0-PSG,224
0.9572967640538701,1.4753515586259383,1.63706574448942,1.5410447857326135,SC4002E0-PSG,225
0.8674169970254857,1.1761945408753598,0.8501195466342483,0.9061798321964453,SC4002E0-PSG,226
0.10302440726644585,0.4244442472355688,0.3012699028106106,0.8266994254830704,SC4002E0-PSG,227
-0.7757105516291365,-1.2651543108864693,-0.5656426468609081,0.34811147345770915,SC4002E0-PSG,228
-0.15141222369277144,-0.08370782202699999,0.6370122701414649,1.045131393600676,SC4002E0-PSG,229
0.5312700654743813,0.6314978326410956,0.47425718766871233,0.5220792415250951,SC4002E0-PSG,230
-0.16639281721153118,-0.40452119327876807,-0.4521705126671176,0.3852387424024713,SC4002E0-PSG,231
0.42909664680578286,1.5785990524674798,2.260839842792559,1.9775987660082202,SC4002E0-PSG,232
0.9814382968084883,0.8071362687343642,1.5959684798402234,1.6791347838234454,SC4002E0-PSG,233
0.6794564808958441,0.7184265111309912,0.6964028649614585,0.47916249819525913,SC4002E0-PSG,234
0.4592435931318433,0.07013665216296876,0.14419447760945778,0.2806558127864643,SC4002E0-PSG,235
0.8696676992456306,1.5040272934830485,1.5831677604396526,1.2718676186570126,SC4002E0-PSG,236
0.9607124558750033,0.42702686131306694,0.16294706958695324,0.5464916215638291,SC4002E0-PSG,237
0.8432930228853304,0.5649838687770334,0.4450543669314102,0.41630835942383654,SC4002E0-PSG,238
0.701663467588095,0.9700596080418168,1.179280524613921,1.0473755853578617,SC4002E0-PSG,239
0.816153004604055,0.9901746526829407,0.8732762668062687,1.0386050778795202,SC4002E0-PSG,240
0.8742304173457216,0.9023399764461006,0.920763693120389,0.7239437668629733,SC4002E0-PSG,241
0.7216077256480733,0.7456836086593279,0.18065266775104133,0.3580814613704291,SC4002E0-PSG,242
0.9011597066464309,0.991093472232506,0.7368482206853362,0.5158754117479075,SC4002E0-PSG,243
1.1036559741376015,1.3659627426851868,1.0902822577006424,1.2894146000220867,SC4002E0-PSG,244
0.6802357741374568,1.5161027837419025,1.3039877070455306,1.36858145578621,SC4002E0-PSG,245
0.7179427342853533,0.8727048920205155,0.926897071482312,0.8356183998664641,SC4002E0-PSG,246
0.628938993843943,0.6728487651714148,0.8333678494082544,0.5658774757395633,SC4002E0-PSG,247
0.6307858647467077,0.889251046024047,0.2715932304851429,0.685151268211748,SC4002E0-PSG,248
1.2482528557811206,0.8699609045068482,0.363061636139865,0.43861189431536,SC4002E0-PSG,249
0.9668510395665711,0.9272758016813796,0.6175556700346311,0.5530105796931865,SC4002E0-PSG,250
1.00285648602613,1.0627647806847356,1.0379223577993055,0.7914703390728199,SC4002E0-PSG,251
0.8620756107402171,0.994228616701759,0.2709144371202317,0.6475682974892869,SC4002E0-PSG,252
0.7465186777465024,0.49857532889008466,0.07443425899892131,0.38996271825870726,SC4002E0-PSG,253
0.6591513580655098,1.0001141303179626,0.7294143056340288,0.46678009241092516,SC4002E0-PSG,254
0.6967399178185963,0.34326807884113064,0.48362107649431413,0.5229969022726328,SC4002E0-PSG,255
-0.092257383682945,-0.7817885746882853,-0.4670474848310011,-0.02470711789766121,SC4002E0-PSG,256
0.6388754893223072,0.904957971523835,0.2529949413189789,0.36954627473195056,SC4002E0-PSG,257
0.5824479727942942,0.8392178685421212,0.2089669538838071,0.56403319594876,SC4002E0-PSG,258
0.14449454831173458,0.795270013174283,0.3021378112977842,0.5290590720524512,SC4002E0-PSG,259
-0.2038974269419386,-0.6398209722825046,0.2951311989244148,0.15769381050251755,SC4002E0-PSG,260
0.5823976167306669,0.2524419919815682,0.06266211381696689,0.2455564561720605,SC4002E0-PSG,261
-0.36501386786014417,-0.5826093600489044,-0.9154497378970698,-0.15376530941261318,SC4002E0-PSG,262
1.0887474428604755,1.2412442964633807,0.7880634736700739,0.6211966599963861,SC4002E0-PSG,263
0.34441794845473156,0.44779243312935246,-0.17571245126243146,0.11220114926453068,SC4002E0-PSG,264
0.29207694655891403,0.16914482922348925,0.02175904683084002,0.4825165221408346,SC4002E0-PSG,265
0.7216712812153111,0.4592587926177923,0.17875845712570232,0.5132659693431293,SC4002E0-PSG,266
0.040063431462576175,-0.28413105517347664,-0.29738080805085776,0.45235245977259875,SC4002E0-PSG,267
0.6340845023791024,0.6238029580649752,-0.27084065934962326,0.47037991412282965,SC4002E0-PSG,268
-0.3562875596940937,-0.29995890421471794,0.0433576710572413,0.3926144993493126,SC4002E0-PSG,269
0.4583643664115541,0.7597566240181325,0.1063152495001452,0.361161911898072,SC4002E0-PSG,270
0.33621622390837574,0.6626122326058951,0.575273696396426,0.9467920781640717,SC4002E0-PSG,271
-0.3459392716109377,-0.08093669712423433,0.5300761710531932,0.7118972666407754,SC4002E0-PSG,272
-0.0690809641498834,0.2039985193039419,-0.6373649828677366,0.07486409277043841,SC4002E0-PSG,273
-0.7270991083076566,-0.23924456244187606,-0.40163708880025945,0.12912343925615305,SC4002E0-PSG,274
-0.9155249232269397,-0.2335401306787347,-0.17785037127833092,0.6348624125400141,SC4002E0-PSG,275
-0.7052719384560663,0.3160544328071183,-0.21486319807472307,0.5066649509479468,SC4002E0-PSG,276
-1.2576740341824448,-0.5275577364194763,-0.2929624822838691,0.48605350860819235,SC4002E0-PSG,277
-0.720948296324496,-0.05014386335986912,-0.08070991335907145,0.44314603084158916,SC4002E0-PSG,278
0.16344207899555233,-0.2722538513526012,-0.6716686093892748,0.17681413743760738,SC4002E0-PSG,279
-0.09580992099878047,0.3431733828854762,-0.3564405122617139,0.05532949856675045,SC4002E0-PSG,280
-0.13598543666393165,0.3821653839517724,-0.3068392721066795,0.14241053664102934,SC4002E0-PSG,281
-0.6929227637160642,-0.08510530878322262,-0.7695137455062678,-0.06291350597587037,SC4002E0-PSG,282
-0.5842091814633125,-0.25240933400950333,-0.5132404836554025,0.41343033319174793,SC4002E0-PSG,283
-0.23399756747833328,0.0695305283029792,-0.37481577413836353,0.6571352353693019,SC4002E0-PSG,284
0.27506633491233556,0.8529715417553686,-0.22632570300512173,0.16927528975126732,SC4002E0-PSG,285
-0.7452291640457861,-0.061291425910963315,0.1886469169492929,0.8476752852147774,SC4002E0-PSG,286
-1.1448530740557261,-0.7727789191982933,-0.43336690196558264,0.4927695666186562,SC4002E0-PSG,287
-0.20841880327737372,-0.30908999111125246,-0.906327190640454,-0.018757109098411356,SC4002E0-PSG,288
-0.19432224118772548,0.42393639025423696,-0.9660064597060489,0.24226655453637003,SC4002E0-PSG,289
-1.0264073724060578,-0.15584515692444606,-0.24548747210684757,0.22731739020717578,SC4002E0-PSG,290
-0.32581735876422935,0.8325616058228053,0.8674676541961226,1.1635737566834967,SC4002E0-PSG,291
-0.11329127987002933,0.5802446106252407,-0.6634226171102648,0.11749921108946058,SC4002E0-PSG,292
-0.26752879598218215,0.32649129224612083,-0.8497819108489795,0.02149543115560994,SC4002E0-PSG,293
0.3833580944187298,0.37385022084484354,0.036672317378046604,0.7069515601930452,SC4002E0-PSG,294
-0.3978622659378291,0.35950183786859624,-0.03532250518054985,0.47166946248015634,SC4002E0-PSG,295
0.13055429254398274,0.028350892500381118,-1.447236902877933,-0.30252327610247703,SC4002E0-PSG,296
-0.6189406997494333,0.034439188588759835,1.0298143518894127,1.0488804141815806,SC4002E0-PSG,297
0.14963762117605528,0.1929008682911162,-0.9595142867095993,-0.14670262503829742,SC4002E0-PSG,298
-0.2409305610654667,0.7208847499557678,-0.7089312559907183,-0.39612750778584005,SC4002E0-PSG,299
-0.7269034979908968,-0.6988384035374292,-1.4775811400977454,-0.42825371201487955,SC4002E0-PSG,300
0.023021643413683894,0.5512987894420636,-0.5845988939529324,-0.1316805301293717,SC4002E0-PSG,301
-0.3315512340434964,-0.4911418489732666,-0.8046699889498516,-0.17143328649942796,SC4002E0-PSG,302
-0.6848954113986934,-0.39120357494237035,-0.8425906637906007,0.08052601737570388,SC4002E0-PSG,303
-0.6410987522583371,-0.3349051927254741,-1.1269742131625216,-0.16400942010606515,SC4002E0-PSG,304
0.304173954942169,0.5754201861837054,-0.6336992628498678,-0.06243682961640226,SC4002E0-PSG,305
0.6556472623068276,0.8802100364388602,0.3168893704878195,0.34327884666784364,SC4002E0-PSG,306
-0.8365476294499968,-0.19031639907463302,-1.2179476110499772,-0.28232723173423,SC4002E0-PSG,307
0.06555729926012838,0.3683021805918267,-0.143324900938917,0.33152020001692073,SC4002E0-PSG,308
0.7725687950029808,0.8538832585170029,0.4484307605696326,0.8176396780036329,SC4002E0-PSG,309
0.545784399988968,1.700412393441867,0.37080975707592945,0.43017636809088367,SC4002E0-PSG,310
0.6739497661147344,0.6962087499632351,0.7598404234605401,0.7287875990101318,SC4002E0-PSG,311
0.5135538746515135,0.42476948207495835,-0.10769284070857893,0.2870291256697497,SC4002E0-PSG,312
-0.5119503144180323,-0.6292607195202082,-1.0134615373224607,-0.15110325725273327,SC4002E0-PSG,313
0.17240106209510078,0.7402868857000529,0.581721757025847,0.49880049531019216,SC4002E0-PSG,314
-0.03493307650332249,0.005774592005878869,-0.8468320733172167,-0.12433027972327682,SC4002E0-PSG,315
-0.6829847822788767,-0.5200960753193252,-0.21617635552126938,-0.11959334693793963,SC4002E0-PSG,316
0.5067360335848362,0.2651335483018836,-0.4106694391662325,0.32670966070590285,SC4002E0-PSG,317
0.10040351387846927,0.22007710643224676,-0.2392552031213319,0.18951448952656558,SC4002E0-PSG,318
0.1446784702386438,0.5103194029897246,-0.06285440940084953,0.11237928661317945,SC4002E0-PSG,319
0.5991484894695851,1.0040612080779772,0.33265452798809403,0.4952734626897371,SC4002E0-PSG,320
0.8459627718355066,-0.02607658294423291,0.0533090248660337,0.3361356840772215,SC4002E0-PSG,321
0.23864522963530216,0.2138118137817326,-0.058210493204533295,0.3073332936124608,SC4002E0-PSG,322
0.24786760547517292,0.07413760668564826,-0.18378908359592558,0.3078392253359126,SC4002E0-PSG,323
0.4631536022621884,0.31216105676352707,0.3852678662764558,0.6642990268025186,SC4002E0-PSG,324
0.12170448189909566,0.4711843934479246,0.12794349976869326,0.37347883389760694,SC4002E0-PSG,325
0.5997883011832686,0.6836347643199147,0.40198739332076733,0.5620709024707893,SC4002E0-PSG,326
0.5945132061615793,0.6448672419074362,0.9147942306596394,1.234215959598326,SC4002E0-PSG,327
0.7568267373360053,1.4076250345942503,0.5193249244050323,0.831332100015016,SC4002E0-PSG,328
0.3620082861769028,0.22268729260874578,0.380367957061987,0.7639813110756667,SC4002E0-PSG,329
0.008448907615105748,0.30639020321455857,0.4406428678732634,0.9531792676248064,SC4002E0-PSG,330
0.04689184850199543,0.10174100463227134,1.1056741153928717,1.1581914179311839,SC4002E0-PSG,331
0.6404490726569066,0.41468759700938035,0.47353408238851163,0.6206449209078884,SC4002E0-PSG,332
-0.026277328526405203,-1.365922008543724,-1.2415911149673604,0.012125046961059534,SC4002E0-PSG,333
1.0555521451909538,-0.03662784031607191,0.16782814671377538,0.5771536910719944,SC4002E0-PSG,334
0.47484969777236086,0.8174325269239998,0.7297183862903861,1.0007566184383652,SC4002E0-PSG,335
0.9119605542366827,1.3710767317272006,1.4035861950873398,0.974813026336276,SC4002E0-PSG,336
0.012067360773564085,-0.6458973714991072,-0.8507596120672792,0.4344190509716992,SC4002E0-PSG,337
-0.06765774398958545,-0.461944714814781,-0.5817008373524007,0.12818879271279415,SC4002E0-PSG,338
0.8451399279623748,0.7686077423097358,-0.39199885391366235,0.1862553292983673,SC4002E0-PSG,339
0.473439627022704,0.8904310772646602,0.4549385088814954,0.7393260847521084,SC4002E0-PSG,340
0.6116582958184635,-0.15796791652401584,-0.15455150518176203,0.10153995057044064,SC4002E0-PSG,341
1.1915488811741273,1.1306340963975456,0.5879858667783491,0.6886833738611842,SC4002E0-PSG,342
0.8385566841471158,0.5407443068004874,-0.020274437222424876,0.2539200128928336,SC4002E0-PSG,343
-0.19936593438677486,-0.3819581357006203,-0.6665327649599355,0.19786622130184064,SC4002E0-PSG,344
0.4960661876071547,0.41402314608046253,0.8652001208906673,0.6107803352847772,SC4002E0-PSG,345
0.4125465383644286,0.38879713585706394,0.6657006178968172,0.8604840895106703,SC4002E0-PSG,346
0.4093623383880689,0.5375709703940836,1.2296682150052543,1.0588618253471058,SC4002E0-PSG,347
0.40220683153627157,-0.0065901816306452535,0.09943181752561325,0.3137573897752084,SC4002E0-PSG,348
1.1359138016683727,0.7511705929093498,0.9763560811614741,0.36030643233037474,SC4002E0-PSG,349
-0.4810425641461905,0.05900687760688809,-0.7110327905481384,-0.17586301237260085,SC4002E0-PSG,350
-0.10407734570618232,-0.3337514313534417,-0.6664979792016347,-0.1590183669748383,SC4002E0-PSG,351
0.5341917582695794,-0.2478292727660234,0.14956948211935003,0.426067082518235,SC4002E0-PSG,352
0.6605383169988682,0.8942033188118571,1.8416806790868578,1.4197624974060437,SC4002E0-PSG,353
0.8196295965102545,0.6034205654498521,0.02201384718888992,0.5650803250572991,SC4002E0-PSG,354
0.5757253878303105,0.09185347741436367,0.3287807164552628,0.6013195817507994,SC4002E0-PSG,355
0.2711490959831057,-0.060121774955549434,-0.03838559390125839,0.1424590394316844,SC4002E0-PSG,356
0.7695552984540796,1.5491101741131477,2.51402060281966,1.5971019826561004,SC4002E0-PSG,357
0.27468578162075413,0.11303016172895426,-0.016243627711641485,0.2800618912363117,SC4002E0-PSG,358
0.9370614462394758,0.33422795863559324,0.22656450959469823,0.33049080832498207,SC4002E0-PSG,359
1.0514110228422953,1.0299760171023797,2.0311532954744713,1.9668007167432757,SC4002E0-PSG,360
0.8518868362305819,1.3008355068773128,2.1177674743147006,1.9248036749539421,SC4002E0-PSG,361
1.0540406469149324,0.9524300285934384,1.4575267015419529,1.714185283397989,SC4002E0-PSG,362
1.1257392704566171,1.3688233343255132,1.4225338486745438,1.2021359270386633,SC4002E0-PSG,363
1.1912044981918526,0.9112964172575598,1.8793204396506886,1.5595091389063807,SC4002E0-PSG,364
1.0760900188263978,1.0359922362675933,2.0203389109011223,1.6382953321155853,SC4002E0-PSG,365
0.9980299439432103,-0.2417684880508397,-0.14125513197651682,0.4072333350327429,SC4002E0-PSG,366
1.3976384008594704,1.2056203442602558,1.96692549805862,1.745704883016492,SC4002E0-PSG,367
1.1215537512389697,2.156122645572069,2.1456583281192705,1.6936981233844752,SC4002E0-PSG,368
1.2993694431928071,1.2069741169457453,1.5212464152428773,0.7740041082612525,SC4002E0-PSG,369
0.517226363596922,-0.34025672072038454,0.4212662482660359,0.384862562154748,SC4002E0-PSG,370
0.20505302996918065,0.32570946158805475,0.16818609742919594,0.27173827058595107,SC4002E0-PSG,371
0.5844945473801209,-0.15209365057321664,0.0717547378512477,0.29360299997982175,SC4002E0-PSG,372
0.12230976846008543,-0.5498770894429396,0.12043838522935492,0.20550418052288597,SC4002E0-PSG,373
-0.06306216063450146,0.065025509477042,-0.3433523332633604,0.19204484290606053,SC4002E0-PSG,374
0.03918820735225404,0.04455971737058459,0.6499641730368986,0.5016416343778096,SC4002E0-PSG,375
0.12559645134002723,0.18843562839651798,0.43027407407570284,0.5689097081050427,SC4002E0-PSG,376
0.3035053281829764,-0.10892628224739836,0.579956729140066,0.7462053230353987,SC4002E0-PSG,377
0.6654987133820133,0.9245858057670855,1.773843863050058,1.7717093103383252,SC4002E0-PSG,378
0.9612955794140604,0.8507933771988818,1.8422269015874957,2.0281997322353624,SC4002E0-PSG,379
0.7033157853720376,0.9814568680532192,1.4937859087787715,1.6833956789966533,SC4002E0-PSG,380
0.6591000265301161,1.6509032860298138,2.7611360694277485,1.9006003554504296,SC4002E0-PSG,381
0.6722387503883316,0.7970434597420194,1.7487649171600173,1.470623538109331,SC4002E0-PSG,382
0.7998205838074295,1.0530786237225176,1.7720430060684726,1.5100077422670761,SC4002E0-PSG,383
1.0781498371574862,1.321999904360456,2.628149367528981,2.0407823600470896,SC4002E0-PSG,384
0.5082282129090094,0.48275360726129596,0.9882136721212407,0.8616305980043837,SC4002E0-PSG,385
0.45214024235858635,0.20097414693149757,0.0878781037346617,0.3189256355744057,SC4002E0-PSG,386
-0.3692331736714609,-0.440321721044404,-0.1882863437388075,0.11845848222382228,SC4002E0-PSG,387
0.8248211373957591,0.25626055826404043,0.36367418394919104,0.5358440612008258,SC4002E0-PSG,388
0.6976293168019482,1.0389216657561908,1.5855380557984031,1.2593664671992348,SC4002E0-PSG,389
1.3431172504813698,1.2730680147398319,2.0075980089940137,1.5447077621655854,SC4002E0-PSG,390
0.541836900488997,0.29548972430441345,0.778221437704898,0.8999908898082757,SC4002E0-PSG,391
0.6050522204493859,0.8849288511740153,1.2697629641818715,1.241610820094436,SC4002E0-PSG,392
0.2066102518182395,0.8054804358309879,0.8535550101009043,1.077384895692754,SC4002E0-PSG,393
0.6780140019511167,0.19002395770970962,1.1365384037777273,1.0843823105477304,SC4002E0-PSG,394
0.8482781903854364,1.3542539313249184,1.4008642215284917,1.2930799746664265,SC4002E0-PSG,395
0.5013669739188463,0.5388658005956668,0.28121575566038715,0.4968279640402461,SC4002E0-PSG,396
0.28218434527740177,-0.6637306678102298,-0.046443735996767106,0.44320874468909993,SC4002E0-PSG,397
0.458443922833109,0.3049687309091375,0.049227574153941564,0.5384921142088188,SC4002E0-PSG,398
0.5451776253635287,0.769835092560211,0.24189342685432366,0.5931465461911292,SC4002E0-PSG,399
0.4676422137904685,0.7954736927394247,0.9377032777901939,0.8103438889785656,SC4002E0-PSG,400
0.1438741837247546,-0.14299208269535366,-0.019322999505618662,0.46050411837861854,SC4002E0-PSG,401
0.45186863492552426,-0.3129975765509562,-0.461083394775618,0.39373392456413725,SC4002E0-PSG,402
0.7630854310653419,0.4968324795973069,-0.0277463387373415,0.6516050352051526,SC4002E0-PSG,403
-0.34504183467921046,-0.4369156495695032,-0.5159505152747611,0.18488363558282894,SC4002E0-PSG,404
-0.657735993586795,-0.22529137848200118,-0.21266505549359718,0.43852635753249536,SC4002E0-PSG,405
-0.5012203759074809,-0.3204722706139468,0.20867441084226243,0.8424657320808755,SC4002E0-PSG,406
-0.11563707965156447,-0.6637209082684455,-0.4771693087244516,-0.15758759551366333,SC4002E0-PSG,407
-0.1353528116807115,-0.31845308019559077,0.1265137298466256,0.35357539237801394,SC4002E0-PSG,408
0.06759355638273185,-0.39051315401985554,1.0461573021657602,1.1364584276534393,SC4002E0-PSG,409
0.8650097817335027,1.611528514425412,2.8095759148245403,2.242891938686027,SC4002E0-PSG,410
0.24305614538000625,1.0564676413366818,2.1300855585711305,1.6452605908714062,SC4002E0-PSG,411
0.34517601542998155,1.1258364742457112,2.039172884813367,1.7647114123625067,SC4002E0-PSG,412
0.7374089418082512,1.3638199039376455,1.690984392697517,1.600523644602588,SC4002E0-PSG,413
1.0959169496370678,0.628734329403567,1.3554587415937833,1.348324035745066,SC4002E0-PSG,414
1.0006994983562592,0.5534306076601315,1.0594069445315881,1.2537366709008153,SC4002E0-PSG,415
0.5717742043363484,0.9056292698635756,1.0358553880910353,1.020752537177854,SC4002E0-PSG,416
0.9065747903292031,1.114056341182858,0.8114452544173705,1.049544890078897,SC4002E0-PSG,417
0.7651330115370414,0.7377947067207913,0.3381123419676462,0.5623072120567904,SC4002E0-PSG,418
0.5592684680656911,0.17193905803916348,0.5367200461379895,1.0415224252244832,SC4002E0-PSG,419
0.04175851306759212,-1.0310464520220461,-0.16689443939583037,0.5647964077882875,SC4002E0-PSG,420
-0.3411708471779462,0.009191897536905119,-0.12285871119103643,0.27264810746061174,SC4002E0-PSG,421
0.22475108865425059,0.2661864206363754,-0.05251978960410829,0.30005518266086423,SC4002E0-PSG,422
0.7152767774476337,0.42825936090257555,0.5340719929277051,0.5468321556273641,SC4002E0-PSG,423
0.0927848598403048,-0.22607448372768676,-0.035932595620186365,0.19026329772574274,SC4002E0-PSG,424
0.5477658427119628,0.5665870366912104,-0.08812256655809611,0.6210403868614489,SC4002E0-PSG,425
0.586545604807611,0.2833314858782382,0.5914005260608484,0.630258872211657,SC4002E0-PSG,426
0.41288749425413107,-0.05028116974349559,-0.03115975558149417,0.6513449312164896,SC4002E0-PSG,427
0.2163998813886474,-0.5506190335641605,0.4595513775029371,0.42764625994860245,SC4002E0-PSG,428
0.16350740537474867,-0.46071656344303585,-0.16644003810018698,0.3989226184320257,SC4002E0-PSG,429
-0.0642748242747196,0.25855254973242137,-0.4248731039790768,0.4376631602016889,SC4002E0-PSG,430
0.5727998374146227,0.6763306535085034,0.14826027561854516,0.8370375357262609,SC4002E0-PSG,431
0.4720980417419005,0.2140390986215471,-0.07741519813541478,0.523319006461079,SC4002E0-PSG,432
0.3464044800574756,0.05176197768659006,-0.1563067541335424,0.27167479603128664,SC4002E0-PSG,433
0.4724219878084888,0.04700590000632075,0.7793490494991512,1.0963407136620482,SC4002E0-PSG,434
0.333880110165609,-0.1571355422428921,-0.040717992477658664,0.19053143567188272,SC4002E0-PSG,435
0.6055658012425678,0.7711111018267693,0.7334364128069929,0.955639769670422,SC4002E0-PSG,436
0.13333682755891874,-0.44235555696410883,-0.19194700584733804,0.3628477038619376,SC4002E0-PSG,437
0.617160228217161,0.35260796146560053,-0.14076757022274577,0.47866507248788476,SC4002E0-PSG,438
0.4074208770344607,0.18508556993435918,0.23338830702512386,0.4235451808757171,SC4002E0-PSG,439
-0.19985812101805517,-0.7955643613672069,-0.440236763009822,0.04852154820718057,SC4002E0-PSG,440
0.8627853985058659,0.3494679220223307,0.1582912532385507,0.632822004960929,SC4002E0-PSG,441
0.0001937158589132874,-0.20477758860908712,-0.34852600221017677,0.2581709675662247,SC4002E0-PSG,442
0.69068093286787,-0.21778907189693547,-0.07795055399136328,0.22732017364245552,SC4002E0-PSG,443
0.6350611086443336,0.4405999527520186,-0.13024573203293624,0.5089465291340984,SC4002E0-PSG,444
0.7450332951850038,0.8159605125243495,0.6799078462191708,0.8649422093174727,SC4002E0-PSG,445
0.5019572890858227,0.062224640237933115,0.15569478918033247,0.5365364202325675,SC4002E0-PSG,446
1.0683387242135214,0.9212224721100564,0.9514678161200423,0.7615669047657949,SC4002E0-PSG,447
0.0013904424744779751,-0.7728017783630425,-0.4324946822846756,0.30753039171820057,SC4002E0-PSG,448
0.8484960733719871,1.4377893448582435,0.5681571707338804,0.5415266147732839,SC4002E0-PSG,449
0.5479113413684863,0.06537582265786905,-0.6665219157518844,0.1885063927603612,SC4002E0-PSG,450
1.0753160341353467,-0.2508012747085728,0.20721477947705358,0.6789037767572305,SC4002E0-PSG,451
0.4106968606868912,-0.12765562448948628,0.11275448584182306,0.3945710700911705,SC4002E0-PSG,452
0.45331096462443404,-0.3583378322700744,-0.3478461461042951,0.1838310504276935,SC4002E0-PSG,453
-0.12083874097101634,-1.027641292671014,-0.33131673709700643,0.2764469604558725,SC4002E0-PSG,454
-0.0742557544487676,-0.798552377001397,-0.4395449245454994,0.1648474450862841,SC4002E0-PSG,455
-0.24592350965717003,-1.1454060757231748,-0.6549633233408224,0.10219245816821429,SC4002E0-PSG,456
0.47879036006924414,-0.33325667532462516,-0.005843085560145317,0.6093329767627591,SC4002E0-PSG,457
0.26498387697975057,-0.12158012347790792,-0.002356799738066965,0.4087083456424616,SC4002E0-PSG,458
0.09381433545192709,-0.891629714826905,-0.7734274345886979,-0.012771234799594498,SC4002E0-PSG,459
0.23238081500227858,-0.03933207137253951,-0.1432425753525906,0.5284782134754857,SC4002E0-PSG,460
0.32204521369957184,0.600233963749443,-0.2015364799948596,0.35135441532461864,SC4002E0-PSG,461
-0.016752687799354158,-0.4333099642099987,-0.3616003400228814,0.3055746270068104,SC4002E0-PSG,462
0.5526446546451237,0.8069723644192631,2.6425755341085804,1.772356811554613,SC4002E0-PSG,463
0.6143845853233824,-0.04269811874548967,1.1388884218890807,0.917380579925047,SC4002E0-PSG,464
1.0967670653388657,1.1576989187763465,2.356834898897744,1.8297509728620704,SC4002E0-PSG,465
0.791902408610376,1.2870701105117353,2.462983400520403,2.024197508763448,SC4002E0-PSG,466
0.38415468592435326,1.3113658528221976,3.0898657127124727,2.3995421836544475,SC4002E0-PSG,467
0.5914026174751225,1.4915906753421213,2.2179227086972486,1.8891927184740882,SC4002E0-PSG,468
0.6701552599859393,1.140144724530619,1.1943081212472986,1.1374395047338812,SC4002E0-PSG,469
0.003876307235069697,-0.2763420288741653,-0.385341703460176,0.14223669293437166,SC4002E0-PSG,470
-0.257613627304758,-0.7939798635229344,-1.0602688701413114,-0.3904641326103092,SC4002E0-PSG,471
0.2585191191246233,1.3985804374647388,-0.05183564016222178,-0.02202825775358593,SC4002E0-PSG,472
-0.6614027949391608,-0.18245243137358608,-0.7649548002826438,-0.4789982673538653,SC4002E0-PSG,473
-0.4052079833168493,0.5493765493911379,-0.7279931413923938,-0.5363132995168088,SC4002E0-PSG,474
0.10453842279759662,1.3373528003842052,-0.007934259741670576,-0.43739329868855203,SC4002E0-PSG,475
-0.22591285977611633,0.2892455975196501,-0.5297927616780094,-0.34115587773260814,SC4002E0-PSG,476
0.3815855095088268,0.8437626709051392,-0.05093042807342871,0.2850324751185336,SC4002E0-PSG,477
0.7017144472190423,0.9670130076467799,0.11788601931021583,0.15110703633770395,SC4002E0-PSG,478
-0.09815861287315537,0.9028930495826977,0.06400854162635282,0.49141528366031145,SC4002E0-PSG,479
0.339850465557912,0.15605666356962944,-0.11799285323202385,0.47130598412376745,SC4002E0-PSG,480
0.2973534976787888,1.3256756667486098,-0.3701340643916236,-0.4324162593085625,SC4002E0-PSG,481
0.42182445187522577,1.49694670315888,-0.6857180296481182,-0.41591774271454635,SC4002E0-PSG,482
-0.04736037439326123,0.43311882821584585,-0.47411642847669216,-0.17959782564955346,SC4002E0-PSG,483
0.0904276120193006,0.41107064133501914,0.1551331791230364,0.6314422999392693,SC4002E0-PSG,484
0.2289319696685175,1.5877844504889773,1.3655100838171572,1.2570240924503127,SC4002E0-PSG,485
-0.1688939397039397,-0.004763631987761441,-0.25239584448794045,-0.07712774275431795,SC4002E0-PSG,486
-0.12805563828207853,0.7687238931910427,-0.7773363709312681,-0.5721269892101498,SC4002E0-PSG,487
0.40589557465913534,0.35548129656659666,0.543221280211702,0.6068105352150711,SC4002E0-PSG,488
1.1604102100887037,1.0889909207498985,1.179267652907025,1.1789914980337404,SC4002E0-PSG,489
0.13529241923935864,-0.6806917322341058,-0.323341255205362,0.15606462243903663,SC4002E0-PSG,490
-0.0837844040363107,-0.7817799473782502,-0.14942583499803175,0.3646676029476087,SC4002E0-PSG,491
0.022300467362049967,-0.5377366463460708,-0.5405893764156099,0.2437576520586838,SC4002E0-PSG,492
0.32340422333475516,-0.2601726157159664,-0.024006675997674386,0.41439156852642106,SC4002E0-PSG,493
0.26286423081206195,-0.5033894753073929,-0.06384696759248393,0.2541652917558235,SC4002E0-PSG,494
0.07297551325821082,0.2843196186305385,0.3244771183663678,0.5758566119130764,SC4002E0-PSG,495
0.22365416089402465,-0.11384075585412938,-0.06314843059773832,0.34893283665453156,SC4002E0-PSG,496
0.16221675097207983,-0.7796551364973887,-0.7197491082436647,0.48036496791306854,SC4002E0-PSG,497
-0.28774641544036944,-0.8512038403815007,-0.9591401910020012,-0.17582523064638017,SC4002E0-PSG,498
0.20557852388756195,-0.2550571441396988,-0.6119825698259321,0.14289627646392433,SC4002E0-PSG,499
0.2394399864186639,-0.048307398769614145,-0.07462909237900182,0.47723276291308125,SC4002E0-PSG,500
0.31155519815419086,0.8988791068110579,0.4691487072083428,0.4632042980343594,SC4002E0-PSG,501
0.2767321851130165,0.025152419005638162,-0.17352501556244715,0.36467989794134836,SC4002E0-PSG,502
-0.0872365980420287,-0.29239142167432247,-0.8708118546109984,-0.23435146124498002,SC4002E0-PSG,503
0.0793395568352394,0.18944101375892625,-0.2709818370824865,0.14515916708798862,SC4002E0-PSG,504
0.408739251501711,1.4993662671393952,0.3474551308761916,0.3633549996128678,SC4002E0-PSG,505
-0.9138983184800842,-0.42072893889899715,-0.11071377508879958,0.4752056420882643,SC4002E0-PSG,506
0.26570596642349087,0.8167177556466182,0.6265536733715732,0.9209448818505411,SC4002E0-PSG,507
0.1013598695137638,0.507103593734124,-0.04846421037449644,0.314765841786691,SC4002E0-PSG,508
0.5486949967148173,0.3382357502701736,-0.18988055989986444,0.5414146988097929,SC4002E0-PSG,509
-0.8369689042676447,-1.1563369960725178,-1.271010989728547,-0.18106283010232818,SC4002E0-PSG,510
-0.6749427599415803,-0.455984578541253,-0.6872731140875458,-0.0018389164960207144,SC4002E0-PSG,511
-1.0679631924159558,-0.8556666945897927,0.15415662299529373,0.7213397607517188,SC4002E0-PSG,512
0.20618115032589654,0.7704981894638736,-0.03291083273998264,0.11148106875315951,SC4002E0-PSG,513
-0.42788565873021195,0.24576986598761896,0.36226834360854715,0.25587929126734793,SC4002E0-PSG,514
0.18674755613026314,-0.1718466069823966,-0.729336844875557,-0.04207285571275026,SC4002E0-PSG,515
0.4101615079669948,0.9480145972203605,-0.2680554497174338,-0.5791329974313176,SC4002E0-PSG,516
-0.19855168816809066,0.23984420832655567,0.262372369726067,0.48219933441691076,SC4002E0-PSG,517
0.22582469621623982,0.8238149401803074,0.0646209733494094,0.17238257607821222,SC4002E0-PSG,518
-0.5360362707311779,-0.01774385130656766,0.2128233739705181,0.7837041484324152,SC4002E0-PSG,519
-0.6320217969106673,-0.19951577743942073,-0.1200604762557148,0.5435161012005159,SC4002E0-PSG,520
-0.3214413869743576,0.41902292182631196,-0.3015163462572097,-0.06635001945150232,SC4002E0-PSG,521
0.003318274947725843,1.1438870364130433,0.15610257075664133,0.49350033403193083,SC4002E0-PSG,522
-0.029673600065907937,0.29494150173451494,-0.34586633083525964,0.25039192259836085,SC4002E0-PSG,523
0.21427767775220619,0.32208528665336467,-0.5395740226554595,0.18307109479931363,SC4002E0-PSG,524
0.41479259105585475,0.23008564568683115,0.1715633970335912,0.3118562516212341,SC4002E0-PSG,525
0.004768554804417097,0.13207012042063324,-0.015348091937315398,0.3992593312278659,SC4002E0-PSG,526
0.537168677130889,0.7526706117398579,0.3016729828556031,0.4607445850152076,SC4002E0-PSG,527
0.6038921419788859,0.219289835248497,0.24315627623569588,0.5833130439572649,SC4002E0-PSG,528
0.7718554061560963,0.6811365527644944,1.0006913867864693,0.7648819108235257,SC4002E0-PSG,529
0.5578962545508735,0.8228215687374659,0.4382110807475473,0.6704219581402042,SC4002E0-PSG,530
0.25562948278484837,0.07864538373446366,0.2734068088308928,0.5098558571591227,SC4002E0-PSG,531
-0.07709957451849171,0.20418515809036988,-0.033081849550079735,0.7310512888749093,SC4002E0-PSG,532
0.26109774152050186,0.3282544639916452,0.8231734641341331,0.9017155615861702,SC4002E0-PSG,533
-0.3263582420347632,-0.9625789094987203,-0.2557726973540091,0.5027673534419457,SC4002E0-PSG,534
-0.7053468438702039,-0.5977194113292927,-0.33400555388112313,0.4004509783349034,SC4002E0-PSG,535
0.6859264619368973,0.7319129297772407,0.49400577009113006,0.6665443205888427,SC4002E0-PSG,536
-0.45690314417046807,0.12033752282648755,-0.7819645853986799,0.05396216736833086,SC4002E0-PSG,537
0.256902095851286,0.20159071115936217,0.41045253512242846,0.4583605951802753,SC4002E0-PSG,538
-0.10875804335107185,-0.6907473141008553,-0.16979201763052715,0.5439669993084827,SC4002E0-PSG,539
-0.26047595731830303,-0.06794946963258808,-0.3516028695991649,0.45973342381425764,SC4002E0-PSG,540
0.09720552244386417,0.3725918832372277,-0.03340991214574402,0.3969686338729641,SC4002E0-PSG,541
-0.2719398757780033,-0.5659809435281576,-0.9642100707757594,-0.06819045999177109,SC4002E0-PSG,542
-0.2288462689053472,-0.8496630877109947,-0.44544858537107745,0.24668550996658078,SC4002E0-PSG,543
-0.06713373504489271,-0.2241020347696605,-0.24316167491516105,0.1842004740461061,SC4002E0-PSG,544
0.15785484096136362,-0.2623439323665342,-0.4534835174858512,0.2652221174838431,SC4002E0-PSG,545
-0.08075882894737935,-0.614561303892872,-0.5061333020827407,0.07469117009523703,SC4002E0-PSG,546
0.6182175313408717,0.3420200498337777,0.06048008893848245,0.44062522385858405,SC4002E0-PSG,547
-0.2577772096345915,-0.1640240318452129,-0.48361837177212263,0.19111252213702093,SC4002E0-PSG,548
0.10345744634082965,0.1896809920466032,-0.0004932677779544804,0.5972193193316245,SC4002E0-PSG,549
0.2938630629066415,0.034105399728352206,0.15752507809391164,0.35777907777272905,SC4002E0-PSG,550
-0.17195080512329863,0.6631477357796653,-0.42785668741470817,0.18647550680597705,SC4002E0-PSG,551
0.046155332081857715,0.08184736768841808,-0.2805069846503194,0.2903598751780895,SC4002E0-PSG,552
0.00908964524018942,-0.12682271127044561,-0.27128202325153583,0.32523155517195557,SC4002E0-PSG,553
-0.6963047238289565,-1.2317885703167912,-1.1528690152218457,-0.024009908700140897,SC4002E0-PSG,554
-0.9763224840104088,-0.6121405540912627,-0.7610540203044149,0.029818444671269418,SC4002E0-PSG,555
-0.2266283021618547,-0.7513611811391693,-0.03702111283751892,0.09559580307124228,SC4002E0-PSG,556
-0.11198609030090086,-0.47930093997759005,-0.0957873479548728,0.4794966089573868,SC4002E0-PSG,557
-0.37775560846798933,-0.6694955407080211,-0.5203670984367328,0.25217230512095773,SC4002E0-PSG,558
0.3838665236763105,0.11293806286777326,-0.07205510527486285,0.311393261649157,SC4002E0-PSG,559
0.06430151754313478,0.09841200196747861,-0.28120867812689515,0.16839044402821488,SC4002E0-PSG,560
0.7357570352366406,0.6896908443069273,0.6481077071464114,0.5450220757583742,SC4002E0-PSG,561
0.0758002859005817,-0.8358662710022366,-0.5966376855067823,0.16107241847100842,SC4002E0-PSG,562
0.32783585039197,-0.005596489666916936,-0.19530953002584908,0.41704716483390647,SC4002E0-PSG,563
-0.042903456918056124,0.3008854405070308,0.05578633625587177,0.5188701836282322,SC4002E0-PSG,564
-0.3408285472052041,-0.4562327012378889,-0.9874579300606208,0.0017827748137426765,SC4002E0-PSG,565
0.5070194387840926,0.6341113419707464,-0.07773692764423923,0.4630222305860069,SC4002E0-PSG,566
0.5983738757810476,0.13376689874852046,0.13171112456746947,0.3586569288783364,SC4002E0-PSG,567
0.1055251764350504,0.04798852663057817,0.37494993976149876,0.9992503102998967,SC4002E0-PSG,568
-0.20164089030079868,-0.8070133195105585,-0.5350683471279045,0.2598995978235234,SC4002E0-PSG,569
-0.8247891770888413,-1.1164603222441505,0.4589924325278851,0.8153419560454014,SC4002E0-PSG,570
-0.6511977639334281,-0.18126978216906073,-0.3946873672005632,0.49221662385485815,SC4002E0-PSG,571
0.2207559544680225,-0.952505802336746,-0.5956293626362646,0.18219109946248288,SC4002E0-PSG,572
0.013207527268165629,0.3004867778385118,0.07977658424050023,0.6422804176065278,SC4002E0-PSG,573
-0.6233097471769004,-0.89788991741776,-0.3069062782719407,-0.040177626519481875,SC4002E0-PSG,574
0.41538136331358483,0.055816047186188655,-0.17210022475566597,0.1797147513696649,SC4002E0-PSG,575
0.2933060477235002,0.25804550004176685,0.13395540834131167,0.3092214505525493,SC4002E0-PSG,576
-0.6639801734303024,-1.3814033445981884,-0.6741809949402681,0.15963058120687731,SC4002E0-PSG,577
0.29177071502461865,0.020511060299306848,-0.03771137281308444,0.5625792334788071,SC4002E0-PSG,578
-0.3867035240285322,-1.1488211975015399,0.18477125336392283,1.0419502954396127,SC4002E0-PSG,579
0.38024347750409976,0.2560392729764311,0.9454931913552689,0.8954710664460972,SC4002E0-PSG,580
0.5592797174800538,0.22842476461616487,0.46213517249114333,0.6703617563055456,SC4002E0-PSG,581
-0.9338695083995847,-1.2124745374506163,-0.7033453862971589,0.04397367502775188,SC4002E0-PSG,582
-0.2069250392471848,-0.921655245211237,-0.5446126827899369,0.20941866827192646,SC4002E0-PSG,583
0.26698515592048977,0.7060635720737767,1.746563711953737,1.4568524621406236,SC4002E0-PSG,584
0.34059361733761967,0.4820601731852551,0.0733574441450592,0.36997836981366533,SC4002E0-PSG,585
0.5229770376558258,-0.5387907383225673,0.1574306031576309,0.4124658310586674,SC4002E0-PSG,586
0.20426700634298284,-0.21634203976212743,-0.12796282285306032,0.4615537174538724,SC4002E0-PSG,587
-0.10700046150469429,0.13822814105563141,-0.09964826958999344,0.2820312475805888,SC4002E0-PSG,588
0.3428802283586484,0.03204513639923484,-0.19135814669229478,0.35226937533244423,SC4002E0-PSG,589
0.45886411328235266,-0.02770120009516895,-0.037665715858488324,0.6078263272049016,SC4002E0-PSG,590
-0.5029528746715053,-0.48062067150475285,-0.49546670142656146,0.302536800284312,SC4002E0-PSG,591
0.09083896791135158,-0.5063706052538028,-0.5399348574602842,0.20418516493397862,SC4002E0-PSG,592
0.015529202086278162,-0.050882092414472904,0.18625095125804747,0.4162137936521547,SC4002E0-PSG,593
-0.6363363077303458,-1.215861571810765,-0.6196976828683005,0.02784252362756264,SC4002E0-PSG,594
0.3713502970135709,0.7717229740387151,0.8587334274333775,0.9405720226343313,SC4002E0-PSG,595
-0.40621062252259005,-0.6182913432096864,0.03621336037832071,0.627264178089816,SC4002E0-PSG,596
-0.333693458357813,-0.3583988323952293,-0.43915223993753016,0.5951130581769031,SC4002E0-PSG,597
-0.8185595992677829,-1.3810840659596615,-0.9539463663960152,0.2364971932878084,SC4002E0-PSG,598
-0.40011987062243615,-0.934048249630944,-0.3933597378055903,0.4615523637995034,SC4002E0-PSG,599
-0.40891679372441797,-1.0374291651967138,-0.4545366718785603,0.3426572843682936,SC4002E0-PSG,600
-0.5924862216705461,-0.6755321764043988,-0.09195486601262967,0.5399657939056645,SC4002E0-PSG,601
-0.6695726005292528,-0.7191172475587322,-0.1951210807755973,0.5184825664915664,SC4002E0-PSG,602
-0.3188757176947487,-1.1116185754657637,-0.5220757542432795,0.37099259661685724,SC4002E0-PSG,603
-0.41598616783913084,-1.1112350475530672,0.10545657032631708,0.5622417277169878,SC4002E0-PSG,604
-0.10550569332031307,0.43877986319949386,-0.014388188865769902,0.45815894032773335,SC4002E0-PSG,605
0.2760692584188049,0.2689279535314197,0.1637350461844761,0.6968013212933771,SC4002E0-PSG,606
0.27891129948498555,0.11960728812254441,-0.14677743741250712,0.4717273921687857,SC4002E0-PSG,607
-0.8085359007083427,-0.9583347717123714,-0.765557793395159,0.10860823252142882,SC4002E0-PSG,608
-0.24019051441612116,0.23601805644247453,0.401073331053453,0.6403384526809628,SC4002E0-PSG,609
-0.6726654423264997,0.28593458203712896,0.31268662177014195,1.0017243417370463,SC4002E0-PSG,610
-0.21007966937856445,0.5974431867658175,0.808149831595355,0.9573061643852387,SC4002E0-PSG,611
-0.11680117743051845,-0.12693673768582578,-0.038150944458830806,0.6605821516598867,SC4002E0-PSG,612
-0.11280222610958088,0.5400721249465174,-0.15220139417444553,0.4844776189950705,SC4002E0-PSG,613
0.1478864918000678,0.17978968241761578,-0.01373443072530211,0.29515372742472545,SC4002E0-PSG,614
0.5392856109701093,-0.08869069031255282,0.04653171408418951,0.7569030149892203,SC4002E0-PSG,615
-0.19960317984947945,-0.692021696762646,-0.5889960847189278,0.10922977249919505,SC4002E0-PSG,616
0.16271063956383613,-0.18352932847195944,-0.06278728932520623,0.8092292194347602,SC4002E0-PSG,617
-0.053122965608391234,-0.2184642496651071,0.5315289769005719,0.9526668333147049,SC4002E0-PSG,618
0.009460384143788464,-0.6796107619692436,0.20088728842294135,0.7111886852076427,SC4002E0-PSG,619
0.25543637377539774,-0.7102789877716182,0.24675993390890782,0.7755396879636793,SC4002E0-PSG,620
0.4781806059651982,0.5075000882144842,0.11442029398179443,0.5069286076062814,SC4002E0-PSG,621
-0.17193285000985797,-0.30667507168026037,-0.21328069995380605,0.36273169038360703,SC4002E0-PSG,622
0.10082923780145787,-0.6553875364679477,-0.38923254431059834,0.10555848954095053,SC4002E0-PSG,623
0.379844293273518,0.9092223424231298,0.3443755482634768,0.43898609212463957,SC4002E0-PSG,624
0.17119785407710036,0.7815311997888689,0.3170641142013322,0.42626699749367536,SC4002E0-PSG,625
-0.5762365319128481,-1.0770201478807095,-0.9981772242756065,0.06482482080723452,SC4002E0-PSG,626
-0.3165159156010479,-0.29523098124786357,0.8825395719136832,1.178938371279644,SC4002E0-PSG,627
-0.050170229440188806,0.11961819321157885,-0.28534907983699714,0.2153057525723843,SC4002E0-PSG,628
0.7874382856990725,2.586540481618538e-05,-0.2961586399574619,0.4344461775353269,SC4002E0-PSG,629
0.5559968796940625,0.735343940228403,0.23407461043547184,0.41837041385783486,SC4002E0-PSG,630
-0.04644555720385648,0.16893681837861554,0.16581103465461366,0.5088506444991284,SC4002E0-PSG,631
0.39824287043600337,0.48332888424353043,0.20068119244791138,0.8012817916672411,SC4002E0-PSG,632
0.23388445724637447,0.5695798815695459,-0.20717833677916023,0.29731040743449183,SC4002E0-PSG,633
0.35823929823736483,0.7181194955578051,0.53741505284226,0.5342677900799891,SC4002E0-PSG,634
0.47564293908760974,1.0476693608668115,0.16441805978034063,0.4523833576554403,SC4002E0-PSG,635
-0.035945597282600696,-0.35090647057804414,0.26424997262760735,0.47191231083808166,SC4002E0-PSG,636
0.8649221053290364,-0.4902750798480865,0.24599118302247017,0.541965808670876,SC4002E0-PSG,637
0.8585099157003956,0.5264049021814945,0.4594533390703704,0.5983087999497697,SC4002E0-PSG,638
0.4201747343274911,-0.26575931965083305,0.7149363960902186,0.9736421868879205,SC4002E0-PSG,639
1.294585008886691,0.15550520853852673,0.6222273331788697,0.9095810190219071,SC4002E0-PSG,640
1.0809234495818933,0.5896768156779293,0.9631824543332781,0.769710589200782,SC4002E0-PSG,641
0.8359514106432232,0.4975387772515165,-0.33849911744619654,0.05944431528107777,SC4002E0-PSG,642
-0.11098442671900922,-0.42023192411072585,-0.42246795081842015,-0.02839135651962906,SC4002E0-PSG,643
0.7079514550681125,1.584433393428492,0.7385818571879404,0.4127548080700499,SC4002E0-PSG,644
0.8558285638900411,0.5709650799387472,0.47570862062474106,0.42920699316158717,SC4002E0-PSG,645
0.7136232323122779,0.3771816455391968,0.47072658689655994,0.40418233781910484,SC4002E0-PSG,646
0.16654073393585525,0.6350582242966829,0.9544946218695983,0.8033386327935778,SC4002E0-PSG,647
-0.5118884243946202,-0.5220349165365122,0.6275202009041565,0.7656835214019684,SC4002E0-PSG,648
0.4352099668691433,0.689984501325118,0.709658130058978,0.7392720705282926,SC4002E0-PSG,649
0.03838846448139176,0.568633143756856,0.6204983679046895,0.6787581884886507,SC4002E0-PSG,650
-0.27103074490779616,-0.977237037146472,-0.7813127732514776,0.055300240940851585,SC4002E0-PSG,651
-1.467828101346674,-1.7043135787813672,-0.8454443581047596,-0.17060639609282063,SC4002E0-PSG,652
-0.018603580629794666,-0.332058342693569,-0.4420731604718733,0.4020659942143779,SC4002E0-PSG,653
-0.3513505075105937,-0.49175851045567065,0.04727890748708137,0.27907219319423077,SC4002E0-PSG,654
0.7730377608476935,0.9045316070548332,-0.0022772044157172043,0.4130026641386799,SC4002E0-PSG,655
-0.026293140881881595,0.06526389580862775,0.5084342350229191,0.7451469489432497,SC4002E0-PSG,656
0.5509778691209934,0.025081000935365534,0.5938365940306982,0.7093568685556142,SC4002E0-PSG,657
0.4385718485586533,0.469756995213698,0.3394932091849651,0.5699960217516897,SC4002E0-PSG,658
0.1830058886767106,0.5074169873918775,0.1679921560121935,0.5207948352642489,SC4002E0-PSG,659
0.44396505721552654,0.7463620452939577,0.14681926596175615,0.5609182214246355,SC4002E0-PSG,660
0.6652873535630973,0.5944736680882957,0.5679252297600383,0.6124064297822788,SC4002E0-PSG,661
0.44104252197943117,0.1729910697787256,0.6331540907076679,0.787611566315313,SC4002E0-PSG,662
0.10455393722942931,-0.11006804984222626,0.3148464607350544,0.8522134243294797,SC4002E0-PSG,663
0.5493525641259885,0.5005050173958857,0.5390030003380779,0.7555435697710002,SC4002E0-PSG,664
0.9136693171715877,0.5350074052415016,0.4023743452981184,0.7684800368328025,SC4002E0-PSG,665
0.45473824147112085,0.03805195101310086,1.0137794646339546,1.0422022664880173,SC4002E0-PSG,666
-0.14907087461378557,-0.8064173744377802,-0.08101816158749976,0.5458989750176627,SC4002E0-PSG,667
-0.3906281524973396,-0.08992144203177246,-0.7094166644540255,0.33799242264370777,SC4002E0-PSG,668
-0.022338030107704375,-0.027100076198926053,-0.16791005983228677,0.7442146928281794,SC4002E0-PSG,669
-0.5900402277108204,-0.7486831266565226,-0.9114460684269977,-0.13106408384596946,SC4002E0-PSG,670
-0.4585875861011106,-0.17772397104056337,-0.1690101340784386,0.5448841843071985,SC4002E0-PSG,671
0.16554118255406952,0.08002891090093511,0.017635907732577033,0.4262275261474067,SC4002E0-PSG,672
0.193286862595954,-0.027026307827698277,-0.09645358367560791,0.5577165223088338,SC4002E0-PSG,673
-0.16697544640688308,-0.06803444187089236,-0.3855588718236527,0.2612546750285155,SC4002E0-PSG,674
0.5879086145050803,0.7963582669846871,0.5825548024716106,0.8621827159450892,SC4002E0-PSG,675
0.6845402174087233,0.9816429615662636,1.7632135118296277,1.6421639350123904,SC4002E0-PSG,676
0.6718228491977472,1.1371960819395743,0.5076055557240969,0.946979735554665,SC4002E0-PSG,677
-0.525067469788853,-0.7000494628201165,-0.2874201802674518,0.3539399311937233,SC4002E0-PSG,678
-0.332782376819964,-0.24399649057770056,-0.4991757324069575,0.22887683853990637,SC4002E0-PSG,679
-1.78840274274548,-1.6128674664364357,-0.2211132802325372,0.5254228744807059,SC4002E0-PSG,680
-0.8690219773977554,0.10651867562225821,0.8400155632868367,1.2002343708295662,SC4002E0-PSG,681
-0.49155965973052274,-0.040062708382999926,0.11055898211260189,0.5601966194052721,SC4002E0-PSG,682
0.44619975818360974,0.6371678264814746,0.48795493335156304,0.9381851730238915,SC4002E0-PSG,683
0.20952377453326343,0.37630811087381233,-0.26356190119660633,0.5266509610014642,SC4002E0-PSG,684
-0.6410292146426352,-0.3762779397054108,-0.1826839619758296,-0.060526526525643234,SC4002E0-PSG,685
-0.101259207315113,0.5914447246106013,0.4216289168553074,0.016423205437319656,SC4002E0-PSG,686
-0.2230416497649899,0.49598151461909534,0.16577850512174255,0.2876138953169019,SC4002E0-PSG,687
-0.19602711986881285,0.4076179763992649,0.14662334212822134,0.3822709025829772,SC4002E0-PSG,688
-0.6417700190988073,-0.32875926076344786,-0.8380406572468471,0.04722434171987609,SC4002E0-PSG,689
0.4051108707983485,1.687179750936081,1.0578737592213958,0.9303050255200835,SC4002E0-PSG,690
0.3251044115675772,2.0843527659719663,0.7208973641776948,0.15896345692602112,SC4002E0-PSG,691
0.4209013392951027,0.7952520936934528,0.46122858845583986,0.28776713235388385,SC4002E0-PSG,692
-0.24958021823879945,-0.37922825118381565,-0.8295162143584742,0.26619946747622897,SC4002E0-PSG,693
0.21919069634538157,0.6450889172250451,0.168681935966557,0.5305034534867615,SC4002E0-PSG,694
0.8371894014466743,1.148864043819758,0.030073574820060015,0.17665849705039938,SC4002E0-PSG,695
0.7433642877503601,0.6537020189578591,0.15644701543524048,0.3847799536033177,SC4002E0-PSG,696
0.2140660605576362,1.2700483906478663,-0.06571398362964066,0.14521427792051872,SC4002E0-PSG,697
0.5818485690857184,2.098933545700105,0.030991741762930434,-0.276248349457964,SC4002E0-PSG,698
-0.024430679776148084,-0.1771001104776983,-0.9001260702792403,-0.23655032737360926,SC4002E0-PSG,699
-0.0987723177896093,0.01788653535097923,-0.5951047696057186,-0.031737586031652484,SC4002E0-PSG,700
0.5986063993580683,1.9060789001213236,0.2853637836717374,0.13865706434938985,SC4002E0-PSG,701
0.5841308444787671,1.7124715927419198,0.14630094409737926,0.21537025403175974,SC4002E0-PSG,702
0.41769252059560164,0.12957611670791272,0.005959312171381071,0.1301681229557734,SC4002E0-PSG,703
-1.180610119321106,-1.5751593562855595,-1.1488437400015483,-0.38299768238620596,SC4002E0-PSG,704
0.9501089125592471,1.4450938362842012,0.8720528882531658,1.0627617414146622,SC4002E0-PSG,705
0.5608160598708053,0.44102926334984116,0.1289107714308863,0.3429482830126039,SC4002E0-PSG,706
0.20297866226822328,1.1048219363093439,-0.2996796913203181,0.07787179243464386,SC4002E0-PSG,707
0.31193249795363687,-0.017531682878613734,-0.4317009802780077,0.36844979259476746,SC4002E0-PSG,708
1.188273934844844,2.308544052252655,1.1729871556027307,0.8342196221720624,SC4002E0-PSG,709
0.4248568119537765,1.4866410746213439,0.4231271403539669,0.9237333171256115,SC4002E0-PSG,710
0.6381728103444483,1.099155533611356,0.7333470933346747,0.8268658062374414,SC4002E0-PSG,711
0.259640498209061,0.6682181316676749,0.24306229012390332,0.3239627473844351,SC4002E0-PSG,712
0.6315589846828702,1.0781100531727026,0.45766597625129996,0.520359551401077,SC4002E0-PSG,713
-0.08579050660193437,0.06280164114301985,0.2533508391252659,0.6129016439203323,SC4002E0-PSG,714
0.5481639152266844,-0.18143440352317983,0.6409330990739367,0.5806734349101139,SC4002E0-PSG,715
0.1092431295375127,-0.11858212040096414,0.5426629380172648,1.072975290378036,SC4002E0-PSG,716
0.46970590296687736,0.6361098138478473,0.7995405041932621,0.8890784861183343,SC4002E0-PSG,717
0.6997091901151471,0.9563484006610699,0.9369309048376978,0.8363210689040772,SC4002E0-PSG,718
-0.1790381682279787,0.1513448034861029,-0.11757485080007166,0.3925476179468603,SC4002E0-PSG,719
0.10555133228766518,-0.037570048860470086,0.5422707980626138,0.7862221341809366,SC4002E0-PSG,720
-0.1288086015286774,-0.2891406802992182,0.4235361014954611,0.6949327976458588,SC4002E0-PSG,721
0.12706072796081347,0.1957074442341884,0.9419144618851872,1.056181973646385,SC4002E0-PSG,722
-0.6502967198825557,-0.9326944394312198,-0.6962095233482745,0.2832814237444671,SC4002E0-PSG,723
-0.1870473501463724,-0.7428934946979826,-0.3105660996049601,0.265881175966605,SC4002E0-PSG,724
-0.05640083448187633,0.19063166114331526,0.7015885929720241,1.6210440559548158,SC4002E0-PSG,725
0.5140165904776698,0.8910040015513921,0.659723077435631,0.9401823218334878,SC4002E0-PSG,726
0.20443990410398508,0.34568539753832833,0.5718252772923436,1.1501478735445454,SC4002E0-PSG,727
0.05327583066446107,-0.15787930995511057,0.19232252338861183,0.6887194783220038,SC4002E0-PSG,728
-0.31414302269521327,-0.40869626137813353,0.11604214644685548,0.7803599842085168,SC4002E0-PSG,729
-0.08197863286654077,-0.5698409074915057,0.018586223524705445,0.6158616206063576,SC4002E0-PSG,730
-0.6735737102946348,-1.134886068978071,-0.7726518511073731,0.3536447131897966,SC4002E0-PSG,731
-0.8364566260285689,-1.2771773496155898,-0.5320197415762905,0.24434968520059125,SC4002E0-PSG,732
0.45093747657855776,-0.1850331764627742,0.7358171258438542,0.9286209585035283,SC4002E0-PSG,733
0.09967517851503359,0.15813778201373577,0.6311218117171254,0.8144976996383185,SC4002E0-PSG,734
0.1557401959382601,-0.28045717548917054,0.19784657135440337,0.857380792852289,SC4002E0-PSG,735
0.7138397028665591,0.47438426454895594,0.36028710724523827,0.8027899422384882,SC4002E0-PSG,736
0.37665770191317977,0.08253362640887157,0.3661644446635177,1.2216418302514618,SC4002E0-PSG,737
-1.083397415155322,-1.5775307725280727,-1.0223035073946316,0.22104154083092428,SC4002E0-PSG,738
-0.6920972930312242,-1.3414511106422855,-0.8877409563455908,0.2534518321790602,SC4002E0-PSG,739
-0.6981374579812724,-1.0941618070352512,-0.3434886918955221,0.09045868088329878,SC4002E0-PSG,740
0.07018596777694323,0.08792307015705296,0.09060818704605296,0.4261760532155067,SC4002E0-PSG,741
-0.10334420120279227,-0.43712551381632875,-0.5640957206515765,0.162884756482299,SC4002E0-PSG,742
-0.17912375250791332,-0.4011341797484522,-0.5161065130562571,0.3417660212397169,SC4002E0-PSG,743
-0.44196941931267264,-1.3595357583057002,-1.0916642864652142,0.11669937761216836,SC4002E0-PSG,744
-0.8348852904320128,-0.4751823435083297,-0.621269560277108,0.15063026376974423,SC4002E0-PSG,745
-0.062317079869256616,0.02995359488756643,-0.29512657882798954,0.23999502946735227,SC4002E0-PSG,746
0.014288899368703077,-0.14344080467205603,-0.48109624417135133,0.14533782528038905,SC4002E0-PSG,747
0.22577744985399892,0.39450284743587366,-0.049824238392249275,0.2984781620675528,SC4002E0-PSG,748
0.352975536715148,-0.01568977840539195,-0.01664758745787588,0.4588942526063299,SC4002E0-PSG,749
-0.11687987699250643,-0.2891090786980193,0.13966864706699117,0.2725733647153308,SC4002E0-PSG,750
0.11137640110537715,0.7581759169916671,0.7543994237135918,0.6836516625699903,SC4002E0-PSG,751
0.30540766620754733,0.5409599148052172,0.4797422388384254,0.5069858001149417,SC4002E0-PSG,752
0.29058622487412294,0.6630432238717675,0.650899537213725,0.8803012829506275,SC4002E0-PSG,753
0.6050200891109919,0.8711301167566409,0.3968815768642747,0.44401946895310523,SC4002E0-PSG,754
0.15388897785347821,1.0245682282423323,1.5377000432593686,1.1912694534598975,SC4002E0-PSG,755
-0.4033472014069312,0.7011786763276697,1.8817702285476536,1.8245350602757255,SC4002E0-PSG,756
0.9249099222380569,1.0283228657728818,2.173024368742094,1.653090368319371,SC4002E0-PSG,757
-0.04220413351684659,0.5618458828016046,0.43909462480560524,1.191432301918585,SC4002E0-PSG,758
-0.16957826051192426,-0.031784354177997895,-0.3800738348486351,0.05560098915692204,SC4002E0-PSG,759
0.9684468356448231,1.587875435662768,1.8316258206983504,1.705759267433726,SC4002E0-PSG,760
0.23469570144017626,0.3939774904926271,-0.09213173182051457,0.2249323613495945,SC4002E0-PSG,761
0.6834459706101053,1.1878999815374973,0.2095426624642308,0.34953668662805887,SC4002E0-PSG,762
0.4668347567294261,0.3162733802133486,-0.49492432183955787,0.10572812413173575,SC4002E0-PSG,763
-0.591100270342341,0.6499232718313313,0.09985845083632833,-0.2825860390248934,SC4002E0-PSG,764
-0.11175492836922381,0.7464770610379552,0.26340435565671755,-0.017713195958435568,SC4002E0-PSG,765
0.6259156237325655,1.2580760807230773,-0.37892058653557487,-0.041797067155890065,SC4002E0-PSG,766
0.4671158735148549,1.0540371915583833,-0.44579509368547265,-0.18674146745160988,SC4002E0-PSG,767
0.2759867833728709,0.7760886830639024,0.4630829118507378,0.7627289999771022,SC4002E0-PSG,768
0.8194230459179624,1.775176261971954,0.5965666897507871,0.5125862946917198,SC4002E0-PSG,769
0.6719358608458412,1.5598208252889392,0.47200316674647486,0.23090540837456916,SC4002E0-PSG,770
0.058768099331345754,0.6557367006449156,-0.3041324368923077,-0.2403237355305983,SC4002E0-PSG,771
0.48144739288444444,1.5733289843573757,0.0996378824396213,0.10871655950359921,SC4002E0-PSG,772
0.3578780273043597,1.4596531046461687,-0.15081307774029298,0.06016380167008552,SC4002E0-PSG,773
0.6057814622519626,1.5030686361891066,0.22178152112739086,-0.2091875933093159,SC4002E0-PSG,774
0.4479181823167228,1.3854162248439132,0.1912913553952688,0.054612024704033826,SC4002E0-PSG,775
0.3444343627750756,1.5359374818715092,0.3140234043192923,0.4615535249762772,SC4002E0-PSG,776
-0.09191834092230389,0.9007741082505176,-0.17103032779064634,-0.5694613295945637,SC4002E0-PSG,777
0.398851477586105,1.5646689910622904,0.041516153459930476,0.13956746773784873,SC4002E0-PSG,778
0.5695226761105486,1.0848112177275337,-0.6388065617134103,-0.006387673245206257,SC4002E0-PSG,779
-0.5695455223214024,0.1462675546916899,-0.5475608676176162,-0.47133932781537385,SC4002E0-PSG,780
-0.8079439756059534,-0.11086436670315979,-0.7869763019748409,-0.5872028246715214,SC4002E0-PSG,781
-0.3718725370520509,0.8981194051522133,-0.5059197894753065,-0.4457751228215118,SC4002E0-PSG,782
-0.42906138752370676,0.6082801766183298,0.0011022778146929089,0.4464554917098779,SC4002E0-PSG,783
-0.3116811684393622,0.6564765208125568,-0.23559833956620085,0.34881917021787295,SC4002E0-PSG,784
-0.997321335173874,-0.1432091488902212,-0.013867867463254052,0.49441616512633596,SC4002E0-PSG,785
-0.471452503708333,0.5702787514636343,-0.8082462009997669,-0.2563185696748607,SC4002E0-PSG,786
-0.9247710669528677,-0.34244947663465863,-0.4311183617729995,0.3728094014964364,SC4002E0-PSG,787
0.06530340477288384,0.6367895344115799,-0.29907400979416787,0.06430283944492499,SC4002E0-PSG,788
0.04347270194343935,0.5286447483618743,-0.4686435243516935,-0.09908647660596819,SC4002E0-PSG,789
-0.5002038981980795,0.0005605863168704424,-1.048091971043684,-0.3312550286310608,SC4002E0-PSG,790
-0.8213791033078568,-0.14117780812557407,-1.1446569501994306,-0.269004289929944,SC4002E0-PSG,791
-0.16400677075377465,0.10115720761858851,-0.053328311528454526,0.3386346733798269,SC4002E0-PSG,792
-0.4433138021821698,0.3416433035468631,0.2707367204164741,0.7172335137024101,SC4002E0-PSG,793
-0.9555117336001817,-0.02218635187856762,-1.0251020796445887,-0.06480228914171339,SC4002E0-PSG,794
-0.3883763162703411,0.29604828188856586,0.06052859337664656,0.6704086140701299,SC4002E0-PSG,795
-0.25134848698192264,0.4492588529514198,-0.8064718644498493,-0.22464259024017397,SC4002E0-PSG,796
-0.8285425616821225,0.3323927671003503,-0.9364872790420251,-0.23773477485493485,SC4002E0-PSG,797
-0.6322073051234696,0.35158946133238417,-1.0398043564547386,-0.16333301710378978,SC4002E0-PSG,798
-0.6867753922727936,0.14617621251238683,-1.1583133329828144,-0.31915520984780066,SC4002E0-PSG,799
-0.9513235255957438,-0.533765979756996,-1.0283295218170574,-0.26570271494955444,SC4002E0-PSG,800
0.6262292245686354,1.2141585708564586,0.07928013975782498,0.26217468549945894,SC4002E0-PSG,801
-0.19867515568461339,1.6521699036919086,-0.4635170496798314,0.3096219698226236,SC4002E0-PSG,802
-0.18363306651096536,0.7616282561474018,0.28383640753829,0.6640277236700203,SC4002E0-PSG,803
-0.7192474490758564,0.567743506826265,-0.19474330486923405,0.4680539474807558,SC4002E0-PSG,804
-0.6367810293022622,0.3753369181763115,-0.23184267057246855,0.4023173644352963,SC4002E0-PSG,805
-0.18452229925037833,0.49420729167976835,0.2952802471587769,0.4321978121309662,SC4002E0-PSG,806
-0.4318658246852313,1.3956919652851303,0.16530630789191147,0.46622936187045777,SC4002E0-PSG,807
0.30233966166965376,0.8078487534225305,0.3066272126312029,0.8211076800410289,SC4002E0-PSG,808
-0.5827539557760205,0.1731345906013789,-0.0017684473715631514,0.4984149852824506,SC4002E0-PSG,809
-0.37588443348867856,0.16589572531573443,0.12330691715922812,0.6605624164285415,SC4002E0-PSG,810
-0.91510095917525,0.5050011487561212,-0.4537385658273697,0.4808509971440425,SC4002E0-PSG,811
-0.9450289214539128,-0.3330410423173523,-0.23118036776987197,0.38595798702887063,SC4002E0-PSG,812
-0.3557043148558599,0.4512441709482208,1.1747152434076444,1.0319701505567853,SC4002E0-PSG,813
0.1891837314147337,0.9482852780299281,0.7946751778326269,0.9320887925598316,SC4002E0-PSG,814
-0.42561231792102305,-0.06357643620287785,-0.11160899789424522,0.49072972374665497,SC4002E0-PSG,815
-0.21960094470785727,0.6791159671030982,0.20997695887890494,0.1653275743422077,SC4002E0-PSG,816
-1.688411472015129,-1.8550915286415144,-1.3850028711313562,-0.2869312895230667,SC4002E0-PSG,817
-0.561636371428459,0.35757369280780044,-0.7093967950398857,-0.31085787257814196,SC4002E0-PSG,818
-0.3673004107773117,1.121501763955365,-0.001592266247595231,0.0376591192430741,SC4002E0-PSG,819
-0.010599421635530584,0.7239728094581962,-0.10254164892826563,0.25482596467645263,SC4002E0-PSG,820
-0.5793934401729601,-0.013414933867129492,-0.507953222858256,0.513286819613322,SC4002E0-PSG,821
0.5834541962783268,0.8234618114963526,-0.3734053483238492,-0.015108411827467819,SC4002E0-PSG,822
0.1524553817244892,1.021608206672599,0.5314871957676255,0.46689202891804277,SC4002E0-PSG,823
-0.11788456820524501,-0.5075619299093085,-0.5606937024341181,0.3045638629126412,SC4002E0-PSG,824
0.5995711789576309,1.3730704703540186,0.3191868607937944,0.31223592224100105,SC4002E0-PSG,825
0.36089198690444035,-0.13670015107486158,0.2556229666444966,0.4698002286011063,SC4002E0-PSG,826
-0.22179036039980043,-0.46275920006717053,-0.33266731831922025,0.3810419385671516,SC4002E0-PSG,827
0.12585964206443817,-0.18980587774664429,-0.5381833670948851,-0.02789680794718128,SC4002E0-PSG,828
0.0887289691875151,0.38166527481777995,0.409956328725636,0.5823054746832809,SC4002E0-PSG,829
-0.14273059127328017,0.26982812942850615,-0.21521837922066855,0.12765029294197872,SC4002E0-PSG,830
0.47427148324065804,0.7307332684656355,0.5782552080183612,0.6686721248996517,SC4002E0-PSG,831
-0.1103710189186638,1.0358486944018324,0.8350844100947786,1.160805443374785,SC4002E0-PSG,832
0.24353454373137487,0.2532421994352206,0.36155033620969573,0.5065308964453645,SC4002E0-PSG,833
0.7292888591835486,0.7101933751991539,0.42299620873900373,0.4572500878550992,SC4002E0-PSG,834
0.18681002027892454,1.3709215998246418,0.631228398401368,0.5311202154624627,SC4002E0-PSG,835
-0.8629831435096986,0.1859337191988021,-0.20613225198257465,0.36588699882659553,SC4002E0-PSG,836
-0.22935832749886692,0.3321589029290794,0.49424148163893517,0.5568086814209742,SC4002E0-PSG,837
0.569985176533264,1.3221448203743198,0.054471645776858084,0.6733955562242555,SC4002E0-PSG,838
0.05125572372889467,0.741305945973897,0.10757847025606407,0.4235719196825345,SC4002E0-PSG,839
0.5793031264160823,0.5189655914069254,0.10361402861999242,0.35826828630031554,SC4002E0-PSG,840
0.08455469204787168,0.4549701433677046,-0.05840119652702501,0.41901553691604126,SC4002E0-PSG,841
0.739568389266369,0.239869211183569,0.21494350501494683,0.6723030858645431,SC4002E0-PSG,842
0.0516613816856458,-0.14112169597647947,-0.12105627928799517,0.2336774154562656,SC4002E0-PSG,843
0.6870778988278822,0.6696295500207728,-0.5182293727505497,0.09261360510209665,SC4002E0-PSG,844
0.7287351769865918,0.4985396100403969,0.06598769149746306,0.1827420649753356,SC4002E0-PSG,845
0.36953918055776586,0.9519239323406243,0.6243690048638203,0.41434747021642265,SC4002E0-PSG,846
0.43850689319921726,1.6221803713090357,1.2318088576380768,0.6249506651595151,SC4002E0-PSG,847
0.7718798242764814,1.144507686735119,0.09201954884363744,0.511120443443349,SC4002E0-PSG,848
1.0868197550327092,0.49199139364636996,-0.03533618431696459,0.2812490723279434,SC4002E0-PSG,849
0.3861664083433351,1.4483976297445376,0.5751354401738812,0.32512000556365317,SC4002E0-PSG,850
0.1583638071238032,1.2937348489240204,0.2755898373288119,0.22463902466924043,SC4002E0-PSG,851
0.011550084866888763,0.39766261885947346,0.15321961499240008,0.19460738149400825,SC4002E0-PSG,852
1.047896825777971,0.04576748092877642,0.2704846269577385,0.6653599373647332,SC4002E0-PSG,853
-1.5523624331582067,0.1928825441058986,1.3247985841597079,0.2929528149105682,SC4002E0-PSG,854
-1.938355741131152,0.4195170690727263,0.8652813373630699,-0.4977368857778466,SC4002E0-PSG,855
-1.9083626125707633,2.6642908624901156,1.2027588679601922,-0.42198168207174586,SC4002E0-PSG,856
-2.2526480107391413,1.5073379311477249,1.154867645760255,-0.5735950490192029,SC4002E0-PSG,857
-2.098768333948265,2.2008257630096364,2.061315905838451,-0.7285430283585841,SC4002E0-PSG,858
-1.8820161180559456,1.5367042454666207,1.1240707072425806,-0.587431522555954,SC4002E0-PSG,859
-2.3821065930881766,2.187938995624984,1.2512501714520208,-0.8073198582580797,SC4002E0-PSG,860
-2.6370242800979553,2.136633227186934,1.4283712458673212,-0.776672501533361,SC4002E0-PSG,861
-2.489226873721938,1.7156721671562223,1.0491016047179973,-0.8385667534421617,SC4002E0-PSG,862
-2.667068550614721,0.05083859001792401,1.0922884625976195,-1.038031328626603,SC4002E0-PSG,863
-1.2149922298151041,-0.11247423197623987,0.10157729848002679,-0.912180177435239,SC4002E0-PSG,864
-2.302256995800864,0.8068285296217615,1.4167069915847728,-0.5280323519475784,SC4002E0-PSG,865
-2.7200658903301145,0.133308869792865,1.29523110710748,-0.9129057227208812,SC4002E0-PSG,866
-1.226396324791542,0.9496603796141895,0.9995866075160978,-0.8513499419808713,SC4002E0-PSG,867
-2.646398889564859,-0.6160807801180747,0.9305282524109484,-0.8500277309118812,SC4002E0-PSG,868
-1.2703565821853573,0.009043672071258184,-1.5470324781784346,-1.2108946994858543,SC4002E0-PSG,869
-1.4671797818378798,-0.30277317807203336,-1.0360224224099144,-0.9704129574330348,SC4002E0-PSG,870
-1.5100414637955464,-0.5074237201402721,-1.7149314433114924,-1.2655409363344097,SC4002E0-PSG,871
-0.17648907918789722,0.8599742818638944,-0.9724303729493572,-1.159661052954863,SC4002E0-PSG,872
-0.03566680299713825,1.2576664175554384,-1.101645167928533,-1.1095244383351734,SC4002E0-PSG,873
0.03624074034401701,0.2524152159578589,-0.8364142964909388,-0.998969084408178,SC4002E0-PSG,874
-0.5162294911658477,-0.6649222319252708,-1.6115061163430773,-1.2577036151129806,SC4002E0-PSG,875
-0.5028865806470333,0.8971837881039698,-0.6737630249256996,-0.1903409010684966,SC4002E0-PSG,876
-0.0925762944206759,0.3076815556474309,-0.8663857307474379,-0.6148554396769342,SC4002E0-PSG,877
-0.3271690632617147,0.7524897140092789,-0.39742324525229644,-0.46755604494486885,SC4002E0-PSG,878
-0.40788995279493734,-0.11882995724625577,-0.5837886245233027,-0.7042328339211059,SC4002E0-PSG,879
-0.2801021524999402,0.4248450754401355,-0.4887680488872434,-0.3848757177181244,SC4002E0-PSG,880
0.039954105382679,0.45889419864507175,-0.1425472891955962,-0.7655675285556325,SC4002E0-PSG,881
0.23443678936056928,0.22000313378172906,0.4734720065139082,-0.9216979973500261,SC4002E0-PSG,882
-0.04500167616057681,0.4064921793402945,-0.000933462615756721,-0.5349902149805329,SC4002E0-PSG,883
0.1535052733516879,0.9494321597217895,0.17604663763311046,-0.6765908311162213,SC4002E0-PSG,884
0.40603211652916993,1.204234623479778,0.9724120590658927,-0.6697656128607128,SC4002E0-PSG,885
0.6449212739419723,1.2253390751031112,1.128033388401465,-0.7280445854210179,SC4002E0-PSG,886
0.8467411941039279,0.6899493624745588,0.445005657475949,-1.173024258773556,SC4002E0-PSG,887
0.9604299510200076,0.9391380594003782,0.6313858771721818,-0.8595454039034939,SC4002E0-PSG,888
0.9209291550252573,1.034699841156779,0.5900705664777584,-1.095932541088213,SC4002E0-PSG,889
0.9810533575213882,0.7289576767423316,0.19161775359282887,-1.1866534704267098,SC4002E0-PSG,890
1.1592656481452321,0.6266521342823854,0.3349445836898601,-1.1060583797621462,SC4002E0-PSG,891
0.9577842909979671,0.5400800183801835,0.14315153906098044,-1.3032931621656627,SC4002E0-PSG,892
1.1376546954669944,0.8767342285745684,0.6721831939081118,-1.1499689860902622,SC4002E0-PSG,893
1.0060983615069035,0.8150863708508433,0.7048379683010666,-0.9645130962182964,SC4002E0-PSG,894
1.0515531858466296,1.044786717865776,0.5922276642007305,-1.2390047126071606,SC4002E0-PSG,895
0.9879729635968636,0.7262299375296276,0.5594909860687411,-1.2474815396716075,SC4002E0-PSG,896
1.2359769717069566,1.3136123449960704,0.6273279046065087,-1.295174461800436,SC4002E0-PSG,897
1.3547131720375207,0.9631227338317467,0.3581474867081148,-1.3154019218878177,SC4002E0-PSG,898
1.4675306278856577,1.1045694747565797,0.46433376738327936,-1.109056443392654,SC4002E0-PSG,899
1.1425316623607344,0.6458287953613275,0.5808377491956899,-1.0809066889231145,SC4002E0-PSG,900
1.4387362982627443,0.522771989494198,0.13399585795527885,-1.3635141880719603,SC4002E0-PSG,901
1.5219130835421772,1.2194415643917882,0.263224298421816,-1.0863362407351016,SC4002E0-PSG,902
1.3801746675963633,0.7615747804447633,0.7251443967168342,-1.120070086102028,SC4002E0-PSG,903
1.3726632822156277,0.717962034050328,0.3058154246671349,-1.28115024882885,SC4002E0-PSG,904
1.2426894477661232,0.7975456811224926,0.7432814138421027,-1.2493005528329355,SC4002E0-PSG,905
1.7068205450757574,1.4251806618974263,0.3279632676842518,-1.3765131688731702,SC4002E0-PSG,906
1.5579235735265926,0.7198223992880362,0.9531543805999443,-1.342822672958105,SC4002E0-PSG,907
1.4512614073532282,1.0935132218830985,0.17708292773419085,-1.1947943471374232,SC4002E0-PSG,908
1.5672640540322722,0.5290842358760788,0.5872240863804895,-1.3754800977775516,SC4002E0-PSG,909
1.7383326455486914,1.222108442044612,0.8845950837744128,-1.1721111952735859,SC4002E0-PSG,910
1.5590181220065553,1.2739264493903755,0.62379824957184,-1.1272708271022378,SC4002E0-PSG,911
1.7846102281386003,0.845674539924443,0.9824641388545092,-1.4578277072405765,SC4002E0-PSG,912
1.7453048375785012,0.32691062959736183,0.652309501002434,-1.2320658147541614,SC4002E0-PSG,913
1.4479244661292179,0.81047396111081,0.49436332451261417,-1.385036078993918,SC4002E0-PSG,914
1.4566573044401236,1.1577651010772014,0.9022128157603295,-1.315549341001123,SC4002E0-PSG,915
1.6338606302790826,0.7016002335730602,0.5320789406037095,-1.3604795669432928,SC4002E0-PSG,916
1.5638556310979543,1.208102961270813,0.4335996949306195,-1.4313053948760037,SC4002E0-PSG,917
1.7692887944937605,1.2114068928327646,0.7367466487749144,-1.2527894575003478,SC4002E0-PSG,918
1.6781826996677114,0.7779698274449988,1.0556341624382062,-1.4090480152995983,SC4002E0-PSG,919
1.6724357868166768,1.1623906211926922,0.9378469978167069,-1.4505759215086984,SC4002E0-PSG,920
1.8833542858823686,0.7252992096827848,0.5987672072438616,-1.3674749955624736,SC4002E0-PSG,921
1.5094520222182501,1.2398556583528937,1.1245701378071549,-1.407474485378276,SC4002E0-PSG,922
1.9260821069105105,0.9150565624288318,0.68485600485508,-1.4709001591408082,SC4002E0-PSG,923
1.4676521941262737,0.8700084805998795,0.8992750579687074,-1.5138657225459915,SC4002E0-PSG,924
1.4787056766490356,1.03145906607025,0.9363194914084035,-1.556534147157535,SC4002E0-PSG,925
1.66767872154153,0.7430592254035288,0.7703605911099317,-1.593044958271792,SC4002E0-PSG,926
1.90682153959148,0.9183884202666245,0.39633517043108385,-1.6876026549854686,SC4002E0-PSG,927
1.5268667621364422,0.6657324252129392,0.6088620310735056,-1.6471904824391308,SC4002E0-PSG,928
1.6534274917560705,0.805005367614799,0.6044244701864668,-1.2692277926426403,SC4002E0-PSG,929
1.7620222126061378,1.0363715134741216,1.1993709104052062,-1.5605064745698882,SC4002E0-PSG,930
1.9498927348216233,0.5580943907352971,0.3762613836238032,-1.5159487025299465,SC4002E0-PSG,931
1.6000137732735236,1.012988344710698,0.8966222070428853,-1.595605920210413,SC4002E0-PSG,932
1.7686844599662175,0.5308458367884772,0.2991469577750759,-1.476719687458497,SC4002E0-PSG,933
1.8530938630608118,1.4494365772868925,0.7436749033000536,-1.4261188287087059,SC4002E0-PSG,934
1.8911947573738523,0.8106361182782826,0.8983505510049249,-1.5187015982950793,SC4002E0-PSG,935
1.3355550888663912,2.0102273921374225,1.8559666479852464,1.3541605595149038,SC4002E0-PSG,936
1.3581539196991907,-0.023877072916297492,-1.2043761195909377,-1.5507838362475934,SC4002E0-PSG,937
1.120876438902117,-0.15887896189370065,-0.8463711898822989,-1.3220398919495933,SC4002E0-PSG,938
1.0541427263610348,0.008337486664123444,-1.421328961758687,-1.2373594659026106,SC4002E0-PSG,939
0.8145307589337899,0.37969217409899036,-0.45290949888963855,-1.4002185347247758,SC4002E0-PSG,940
1.1119647571557705,0.5570190749717102,-0.03528359460621754,-1.1521267641951263,SC4002E0-PSG,941
1.0263100742027758,0.9368392130994831,0.0758468195271231,-1.149470303239593,SC4002E0-PSG,942
1.3509718943472666,1.0903731509215133,-0.0641242772723756,-1.437767361104517,SC4002E0-PSG,943
0.9978767486399149,0.36293388645224994,0.4504209473613614,-1.3254171701796391,SC4002E0-PSG,944
1.5582813464774905,1.0261361045604884,0.24198821818735394,-1.3592390599841284,SC4002E0-PSG,945
1.6750537169352908,1.108799374094814,0.4586253111864862,-1.4449889215392069,SC4002E0-PSG,946
1.4208536004878227,0.8147203991588282,-0.12607450953898972,-1.4629797497901331,SC4002E0-PSG,947
1.8969415795407911,0.7854596059343029,-0.2879998461143337,-1.5606093112194197,SC4002E0-PSG,948
1.4952327981944111,0.7766565916926526,0.3660962515508827,-1.3475317744828375,SC4002E0-PSG,949
1.7925868726069474,0.20958884421203874,-0.3250826690256239,-1.4517878371560653,SC4002E0-PSG,950
1.6449714564535498,1.0322770092940965,0.3017325526558688,-1.1088097248396256,SC4002E0-PSG,951
1.7497203781348745,0.3488663112187051,-0.2127857449991591,-1.423575564173261,SC4002E0-PSG,952
1.6878284950395506,0.8450447308558263,0.24430577061623074,-1.6288510348662564,SC4002E0-PSG,953
1.7225004608436323,0.47954741085911523,-0.03672623942825273,-1.5930532445103838,SC4002E0-PSG,954
1.5401593924998547,0.5141414662530503,0.1446149226044714,-1.461802681104991,SC4002E0-PSG,955
1.6995424736140838,0.7071929533518054,0.2604094782788555,-1.5290893172427995,SC4002E0-PSG,956
1.8841547393339693,0.25555029982052,-0.30591038870518283,-1.554407789339624,SC4002E0-PSG,957
1.8101052132515736,0.5093258809893481,0.2429386462539487,-1.3194525593721333,SC4002E0-PSG,958
1.3783964725570692,0.8479386056269367,0.3344395442324125,-1.57117465848084,SC4002E0-PSG,959
1.4352867913735123,0.38874141644376026,0.30525476672372687,-1.6018111269834754,SC4002E0-PSG,960
1.7488907388748278,0.5365558344786308,0.42671052824084954,-1.5165800050704195,SC4002E0-PSG,961
1.6275968366103195,0.14636393394198213,0.08202807283367604,-1.6001736108108382,SC4002E0-PSG,962
1.799035532716688,0.8645697171573699,0.6676107581355639,-1.5854351441128367,SC4002E0-PSG,963
2.0376022753059013,0.33254506207319884,0.12311994328958735,-1.7390708201465919,SC4002E0-PSG,964
1.7712906005002576,0.3946879466533189,0.7005144016649174,-1.6803911656293142,SC4002E0-PSG,965
1.7207072975778974,0.5302446920552052,0.9289953860799053,-1.5896618908432882,SC4002E0-PSG,966
1.925644701917002,0.7739113919705337,0.16844427346104623,-1.445092802195288,SC4002E0-PSG,967
1.614154673783417,0.6030921889562963,0.6701731595351312,-1.4782797725059642,SC4002E0-PSG,968
1.793752686368732,0.9244160846928327,0.26623853527070945,-1.68389174958839,SC4002E0-PSG,969
1.7278556415851192,0.5007179782553471,0.9114087162329912,-1.6975964467077347,SC4002E0-PSG,970
1.7849469368605992,0.674115430271128,0.3821601669718967,-1.6410916758510299,SC4002E0-PSG,971
1.6635307691822416,0.36054090720402115,0.7218230563712699,-1.565311504295095,SC4002E0-PSG,972
1.8171162920617385,0.7278983045976041,0.5916702964968751,-1.4619092099026625,SC4002E0-PSG,973
1.6227724374250467,1.7637279353121658,1.8785736614088073,1.0739777836597861,SC4002E0-PSG,974
1.2643951859412617,0.7843779616138367,-0.8038220613168228,-1.2058483477131627,SC4002E0-PSG,975
0.9105885096720167,0.9754192759645641,1.83119382459875,1.2145428136388245,SC4002E0-PSG,976
0.33617237243438947,0.3775286026205381,-1.5979566494970052,-0.79937691915356,SC4002E0-PSG,977
0.8229441694432167,0.38231115586028974,-1.1272878491482328,-1.2614390100030246,SC4002E0-PSG,978
0.4705273098633865,0.5638615911701031,-0.627313762410073,-1.3809711961331326,SC4002E0-PSG,979
0.4862203582166871,0.36167268572990036,-0.5169486951236817,-1.1541851638717704,SC4002E0-PSG,980
0.6756782589472552,-0.6132894441646726,-1.2092157063680982,-1.3593579892159093,SC4002E0-PSG,981
0.44153990700118817,-0.40282233502100684,-0.7123485672085459,-0.8043510653545982,SC4002E0-PSG,982
0.5379066438981832,0.31278598770215776,-0.4610174872514924,-1.2980163426754388,SC4002E0-PSG,983
1.3468929893750776,1.5872889564283064,0.2664090768734684,-1.2489736942578618,SC4002E0-PSG,984
1.1442509273658612,0.7012690194425166,-1.0362096704994208,-1.216824970868168,SC4002E0-PSG,985
1.0089466804628338,1.3322118672907701,-0.5716720847003713,-1.085688922622329,SC4002E0-PSG,986
0.9431779232020975,0.46152588567981473,-1.0646915817290354,-1.2904919769234071,SC4002E0-PSG,987
0.39883643535209573,0.20596104782910504,-1.1866972563473086,-1.1837627922721876,SC4002E0-PSG,988
-0.08747014450495245,0.016472033035372754,-0.046516540603837774,-0.9473432504547086,SC4002E0-PSG,989
1.0419960306871467,0.9358630215228592,0.11490252319866484,-1.1180814243683828,SC4002E0-PSG,990
1.1779498911232444,1.98400644174882,0.46072053156450893,-0.8250076167421179,SC4002E0-PSG,991
0.8997901049855859,1.7390960630962937,-0.20644811629473464,-0.7573393828903237,SC4002E0-PSG,992
0.9000723301918379,1.6543470007876933,0.042370380060366426,-1.063983740926316,SC4002E0-PSG,993
0.3915682495377646,2.0256830836615305,-0.14622829355844047,-1.1676688769259862,SC4002E0-PSG,994
0.41669753032638207,2.4035385434145375,-0.031137812318599925,-0.9286765939719688,SC4002E0-PSG,995
-0.08033890049038596,2.076123551261049,-0.3570885910614124,-1.1842508687758255,SC4002E0-PSG,996
0.2438140180892755,1.2434833284931754,-0.6781261955988122,-1.09703464572913,SC4002E0-PSG,997
-0.4858724364504535,2.001577836834775,0.08182720434220424,-1.1378544226967928,SC4002E0-PSG,998
0.10565547695351739,1.9700581599022549,-0.3309185261895113,-1.2386803067741117,SC4002E0-PSG,999
-0.3134086534102974,1.9886372447420775,-0.6764495422102296,-1.3424495927618332,SC4002E0-PSG,1000
-0.6743208754305507,2.446409690855529,0.15513814432731365,-0.8672645186279386,SC4002E0-PSG,1001
-0.9035741830969231,0.6363519183009095,-1.0205202864927678,-1.3280451167714604,SC4002E0-PSG,1002
-0.7126655465973188,1.6297642227145777,-0.2822583515335262,-1.0551425077457888,SC4002E0-PSG,1003
-1.4352053931344215,1.1609049588021163,0.8237969830348068,-1.2432464849183593,SC4002E0-PSG,1004
-1.792440816072345,-0.6824613416677796,-0.8385755634735553,-1.2544961111947428,SC4002E0-PSG,1005
-1.3702259468907376,-0.30993720566853666,-0.8206885822083422,-1.2422319416296903,SC4002E0-PSG,1006
-1.6391236837458214,-0.6786621498709425,-0.9152457860045711,-1.167987371671011,SC4002E0-PSG,1007
-1.2103314204217508,0.4116702731099436,-0.2655078976591174,-1.0458006045192432,SC4002E0-PSG,1008
-1.5447580516644555,-0.2677266724972249,-0.80805995354437,-1.306155838347406,SC4002E0-PSG,1009
-2.079744160556228,-1.1414422511734195,0.01230736861513967,-1.3332182695481798,SC4002E0-PSG,1010
-1.579504479163122,-1.044230249819471,-0.7511934673541941,-1.3645607125170967,SC4002E0-PSG,1011
-1.7587177445245965,-0.5099652460003545,-0.4409618632363749,-1.2036922682598308,SC4002E0-PSG,1012
-1.2534214700996,0.14136576793474667,-0.4933768232344334,-1.2405404182178132,SC4002E0-PSG,1013
-1.221729144982157,0.03533291422846007,-1.4081212860645305,-1.3159738858685708,SC4002E0-PSG,1014
-1.162646224570234,-0.43838857233329515,-1.2865915029475918,-1.3268166896751126,SC4002E0-PSG,1015
-1.69906401049605,-1.140689319926185,-0.037235357825340085,0.005455021897574698,SC4002E0-PSG,1016
-1.8863318899203767,0.17671585664390704,-1.4079958341122034,-1.1489801468706378,SC4002E0-PSG,1017
-0.691696104386866,0.3824802560918157,-0.3823476424126231,0.05741589265428695,SC4002E0-PSG,1018
-0.8592484115894181,-0.31247082662923437,-1.7905497165657411,-1.200099301889316,SC4002E0-PSG,1019
-0.602083551699629,0.05537449450912136,-1.050833453893619,-1.2326933719985154,SC4002E0-PSG,1020
-0.500024301881849,0.8065980609078988,-1.2605648706693744,-1.0450900223855146,SC4002E0-PSG,1021
-0.36193073385141844,0.21266819193156936,-1.1634842537602725,-1.1084393425276549,SC4002E0-PSG,1022
-0.6203698783300997,0.8926274301513574,-0.9701975864422978,-1.0972616564638968,SC4002E0-PSG,1023
-0.5815644545951023,-0.34470442891525427,-1.2861514606638265,-1.0122029709649982,SC4002E0-PSG,1024
-0.6552299234204915,0.049863982543253645,-1.262973617193916,-0.9676643013411672,SC4002E0-PSG,1025
-0.605407090574087,-0.22309060908553888,-0.8183737007115868,-0.6285985766129849,SC4002E0-PSG,1026
-0.5997185794603391,-0.7236115412996134,-1.3739124908022038,-1.2257362928096087,SC4002E0-PSG,1027
-0.11306991342300778,-0.49664848534835954,-0.920125357459213,-1.2621595185665164,SC4002E0-PSG,1028
-1.2509748513374457,-0.6110624995220804,-1.9701467172783227,-1.1221085897576415,SC4002E0-PSG,1029
-0.6722371552105598,-1.4133599215463877,-0.8263891245895711,-1.0322368740707937,SC4002E0-PSG,1030
-0.6639430696505212,-0.9754184409531053,-0.5588490738192672,-1.1080114607027316,SC4002E0-PSG,1031
-1.165509876549909,-1.2938841466933513,-0.21737299898160226,-1.2386674195749294,SC4002E0-PSG,1032
-0.581338878348138,-0.7301857347532237,-0.7529758474289318,-1.5002406732454463,SC4002E0-PSG,1033
-0.4162078754639098,-0.4891880415591163,-0.6274151409918082,-1.294357279647851,SC4002E0-PSG,1034
-0.21356698442151476,-0.9380011394620319,-1.545218080865481,-1.607185529877233,SC4002E0-PSG,1035
-0.07639244418006039,-0.414837287447617,-0.040616829084677376,-1.1336662684001388,SC4002E0-PSG,1036
0.5477221891662207,0.25079115716907796,-0.2376773881490179,-1.358596483580922,SC4002E0-PSG,1037
-0.10306531598880106,-1.009676151636793,-1.3237221917450224,-1.4430288865876195,SC4002E0-PSG,1038
-0.08456249995411243,0.010169540572519179,0.21683384705157746,-0.9035865123699449,SC4002E0-PSG,1039
-0.18221139386859866,-0.2109453443023793,-0.8903499394823405,-1.430331145809633,SC4002E0-PSG,1040
0.24177882146457774,0.29115084542922914,0.0201243217039128,-1.3161807574161621,SC4002E0-PSG,1041
-0.0799068970407667,-0.7614285309149708,-1.2389577319505671,-1.4207827757533835,SC4002E0-PSG,1042
-0.12171874038281368,0.19109163627223105,-0.3134036922709808,-1.3060981067971518,SC4002E0-PSG,1043
0.5606957362321836,0.21320247090647004,0.06396237929693656,-1.1625068086680932,SC4002E0-PSG,1044
0.4261834327253111,0.31640587636305156,0.33671893207092995,-1.3982726560673222,SC4002E0-PSG,1045
0.7756603751953901,0.5958578608806602,0.21234956975219488,-1.5994704640703747,SC4002E0-PSG,1046
0.16374029378317684,-0.10441722119771409,-0.590820125835584,-1.5203352256354614,SC4002E0-PSG,1047
0.7859865834828046,0.21765444050673347,-0.1191453957029624,-1.607995296736967,SC4002E0-PSG,1048
1.0441592766227188,0.15322986140926015,-0.5967346406175572,-1.5323633945989494,SC4002E0-PSG,1049
1.0478409938194209,0.4004565832723537,0.2779616568270352,-1.5103302876633284,SC4002E0-PSG,1050
1.1461291097497055,0.9175586694919854,-0.20849935068830047,-1.3544962831229015,SC4002E0-PSG,1051
0.6806381111541763,0.49623153365055894,-0.37550473663505163,-1.2613722783868222,SC4002E0-PSG,1052
0.5380348738737709,0.15738744042011316,-0.16640588064404227,-1.110574090396888,SC4002E0-PSG,1053
0.995220498665519,0.09192050874381792,0.1708504228512129,-1.3632860060475278,SC4002E0-PSG,1054
0.7094945956236861,-0.12761642310012158,0.13157901263470395,-1.2613822145302913,SC4002E0-PSG,1055
1.126946893673724,0.614960266407529,-0.154571505039942,-1.4899362328017376,SC4002E0-PSG,1056
1.0569490559553676,0.7484701556153904,-0.8912521894236378,-1.4983758058958825,SC4002E0-PSG,1057
1.2580304740837414,0.2702535388329129,-0.5105417533698011,-1.726731903762052,SC4002E0-PSG,1058
1.4511555444804838,-0.11837605705643066,-0.3430159049302019,-1.4774175530388114,SC4002E0-PSG,1059
1.100756681502532,0.11756999744828132,-0.2855467359065188,-1.5642264417536922,SC4002E0-PSG,1060
1.6523690515756981,0.06029130496452352,-0.3494560764049989,-1.3185123992532992,SC4002E0-PSG,1061
1.6194458104776284,0.5133440024171922,-0.09756628059868548,-1.286106507981241,SC4002E0-PSG,1062
1.0439820597541676,0.5927320105687589,-0.1074546411773606,-1.5402500546654267,SC4002E0-PSG,1063
1.5033626917995606,0.7148722759230037,0.022976161149528378,-1.5347483430470088,SC4002E0-PSG,1064
1.734363823946627,0.3393398907863498,-0.03889987895633387,-1.5095369992790428,SC4002E0-PSG,1065
1.355611388931944,0.5157024983182735,0.41114351912321095,-1.5411324357633978,SC4002E0-PSG,1066
1.8827103414781727,0.1125049164485321,-0.7882358386637371,-1.6704421177319901,SC4002E0-PSG,1067
1.196019409030946,0.1770502501665679,0.17812432372585627,-1.485586087972331,SC4002E0-PSG,1068
1.5614869489364072,0.40208890175242706,0.4909104235325613,-1.5922115246604482,SC4002E0-PSG,1069
1.808542145245371,0.11182615993500947,-0.40476475209833684,-1.5688710919802151,SC4002E0-PSG,1070
1.7237826661189892,0.6016720521511314,0.2480100671809981,-1.5640594490857016,SC4002E0-PSG,1071
1.8144573325535212,-0.08204352753534812,-0.03134664326020608,-1.5016684208536346,SC4002E0-PSG,1072
2.0864295485379376,0.23906671616096783,-0.8972112816406675,-1.7130642514294767,SC4002E0-PSG,1073
1.5706606601534983,0.3589261295217737,-0.2811133403768034,-1.4387751167897143,SC4002E0-PSG,1074
1.7033488367698968,0.8780151436049694,-0.4205169104713919,-1.6152785348373466,SC4002E0-PSG,1075
1.684800028187536,0.13224103472437176,-0.8065091191232097,-1.5584726254461903,SC4002E0-PSG,1076
1.6121036137324491,0.3598669699100801,0.11926483573260284,-1.4088572601267286,SC4002E0-PSG,1077
1.8803839020095237,0.6519434347416253,-0.3226241782498615,-1.4738693449013294,SC4002E0-PSG,1078
1.7125344271883705,0.2786384060329068,-0.3497763515244141,-1.632901369428487,SC4002E0-PSG,1079
1.8267409904038352,0.6075688148274878,-0.6481235416336018,-1.6697361499832502,SC4002E0-PSG,1080
1.9949017955027897,0.11648402786758005,-0.8274888070494031,-1.5931951766886923,SC4002E0-PSG,1081
1.8234656067519166,0.22513826799364622,-1.0956051306054988,-1.514641296455886,SC4002E0-PSG,1082
1.3622877431693836,0.9236384416779375,2.2100001529599655,1.0280744091874356,SC4002E0-PSG,1083
1.0886533993513723,-0.01778377812957481,-0.8914809442624937,-1.4576693220840173,SC4002E0-PSG,1084
0.36929606506809887,-0.8151784294868336,-1.6929902558474663,-1.2783148962123516,SC4002E0-PSG,1085
0.31922068073051935,0.4570516912713869,-0.8442561151331042,-1.1939967216151839,SC4002E0-PSG,1086
0.10943401270343095,-1.0827575601493473,-1.4340053290886654,-1.5723714056845943,SC4002E0-PSG,1087
0.5927892902173166,0.05939355812910243,-1.124175002481271,-1.251719419655347,SC4002E0-PSG,1088
0.09516478966856279,0.002881018473511324,-1.525419277983091,-1.3223559708620585,SC4002E0-PSG,1089
0.4086000044435281,0.46139137338104924,-0.43858762798186723,-1.3237957780824419,SC4002E0-PSG,1090
0.7054480280370526,0.2775810097121193,0.006017405097295365,-1.3009875864496654,SC4002E0-PSG,1091
0.316944620060143,-0.2931794148251633,-0.9876199673578093,-1.699400717328495,SC4002E0-PSG,1092
0.9414198106623561,0.4492346299771644,-0.6390800720932155,-1.530889233385955,SC4002E0-PSG,1093
1.0404834855024363,0.6583663461996532,-0.6674917404388542,-1.5367108122427098,SC4002E0-PSG,1094
0.8271836626297874,1.159327246982282,-0.18146674615635142,-1.5983513439751553,SC4002E0-PSG,1095
0.9388188937627647,0.6662477080418997,-0.13090193202570785,-1.5541576463017972,SC4002E0-PSG,1096
1.4817175639906817,1.4282534096154,-0.6328160982446478,-1.5451352658813944,SC4002E0-PSG,1097
1.0539022291689146,-0.11985206757060642,-0.7882366496193534,-1.286929502577425,SC4002E0-PSG,1098
0.7478867236201672,0.3434457093126502,-0.8143733149949749,-1.164539584684286,SC4002E0-PSG,1099
0.7013570315617389,0.5343202468445686,-0.8078259734202087,-1.4591592998969012,SC4002E0-PSG,1100
0.621344278029332,0.8127148269775496,-0.06598825104978465,-1.164559332343394,SC4002E0-PSG,1101
1.0398335789824502,0.41517840201937256,-1.2173065572378823,-1.2142241008948333,SC4002E0-PSG,1102
1.4584958608153529,1.1239697277265166,-0.8454109380881347,-1.408544813181183,SC4002E0-PSG,1103
0.1919301895026439,-0.6647614237246449,-1.0389804032386551,-1.3010449648948554,SC4002E0-PSG,1104
0.6834768414872489,0.24786799834662193,-0.17433744574353163,-1.5144063656268543,SC4002E0-PSG,1105
0.9511793661562626,0.04649065262562801,-1.175474142974606,-1.2268683273364425,SC4002E0-PSG,1106
1.099020721892794,0.5968237453850147,-0.613471926271113,-1.4326894410994924,SC4002E0-PSG,1107
1.2585432067516207,0.7500634625873908,-0.5504937724480649,-1.4022323699329515,SC4002E0-PSG,1108
1.1654958054693494,0.3158278345984889,-0.7371704236882373,-1.4777091727744447,SC4002E0-PSG,1109
0.9024698265444457,0.011917044125471649,-0.7825971710426636,-1.4063511759000116,SC4002E0-PSG,1110
0.9846289561409138,0.7306543212958206,-0.5149153826693228,-1.6133480402475255,SC4002E0-PSG,1111
1.26837177477456,0.4377385021894587,-0.22548414294577893,-1.6805058217716176,SC4002E0-PSG,1112
1.3433760904409706,0.5586587334958284,-0.8400368731883312,-1.633949540791786,SC4002E0-PSG,1113
1.7062629085972252,1.6466225598522102,1.1878746575517964,0.9163669275666901,SC4002E0-PSG,1114
0.9540573682610551,0.3741403229334415,1.1816759145490434,0.6379855946797203,SC4002E0-PSG,1115
-0.46990510902095245,-0.3567753394751106,0.4245881632779392,0.09455355092182577,SC4002E0-PSG,1116
-0.6843976219146114,-0.5551431866938987,-0.8948445135990635,-1.2089367956260453,SC4002E0-PSG,1117
-0.6201695246566629,-0.5088193167898335,-0.8603743086748888,-1.1632476144176436,SC4002E0-PSG,1118
-0.07360512997943862,-0.06233172871165262,-0.9441813430283444,-1.005927853365414,SC4002E0-PSG,1119
-0.2175638243561398,-0.7564414932968092,-1.1283039080088872,-1.269761650909441,SC4002E0-PSG,1120
0.2689903612051643,0.12872053482352078,-1.0799459294542293,-1.3258559432342065,SC4002E0-PSG,1121
-0.29534258603320845,-0.7936847244654052,-1.0357553376009214,-1.287855157146888,SC4002E0-PSG,1122
-0.02173731248516645,-0.5947392359406659,-1.1216602545093226,-1.2193421284183725,SC4002E0-PSG,1123
0.12231193794709,0.08202054049633749,-1.5591091696160977,-1.4030355576587383,SC4002E0-PSG,1124
0.16444652922573408,-0.42190972288974526,-0.6318857338544724,-1.457241290255409,SC4002E0-PSG,1125
-0.16483500238904172,0.37701137654049094,-0.9636120382902617,-1.4152408177533002,SC4002E0-PSG,1126
-0.38352402854639567,-0.6486071601380619,-1.166476185536421,-0.9805982680691119,SC4002E0-PSG,1127
0.08719576455808083,0.16432545298462342,-0.7056617418967446,-0.6482760306397883,SC4002E0-PSG,1128
0.3237620258768206,0.905802276392437,-0.5721995300974817,-0.593245270456791,SC4002E0-PSG,1129
0.03706177965054479,0.6814400000375895,-0.743647124068948,-0.49680502546608746,SC4002E0-PSG,1130
-0.07544659217792953,0.5314349165588623,-1.0757875860586457,-1.0830539040053415,SC4002E0-PSG,1131
0.042393609307847205,1.487927934997222,-0.5662650599174532,-1.2108820906104283,SC4002E0-PSG,1132
-1.2097338173640309,0.28972543502999437,-1.3930236119092672,-1.2705482491882847,SC4002E0-PSG,1133
-0.35627693943271754,0.4815056749874586,-1.5346375918850514,-1.4003044652584749,SC4002E0-PSG,1134
-0.9500025031592094,-0.26714647595296354,-1.4286682930207093,-1.0889837080222338,SC4002E0-PSG,1135
-0.4485075270374859,1.5234312801978265,-0.9114870812953759,-1.1101778638403563,SC4002E0-PSG,1136
-0.39090311185207954,0.9162419525555091,-1.500823680166799,-1.387888937933846,SC4002E0-PSG,1137
-1.1115839280293256,-0.036080219711682474,-0.4486960391276718,-1.3431931229188587,SC4002E0-PSG,1138
-2.166239631586622,-1.9160206017934385,-1.246244011232796,-1.5811183755647036,SC4002E0-PSG,1139
-1.6901789836973662,-1.6926769862732234,-1.380378370036587,-1.517921901033662,SC4002E0-PSG,1140
-1.8072500672126561,-0.9824362022576397,-0.6097193147338335,-1.475799929027473,SC4002E0-PSG,1141
-2.024801158214995,0.30474253387931816,0.014654856784813996,-0.14560239702298108,SC4002E0-PSG,1142
-1.5646927190718212,1.7103772425107806,-0.08150135423455615,0.3451700686419634,SC4002E0-PSG,1143
-1.4374811412277977,-1.6892036143519475,-1.7643088596627579,-1.5001145364712185,SC4002E0-PSG,1144
-0.5513355031855454,0.40636935768966403,-1.1536823226635644,-1.236404177194456,SC4002E0-PSG,1145
-1.671168370378997,1.1863404947062455,-0.5177000287420892,-1.2467476260400019,SC4002E0-PSG,1146
-1.6717749405456501,0.17222245964810384,-1.5778887915367392,-1.5392282454748265,SC4002E0-PSG,1147
-1.828641319802707,-0.8969769393358362,-1.423701778563569,-1.5286786430301416,SC4002E0-PSG,1148
-2.0959991202419497,-1.6516467283145586,-0.7616670800898286,-1.5708715372658677,SC4002E0-PSG,1149
-1.764547857530571,-1.6853247464239067,-0.84928963602147,-1.5007515393845972,SC4002E0-PSG,1150
-1.8593568253629522,-0.12585795805124794,-1.1783258128617213,-1.4198600673549435,SC4002E0-PSG,1151
-2.0883232822043944,-1.3056868814391596,0.027565156421949295,-1.4742475985732864,SC4002E0-PSG,1152
-2.1723070483924403,-1.6883831161837066,-0.9676076692489191,-1.338552834245901,SC4002E0-PSG,1153
-2.0336899378799758,-1.6062860460820299,-0.7976907794168668,-1.4002375707800268,SC4002E0-PSG,1154
-2.0394063185446583,-1.1678599532427951,-1.1754743161459729,-1.3962452135229173,SC4002E0-PSG,1155
-1.486334771636299,-1.7025369009939764,-0.7456178044881085,-1.4459433503973822,SC4002E0-PSG,1156
-2.378955669054287,-1.9534861865539506,-0.6663219830533219,-1.335218488423569,SC4002E0-PSG,1157
-2.0499296520065617,-1.2487975322044482,-1.8395430309271614,-1.379233017299956,SC4002E0-PSG,1158
-2.205800135176449,-1.6877404168930674,-1.0541940540654813,-1.4374582123034214,SC4002E0-PSG,1159
-2.0878969719728726,-0.87709118705324,-1.2096849010717652,-1.2107605059918758,SC4002E0-PSG,1160
-2.1190848925950374,-1.1385950854479168,-1.3003449278315011,-1.3858678057620235,SC4002E0-PSG,1161
-2.1865432368115023,-1.3982258967353074,-0.8254849643380721,-1.4964301571528644,SC4002E0-PSG,1162
-1.5514360871312558,-1.8852110264057815,-1.2207403358675923,-1.3823476678659667,SC4002E0-PSG,1163
-1.340245691367079,-1.32529684813863,-0.9392258682167217,-1.2563923631092466,SC4002E0-PSG,1164
-2.0508515087765486,-1.7253252215115222,-1.5513952755458111,-1.2937075441999248,SC4002E0-PSG,1165
-2.441554046132503,-1.5394942924789694,-1.1607445746091294,-1.1979663305315633,SC4002E0-PSG,1166
-0.9881561142943772,-1.3007373934516095,-0.6745182137357916,-1.4938772984895579,SC4002E0-PSG,1167
-1.3720698492472716,-0.8526474760017715,-0.9979404982542261,-0.5316325332868326,SC4002E0-PSG,1168
-1.7139817658563214,-0.5041788033575308,1.3166386828426613,0.7467043373334763,SC4002E0-PSG,1169
-1.9098771248776214,-1.3268731901970523,-1.6853126672566365,-1.4346674073860004,SC4002E0-PSG,1170
-1.5226813238784955,-1.1728218821268968,-1.8207397015524804,-1.544583779359557,SC4002E0-PSG,1171
-1.9164550297386709,-1.5567743728433223,-1.2061640071262776,-1.473520612173513,SC4002E0-PSG,1172
-1.8093994603483705,-1.6171001645844696,-0.7939191846267614,0.2628693510158109,SC4002E0-PSG,1173
-1.700746349324925,-0.6100535076210936,-0.4188120775838176,-0.7572698553136359,SC4002E0-PSG,1174
-2.2010741471884803,-1.9092211443731795,-1.3681850835488114,-1.4705114521045213,SC4002E0-PSG,1175
-1.6583742016053538,-1.1641102996616641,-0.9231831921271616,-0.9877339187542511,SC4002E0-PSG,1176
-1.4271630084660942,-1.8810177983101353,-0.8144146138001161,-1.3322769476395424,SC4002E0-PSG,1177
-2.2177993268271434,-2.2069304220630332,-0.7915291048033831,-0.9539404666387535,SC4002E0-PSG,1178
-2.4065516853295255,-1.0757662759600068,-1.320476739957939,-1.266759669504629,SC4002E0-PSG,1179
-1.752606824115786,-1.8454529261346828,-1.3752470793154221,-0.6022281994920986,SC4002E0-PSG,1180
-2.430767991031762,-1.2247585782748942,-1.005760768895365,-0.8274010943353654,SC4002E0-PSG,1181
-2.005825717011841,-1.7426599795120168,-1.604342399277806,-1.2236794377298754,SC4002E0-PSG,1182
-1.5780926592466398,-1.2922315904731905,-1.8239720445029906,-1.5198816854577266,SC4002E0-PSG,1183
-2.041061288727075,-1.3588310147729787,-1.2848967657117891,-1.475801974499042,SC4002E0-PSG,1184
-2.089179794370057,-1.1754300484471418,-1.8016094855224576,-1.4813733963927427,SC4002E0-PSG,1185
-1.3007161201857746,-0.7936183852557872,-1.7867234987093215,-1.4364318253242303,SC4002E0-PSG,1186
-2.2649120166263415,-1.9026216814174837,-2.1418369528813046,-1.6099757627980986,SC4002E0-PSG,1187
-2.1196071768569205,-1.2516680753185205,-0.8132031365435829,-0.7186519818204211,SC4002E0-PSG,1188
-1.9347448880981788,-1.2797158987525405,-1.1685628913081663,-1.4563698485948755,SC4002E0-PSG,1189
-2.0855867953820915,-1.3922552619810253,-0.19179230372182957,-1.1048241827077314,SC4002E0-PSG,1190
-2.152100071691248,-0.4553778771263426,-0.13214072131406854,-0.9402372435903423,SC4002E0-PSG,1191
-1.460754122963359,-1.9232832241979123,-1.92596614532782,-1.4591600650352865,SC4002E0-PSG,1192
-0.36013810550294206,0.526857363587257,-0.7970557923033457,-0.8852202107220472,SC4002E0-PSG,1193
-1.436461019386126,-0.9863270470344258,-1.7141958102515367,-1.3991015083045986,SC4002E0-PSG,1194
-0.1409458862964902,-0.5775246060888282,-1.3892974147844879,-1.0702301759168305,SC4002E0-PSG,1195
-1.926068275048405,-2.3663499128653185,-1.6256400581510486,-1.4657486349851214,SC4002E0-PSG,1196
-1.4830658521681073,-1.388257765002943,-1.385546563998028,-1.2606700492910197,SC4002E0-PSG,1197
-0.8767874866824187,-0.8813535863778398,-0.8406885266475155,-1.3070600856558994,SC4002E0-PSG,1198
-0.531658792545647,-0.6645546133544816,-1.2533018095171446,-1.254490657932793,SC4002E0-PSG,1199
-1.1047533316946119,-0.18113706637920804,-1.093185473799315,-1.0084610713296855,SC4002E0-PSG,1200
-1.9610746008001574,-2.1674421381470257,-2.011285390047831,-1.3915087197342162,SC4002E0-PSG,1201
-0.5000885235041806,0.21442242424509161,-1.4615730330526377,-1.476675842398126,SC4002E0-PSG,1202
-0.4848415292159399,0.014258657184326062,-1.1918412500912474,-1.2750013269403822,SC4002E0-PSG,1203
-1.4407175582461178,-1.1290986096757016,-1.0288608362545537,-1.239388683960003,SC4002E0-PSG,1204
-1.7463300529541654,-1.7800637669272796,-0.6206196638424483,-1.169558323965703,SC4002E0-PSG,1205
-2.2513446236278147,-1.9082243764542877,-1.8839516831635978,-1.2500513500145571,SC4002E0-PSG,1206
-1.6581764687860574,-1.9937198540845422,-1.569470735362704,-1.1674623883375328,SC4002E0-PSG,1207
-1.2142449211387807,-1.458021369902191,-1.5779012515650739,-1.0947706341778374,SC4002E0-PSG,1208
-1.1565649352748684,-0.8371546560858188,-1.024991948799196,-1.1886906286567167,SC4002E0-PSG,1209
-0.9096359208008618,-0.44756083016870796,-1.1370941786729098,-0.6169646993560306,SC4002E0-PSG,1210
-0.5057613362512573,-0.8959091800196863,-1.2353465884263986,-1.215166033267998,SC4002E0-PSG,1211
-1.0852445074037111,-1.8606542298144229,-1.3923614276364957,-0.8512065805747172,SC4002E0-PSG,1212
-1.0347572932047924,-0.42013706116852906,-1.2810873795297237,-0.46093432067628776,SC4002E0-PSG,1213
-1.7145602064861696,-1.6617905034310745,-1.5773694027232494,-0.872549115057285,SC4002E0-PSG,1214
-0.9823380669155574,-1.8050161594862941,-1.2724334466337304,-1.0016460693391445,SC4002E0-PSG,1215
-1.1908794199571415,-1.682024158331706,-1.2671295612292053,-0.8143838513637098,SC4002E0-PSG,1216
-0.7851779617086322,-0.9937207819727953,-1.3226836967184938,-1.0273124239342235,SC4002E0-PSG,1217
-1.7548401246391705,0.39350350251868804,1.3083977121972488,0.1803596513460791,SC4002E0-PSG,1218
-1.5840829378078167,-2.4618194601959176,-1.6769710342001358,-1.2459273056054698,SC4002E0-PSG,1219
-1.7352955567632347,-0.7627475085353853,-0.8338490947102842,-0.9371381848463471,SC4002E0-PSG,1220
0.7849576384967396,-0.6399735861553131,1.417460283192386,1.5153723574397842,SC4002E0-PSG,1221
-0.2218334327244695,-1.2930868865093714,0.9152186838906565,0.5284783729951967,SC4002E0-PSG,1222
-0.49635349999759515,-1.11020189343598,0.9253610416113646,0.053223850769867215,SC4002E0-PSG,1223
-0.2765202123735657,-0.8036213652344946,0.3289400014756586,-0.08022669108170292,SC4002E0-PSG,1224
1.3033763634473143,-0.8308438222489954,0.40572415036722287,0.679337905036064,SC4002E0-PSG,1225
-0.14137202204189167,-1.5602679686162022,0.32961120343685485,-0.3288965326354998,SC4002E0-PSG,1226
-2.401115309159021,0.13259453600236648,1.1462014549830994,-1.0064247648272417,SC4002E0-PSG,1227
-2.4913343610756713,0.31896728363630467,0.48204891619629114,-1.1169165717704568,SC4002E0-PSG,1228
-2.614145889951507,-0.018689825317755964,0.06762509526249902,-1.1063832572716765,SC4002E0-PSG,1229
-2.3627003167490765,-0.8637207174835502,-0.20538242579143406,-1.182301976768742,SC4002E0-PSG,1230
-2.103060987591038,-0.40118729856836455,-0.5209287091807085,-1.335336361152224,SC4002E0-PSG,1231
-2.440343894928852,-0.7571173558616544,0.5054833822524138,-1.0383866667163841,SC4002E0-PSG,1232
-2.876270289201444,-1.6119974080864183,0.6497467606511738,-0.7513484201565857,SC4002E0-PSG,1233
-2.7816873841237326,-2.3125615137180193,0.03320893348513807,-1.346039664354736,SC4002E0-PSG,1234
-1.097187775213306,-1.4862335645015181,0.5187317299988046,-0.5834233317409117,SC4002E0-PSG,1235
-2.5810266831006397,-1.7982933730690576,0.2731598431606304,-0.6483452604416121,SC4002E0-PSG,1236
-2.174404117964299,-1.4445351227597942,-1.2640748971797262,-1.31868029871665,SC4002E0-PSG,1237
-0.7732022813122092,-1.6698922567873422,-1.1082511310217324,-1.3869400103790772,SC4002E0-PSG,1238
-0.8708057914474466,-1.1543353718318763,-1.8553020751689433,-1.427305007213706,SC4002E0-PSG,1239
-1.2058239303387122,-2.0615805597866057,-1.920463979171317,-0.878743047639427,SC4002E0-PSG,1240
-0.807377895150985,-1.0071859857463543,-1.4924111500379296,-1.0215123330790314,SC4002E0-PSG,1241
-0.9692539690867288,-1.3769547891378437,-1.3363624192529246,-1.0599717894063088,SC4002E0-PSG,1242
-0.9178582301335392,-0.9714505211713669,-1.82182495992171,-1.374088489511698,SC4002E0-PSG,1243
-1.189539701579845,-1.189649355861356,-1.659896289269612,-1.3515616702902664,SC4002E0-PSG,1244
-0.9588832675241867,-1.6411792917102144,-1.4798042691821034,-1.3349075276522264,SC4002E0-PSG,1245
-0.9068162040133075,-0.9045644054795554,-1.2589322897318378,-0.8668747995303704,SC4002E0-PSG,1246
-0.8404829718887303,-1.426083283595138,-1.2545115220697147,-1.363399713039152,SC4002E0-PSG,1247
-0.5829838112108129,-1.0888600211263992,-0.910145863565772,-1.2257554499945806,SC4002E0-PSG,1248
-1.1479931954198694,-1.3264658405451903,-0.9793416828124986,-1.2721735796979625,SC4002E0-PSG,1249
-1.0062551332556762,-1.2889430748538355,-1.1062824300479395,-1.332821519231997,SC4002E0-PSG,1250
-0.49993723849306165,-0.9231729124650825,-1.4246355485457876,-1.5097940052410983,SC4002E0-PSG,1251
-1.0349300105817083,-0.558546230080249,-1.50619913268847,-0.9386625624618454,SC4002E0-PSG,1252
-0.47877679915970717,-1.0335827341354513,-1.4073684413056309,-1.2072124095864154,SC4002E0-PSG,1253
-0.7796135749840911,-0.7324066320136168,-1.096187810114233,-1.1527408086371889,SC4002E0-PSG,1254
-0.10130380767599237,-0.5797798740982546,-0.5719540909504195,-1.0905967234065632,SC4002E0-PSG,1255
-0.5638790875016757,-0.843613602496087,-1.2509213748651966,-1.3799970359362426,SC4002E0-PSG,1256
-0.45427272533372826,-0.661012336300204,-1.0373958112502526,-1.3742418257914106,SC4002E0-PSG,1257
-0.6620458993978119,-1.2593696718755047,-1.3921109353784185,-1.3024963125574482,SC4002E0-PSG,1258
-0.18257533251101554,-0.25528858943453026,-1.1925384678025228,-1.1590748088218197,SC4002E0-PSG,1259
-0.3753861302377946,-1.270521611578416,-1.3540714637790108,-1.2575763325118527,SC4002E0-PSG,1260
-1.026613083063622,-1.2628622862510936,-0.836517038565198,-1.1420076466893132,SC4002E0-PSG,1261
-0.11281781914597501,0.14783257273862763,-0.8099937456824952,-1.2172173084358255,SC4002E0-PSG,1262
0.004308821063856976,0.38724831597997217,-1.0484478861491284,-1.3057958985435965,SC4002E0-PSG,1263
-0.7364085109286591,-1.0428737602169664,-0.9488826760604172,-1.3272170877920768,SC4002E0-PSG,1264
-0.3355991449396539,-0.5456431850227449,-0.7754588453125217,-1.4515356453141381,SC4002E0-PSG,1265
0.08836109519985887,-0.5117594113935519,-0.5118836354342569,-1.4064271853994443,SC4002E0-PSG,1266
-0.1926289330876752,-0.8111259176048521,-0.6824776462985166,-0.8880130883287584,SC4002E0-PSG,1267
-0.358774236158346,-0.5321852921905442,-0.8938579753619724,-1.1896032983268698,SC4002E0-PSG,1268
-0.32710046732663245,-0.3087578726570996,-0.47376661937608666,-1.3306533367595528,SC4002E0-PSG,1269
0.2041238067182771,-0.3426228829240989,-1.0097919416423622,-0.9905665422097217,SC4002E0-PSG,1270
0.013218981600341965,-0.016402239222518704,-0.3268422572960212,-1.341238663683057,SC4002E0-PSG,1271
0.19532076858722275,0.29745777859631184,-0.9771199178310721,-1.1579350251928466,SC4002E0-PSG,1272
-0.40514395066246683,-0.024955461290783566,-1.048306410871833,-1.3625425557337092,SC4002E0-PSG,1273
0.4151896408323881,0.5908727883463333,-0.6148066476819214,-1.4450513065165709,SC4002E0-PSG,1274
0.45152067858018874,0.3114002829825525,-0.1706103687891038,-1.0613329784059002,SC4002E0-PSG,1275
1.0567625236541902,0.07350214794023054,-0.616532454187435,-1.4044483303809834,SC4002E0-PSG,1276
1.032030380400515,-0.22671708553371722,-0.8111063032690492,-1.542444398592189,SC4002E0-PSG,1277
0.9227514844076719,-0.31443479413284015,0.42004429558345413,-1.2835556956152177,SC4002E0-PSG,1278
0.4341621664471178,-0.04818325567333919,-1.3295525377900457,-0.7870706789354156,SC4002E0-PSG,1279
0.1289349511414316,-0.2628721537553647,-1.264753795811213,-0.8660086442627717,SC4002E0-PSG,1280
0.2516862609822821,0.4534827860503601,-0.592000596548493,-1.3256577461043837,SC4002E0-PSG,1281
0.5292435308039836,0.23089057291845128,-0.6155980108253882,-1.2233164869374085,SC4002E0-PSG,1282
0.8771169713572603,0.00023687736486777594,-1.1711911507207127,-1.162725603905687,SC4002E0-PSG,1283
0.8241320851740134,-0.5332269762696513,-0.4580213862797113,-1.3429844376963334,SC4002E0-PSG,1284
1.468936998175861,0.592986820521822,0.4052628384353342,-1.1830152949343524,SC4002E0-PSG,1285
-0.027074548616483386,-1.175300889197763,-1.5265967467126793,-1.3625375365095032,SC4002E0-PSG,1286
0.5618652909427871,0.09075985739806397,-0.6202464730465379,-1.0691030290960226,SC4002E0-PSG,1287
0.22600904783190046,-0.09442642109771052,-0.8280965877283045,-1.3168843329654771,SC4002E0-PSG,1288
0.4414918530753615,0.15036191373013555,-0.4562920544888036,-1.0090699385709152,SC4002E0-PSG,1289
0.8088378436060917,0.45922697265309714,-0.75604425249454,-1.4170540148553807,SC4002E0-PSG,1290
0.6957995268987133,0.21177335012941964,-0.8298562199822448,-1.3679651260475747,SC4002E0-PSG,1291
0.5270578669167539,0.4643776281477434,-0.8692921549866025,-1.2138215648972523,SC4002E0-PSG,1292
0.44951506672247826,-0.359116692851573,-0.8232530779674326,-1.3101205979630655,SC4002E0-PSG,1293
0.9701025537858904,-0.040301806117796775,-0.7154685140489059,-1.1181018007434638,SC4002E0-PSG,1294
0.8824204803768214,0.44074299084512114,-0.1750657609774676,-0.8776378353353259,SC4002E0-PSG,1295
1.144836513219073,0.31709934141615476,-0.45453667353121807,-1.2833113802362244,SC4002E0-PSG,1296
1.1550178631916843,-0.10998468102660115,-0.45619562424633125,-1.4504220223723443,SC4002E0-PSG,1297
1.1382089085573257,0.10586811318188918,-1.0084604689447345,-1.5880179003306854,SC4002E0-PSG,1298
1.3832172227040482,0.3454891922209683,-0.8652869731598241,-1.3400856935726684,SC4002E0-PSG,1299
0.9074833038798491,0.02636526031223762,-1.049699441312235,-1.447423812060377,SC4002E0-PSG,1300
1.6104679886780062,0.5979194650752184,-0.8713262896238829,-1.4197642214299326,SC4002E0-PSG,1301
1.1422193535111207,0.657702098723413,0.5294813435350191,-1.3506308732443086,SC4002E0-PSG,1302
1.0895799302695943,-0.43785594853721527,-0.6894239683296363,-1.4592006425053712,SC4002E0-PSG,1303
0.9391430321525138,0.26867083122202495,-0.2398680722487102,-1.394669161331242,SC4002E0-PSG,1304
1.2805740249297173,0.024417804693954746,-0.4013825966076888,-1.3522194826798073,SC4002E0-PSG,1305
1.5581064656720374,0.6964828786620815,-0.36404607388807825,-1.309029744703612,SC4002E0-PSG,1306
1.2157341894965463,-0.2886623569062365,-0.4634534220034635,-1.3795548986171775,SC4002E0-PSG,1307
1.6052877429008543,0.7077512193727022,0.44536126136839216,0.03861628586059485,SC4002E0-PSG,1308
0.9816560335234745,1.082795770521904,1.3027417218094623,1.3594958743821175,SC4002E0-PSG,1309
0.11966409300036533,0.017813226688770965,-0.827648874840175,-0.5310840036746137,SC4002E0-PSG,1310
0.04503476859901355,-1.1249963697941665,-1.5552311627976976,-0.9914862055759094,SC4002E0-PSG,1311
0.3830093648196824,0.08022327906261739,-0.6491900608720921,-1.2500376067181207,SC4002E0-PSG,1312
0.07975696592946568,-0.34719595997245883,-1.3275694182212439,-1.4861618182099814,SC4002E0-PSG,1313
0.1300349613428998,-0.9962387448117364,-1.8649311694894009,-1.1339697193454896,SC4002E0-PSG,1314
-0.7167163365062714,-0.9390704192752825,-1.5985664813488938,-1.3403116808347304,SC4002E0-PSG,1315
-0.18797723361526275,-1.1328884272940754,-1.0575906408167945,-0.9450914483716497,SC4002E0-PSG,1316
0.3815028075606581,-0.5644858707501335,-0.6000548474844087,-1.2685851090136133,SC4002E0-PSG,1317
0.36123799276662966,-0.47395776989814764,-1.3209347984191864,-1.487261542043747,SC4002E0-PSG,1318
-0.3206450054845127,-0.8788952771937691,-1.703468904826801,-1.303240869652684,SC4002E0-PSG,1319
0.23053803885248583,-0.9168203897749192,-1.2852088277732912,-0.9918379140060163,SC4002E0-PSG,1320
-0.2709094334482401,-0.2450289863928149,-2.054634047326926,-1.4519787663411257,SC4002E0-PSG,1321
0.05409680852359246,-0.3552985301007605,-0.5923689730931286,-0.6465423766477838,SC4002E0-PSG,1322
-0.2814169627683561,-1.015937780118283,-1.1900487967795765,-1.3151323907981451,SC4002E0-PSG,1323
-0.8592462108831562,-1.552366559975715,-1.9371163169282746,-1.0283023925221488,SC4002E0-PSG,1324
-0.3770240095631927,-0.47662177689093377,-0.33368587300984043,-0.7996882999208428,SC4002E0-PSG,1325
-0.3345774023249836,-0.19239950907247477,-0.19618731884257265,-1.3258689859912598,SC4002E0-PSG,1326
-0.27051298488211284,-0.6595211900076554,-1.131662596670266,-1.4216891698259864,SC4002E0-PSG,1327
0.36157885787086175,0.4300274241090642,-0.9868712406638046,-1.0813039104167774,SC4002E0-PSG,1328
0.917271135433654,1.5716220937744085,0.48147810157664755,-1.0531910023691136,SC4002E0-PSG,1329
-0.1487083892042698,-1.1225543722565234,-1.8460316264168264,-1.5103890316646256,SC4002E0-PSG,1330
-0.09917684401855106,-0.9746945480373462,-1.4293887846206166,-1.1563494698810832,SC4002E0-PSG,1331
-0.0020135133481707307,-0.31283230742611956,-0.8842270336636381,-0.993607548158784,SC4002E0-PSG,1332
0.3519244529803337,-0.03527230361089497,2.425466234298435,1.92335053452975,SC4002E0-PSG,1333
-1.597305427343989,-0.4781873981084403,0.9683984927826428,0.34682839662052384,SC4002E0-PSG,1334
-0.999199201748221,-1.717892431494781,-1.578008465893199,-1.280672131571761,SC4002E0-PSG,1335
-0.9012429787264786,-2.3304727085287626,-1.3712796960583176,-1.4315656820949958,SC4002E0-PSG,1336
-0.34161601946192743,-0.2375279651379447,-0.9326503852958166,-1.2053983850753662,SC4002E0-PSG,1337
-0.027894596372067402,0.19302661284092773,1.0722971597973812,0.9020085936178193,SC4002E0-PSG,1338
-2.280766793843964,-0.8961347961662454,1.0147184847097486,-0.1883024154464167,SC4002E0-PSG,1339
-1.4840887835286907,-2.198135796180132,-1.0682781502470973,-1.1266862206485986,SC4002E0-PSG,1340
0.35524749522523463,0.04914393534994187,-0.9627501474438541,-1.2589315735841144,SC4002E0-PSG,1341
-0.7650770553884805,-0.9560911980994097,-1.6787833797334606,-0.8892056293525163,SC4002E0-PSG,1342
0.16440400607810748,0.20613830121102697,-1.3738130834648976,-0.9689396288134354,SC4002E0-PSG,1343
0.32612177936759806,0.10858611712125102,-1.270918607103951,-0.6170414547381842,SC4002E0-PSG,1344
0.28213898260516973,-0.24359056348207425,-1.2363998785208252,-0.7531148456300615,SC4002E0-PSG,1345
-0.06126091922444844,-0.006663899853539362,-1.0408782912691543,-1.4147458496654108,SC4002E0-PSG,1346
-0.8008390678269565,-0.3228677400460078,-1.215907164914831,-1.1729679735333458,SC4002E0-PSG,1347
-1.193617927305426,-0.4624397536318531,-1.0045325969202898,-1.1984082175719948,SC4002E0-PSG,1348
-1.4842815125944429,-1.7361556203739341,-1.8459231569001278,-1.4577675034201243,SC4002E0-PSG,1349
-1.383841885681552,-0.5802598485846592,-1.4637687871632494,-1.5006095321307613,SC4002E0-PSG,1350
-1.8441359227290672,-0.29872113223402147,-0.3880963657718418,-1.1491882559842244,SC4002E0-PSG,1351
-1.9513803612714398,-0.6212909102123745,-0.672313061359473,-1.2723597342299853,SC4002E0-PSG,1352
-2.3387196240036565,-1.8374110019514593,-0.5619776438263449,-1.554745167157518,SC4002E0-PSG,1353
-2.0894397359833943,-1.5133703221729,-0.8513898959000802,-1.54443036923021,SC4002E0-PSG,1354
-2.1197921139461013,-1.6895598847547155,-1.1885798612036171,-1.4186727942515114,SC4002E0-PSG,1355
-2.2104135368984412,-0.6402683184792793,-0.6296118559595357,-1.2626478507371826,SC4002E0-PSG,1356
-1.7039038755278473,-2.5168037798273364,-0.7386379390353895,-1.361930557595065,SC4002E0-PSG,1357
-2.0231224571607074,-2.2789004833362974,-0.9178086043694904,-1.5036270040712687,SC4002E0-PSG,1358
-1.8243428077375397,-1.5002195878773688,-1.6546662174688498,-1.495619305947947,SC4002E0-PSG,1359
-1.9124847843425903,-1.2961543511742308,-1.3122773297862345,-1.4359360657847953,SC4002E0-PSG,1360
-1.9265380134167116,-2.475215651548763,-1.158317377906771,-1.265905007597856,SC4002E0-PSG,1361
-1.1241244928114456,-0.6209688783260857,-0.46354766719954005,-0.8007227378784326,SC4002E0-PSG,1362
-2.0684210000969387,0.4546142785826286,1.5824090952700827,0.9441776873942066,SC4002E0-PSG,1363
-2.3816443818860478,-0.3640881264450038,1.1322572086159397,-0.7470974920779595,SC4002E0-PSG,1364
-2.627212886576105,-1.6586723027860406,-1.1133518482577671,-1.2350276955212016,SC4002E0-PSG,1365
-2.0926703748884714,-1.930385467356358,-1.476464949680428,-1.2412423165974955,SC4002E0-PSG,1366
-0.5884438631514837,-0.7118740692005776,-1.9371592401098365,-1.3235715386942297,SC4002E0-PSG,1367
-1.387165636247825,-0.5632504281987153,-1.7566996204501466,-0.8973182034110327,SC4002E0-PSG,1368
-0.3652206069327166,-0.6557638312268049,-1.149649549927914,-1.3389064647514464,SC4002E0-PSG,1369
-0.9587073695537092,-0.9936799353517523,-1.788753822733736,-1.423283106890806,SC4002E0-PSG,1370
-0.6193291458050567,-0.7085123175556736,-1.071871105005398,-1.144782850793482,SC4002E0-PSG,1371
-0.14472342917459458,0.593142066824416,-0.9587795022227589,-0.9078785750319385,SC4002E0-PSG,1372
-1.003553814746815,-0.40443663290452836,-0.8164801253680418,-1.1227505851306738,SC4002E0-PSG,1373
-1.2653872077124955,-1.5972138002717815,-1.603859763401488,-1.018540766776075,SC4002E0-PSG,1374
-0.9897679554638014,0.13784591521782336,1.4466481297402978,-0.7025958390249906,SC4002E0-PSG,1375
-2.7210255661682496,-1.0360818621525885,-0.6953938911998035,-1.1692887894155055,SC4002E0-PSG,1376
-1.4509796726400526,-1.7834660883101867,-1.6597954576634242,-1.150272559899439,SC4002E0-PSG,1377
-1.008101817616925,-0.6356352442261519,-0.6639504107253039,-1.2266285179417165,SC4002E0-PSG,1378
-1.2359608563188407,-0.8249011240605068,2.0905489836434725,1.5542953591379864,SC4002E0-PSG,1379
-2.4495109818316756,-1.916427403104653,-0.4981259979963109,-1.0757691081717757,SC4002E0-PSG,1380
-0.497059322527347,-1.1149121373873814,1.1784257657789523,0.6990934534784142,SC4002E0-PSG,1381
-1.1477192411627632,-2.129151842119806,0.9590613863655504,-0.09587624348521989,SC4002E0-PSG,1382
-0.3807726402898024,-2.2536465520196303,0.611091431294962,-0.0921517271142637,SC4002E0-PSG,1383
-0.9033619732453803,-2.087789249307384,0.9621203625067504,-0.12740002782603588,SC4002E0-PSG,1384
-2.6210847290165513,-1.8424269923290193,0.6807942395701483,-0.7492913884531426,SC4002E0-PSG,1385
-0.13789316333657747,-1.8543897212062581,0.7514057646336906,0.6222147106002439,SC4002E0-PSG,1386
-1.8887542199337413,-1.683893038790015,0.39036683262965793,-0.005536438953920409,SC4002E0-PSG,1387
0.37283379926394067,-0.40947752986216956,1.3319151586603952,1.1661853609716117,SC4002E0-PSG,1388
0.5384196176345112,-1.01787348476224,0.35819830254275925,0.4620011660547992,SC4002E0-PSG,1389
-0.8154547487999507,-1.4353245639861154,0.7511523358794203,-0.9213185964029842,SC4002E0-PSG,1390
-1.800029258280712,-0.8458092007400846,0.9742804372848964,-0.7788079795929432,SC4002E0-PSG,1391
-0.13085636177321835,-1.5229276326384407,0.5387128778616206,-0.5266303336778915,SC4002E0-PSG,1392
0.23140527807414,-1.6182241282224654,0.13062672154006902,0.2526795064538532,SC4002E0-PSG,1393
0.5172819634377543,-1.7317445990681386,0.388391831129496,-0.38236428936400224,SC4002E0-PSG,1394
-2.660343513467984,-1.411013323743568,0.788175397620834,-1.178551239197514,SC4002E0-PSG,1395
-2.695243257146625,-1.0044005159287797,0.6061024216210437,-1.1882494321122883,SC4002E0-PSG,1396
-2.5912831985327447,-1.4117706822567702,0.7688409127488108,-1.3617812015440522,SC4002E0-PSG,1397
-2.6744547916548855,-2.5938454275174867,-1.0994523313386984,-1.5413541296846154,SC4002E0-PSG,1398
-2.734692433088287,-1.5459367903724315,-1.1479703826399374,-1.3743410209200497,SC4002E0-PSG,1399
-2.483406244142127,-2.1414469163720207,0.6909318409241823,-1.2536574163888201,SC4002E0-PSG,1400
-2.6089770538402774,-1.982822610510835,0.23903231322038418,-1.441132772909502,SC4002E0-PSG,1401
-2.847377519568236,-2.6155683242355243,0.46800774201752876,-1.3881274047735606,SC4002E0-PSG,1402
-2.696207711806558,-1.0436422086699164,-0.16931093977888773,-1.4104189809954975,SC4002E0-PSG,1403
-2.7157141583421924,-2.350592572002826,-0.021011582270173933,-1.4170438103491703,SC4002E0-PSG,1404
-2.8780258378891816,-1.9192700730538845,0.9380218279386503,-1.4075041503250731,SC4002E0-PSG,1405
-2.768559094645561,-1.3556598683882823,-0.18314458563490174,-1.4608673025585914,SC4002E0-PSG,1406
-2.3820786525301285,-1.98892566083845,-0.8666485927777378,-1.5340695307771524,SC4002E0-PSG,1407
-2.0887881962099875,-2.2603799360008696,-1.5573855295580767,-1.392642086790396,SC4002E0-PSG,1408
-1.2953726140503212,-1.3682230982248011,-1.9359027063760417,-1.5001356369728742,SC4002E0-PSG,1409
-1.2573929329022366,-1.6514998069568323,-2.410033579594193,-1.6723462478698492,SC4002E0-PSG,1410
-1.1753839352838993,-1.873614458571753,-1.9707502857496926,-1.5442764934068174,SC4002E0-PSG,1411
-0.32731237045468636,-0.02189932882971632,-1.7543573728510922,-1.0689849080746385,SC4002E0-PSG,1412
-0.9267909218801639,-1.3530316584594333,-1.6968120946234155,-1.2600645647378599,SC4002E0-PSG,1413
-1.320514852666837,-1.5534479227047302,-1.6949266750047165,-1.0593454415536412,SC4002E0-PSG,1414
-1.2617717468683582,-1.7688846694595504,-1.6125896675992468,-1.046429675089993,SC4002E0-PSG,1415
-0.6705833850770248,-1.3325339484987373,-1.8403838058594861,-1.3406322462309859,SC4002E0-PSG,1416
-1.168820754710249,-2.063504258820305,-1.553364602371746,-1.3400342347541538,SC4002E0-PSG,1417
-0.5646634183139764,-1.0383030693882807,-1.4537291850950904,-1.1026761676660752,SC4002E0-PSG,1418
-0.9329104443743074,-1.150708501677849,-1.9290215796066346,-1.2664147323194235,SC4002E0-PSG,1419
-0.8834665534880657,-1.0043953596045214,-1.1048282633076985,-0.8918909387366794,SC4002E0-PSG,1420
-1.1648851727739342,-1.7051427238002204,-1.9394567274211483,-1.1507928374285377,SC4002E0-PSG,1421
-1.3584550194212495,-1.6293290556053857,-1.0532821702269197,-0.9256570837563564,SC4002E0-PSG,1422
-0.8866962677727235,-2.108500575217393,-1.5284360056740882,-1.521485172570646,SC4002E0-PSG,1423
-1.023042480872108,-1.1015910022060773,-1.2962776340364877,-0.9390094705745792,SC4002E0-PSG,1424
-0.9180199162591083,-1.381351580598922,-1.4502006811732269,-1.2264656864554213,SC4002E0-PSG,1425
-1.1848785123719525,-1.7097905980448784,-1.2337731970154435,-1.1650890355346348,SC4002E0-PSG,1426
-0.6751152491537267,-1.0175126948815256,-0.7736558519689621,-1.0154324831961223,SC4002E0-PSG,1427
-0.9510578313495311,-1.108210133112078,-1.4454748234384722,-1.3495314826201794,SC4002E0-PSG,1428
-0.8357597229832703,-1.0556230426907975,-0.527141913498129,-1.2032474509962325,SC4002E0-PSG,1429
-1.114446669013098,-0.9820185391845011,-0.4672223770450401,-1.134876095962709,SC4002E0-PSG,1430
-0.7171176374880399,-1.052030698175454,-0.8479062848990079,-1.0376609374077546,SC4002E0-PSG,1431
-1.3138803015392835,-1.2459272972841462,-1.332746156544692,-1.080178464317991,SC4002E0-PSG,1432
-0.551953141186643,-0.42829119838961294,-0.8311377858008839,-1.2960341135107676,SC4002E0-PSG,1433
-0.23011121179665714,-0.6563634089744205,-0.6178289889506694,-1.1143471223251045,SC4002E0-PSG,1434
-0.7191600706068051,-0.9052238623200375,-0.7314680131763059,-1.0805364499272672,SC4002E0-PSG,1435
-0.6526120046656171,-1.0850895676151138,-1.1048261627966853,-1.2461133402890876,SC4002E0-PSG,1436
-0.3231915092484176,-0.7898948300744363,-0.8470691086485852,-0.917977805741288,SC4002E0-PSG,1437
-0.3590015270419308,-0.2969165971556417,-0.3055407324746027,-1.3113631446835732,SC4002E0-PSG,1438
0.0742056591517346,-0.43954167446342524,-0.8561657670888523,-1.4812604196739991,SC4002E0-PSG,1439
0.06974841355426825,-0.2889215949166465,-0.5161933800306524,-1.0098289112903576,SC4002E0-PSG,1440
-0.4223203263502737,-0.5194209821570118,-1.2019995819209914,-1.351249082731782,SC4002E0-PSG,1441
-0.11454872896051368,-0.03646947851563588,-0.49168022639351805,-1.0401242062773601,SC4002E0-PSG,1442
0.46354047658125136,-0.4179568347441107,-0.8304431730781104,-1.073994625564925,SC4002E0-PSG,1443
-0.03725911661415368,-0.3300182028541216,-1.153556794375762,-1.065937200614377,SC4002E0-PSG,1444
-0.35807534686143966,-0.736032889233217,-0.6189909655892178,-0.90744038954726,SC4002E0-PSG,1445
-0.6923959600599244,-0.7594033732995463,-0.19770026273226,-1.0735070405524205,SC4002E0-PSG,1446
0.17973569506966883,0.16309650962323435,-0.6485949294024601,-1.1380595999170169,SC4002E0-PSG,1447
-0.09771147981493526,-0.4539911062851147,-0.854643406900479,-1.424418398042011,SC4002E0-PSG,1448
0.7553471207587829,1.8558395053227883,2.032781517490621,1.5607827809712682,SC4002E0-PSG,1449
0.32624749618289894,0.018030564543820536,-1.080898421146234,-1.1430353787106242,SC4002E0-PSG,1450
-0.4200583783929207,-1.8334890650872515,-1.7469087975822475,-0.844686511260007,SC4002E0-PSG,1451
-0.5704233132516812,-0.8892203789158023,-0.8056892965492556,-0.6426173061093281,SC4002E0-PSG,1452
-0.4722868255243733,-0.4169485349060604,-0.7268555805430981,-1.1767687958217856,SC4002E0-PSG,1453
-0.5202068407726127,-1.6026445072248872,-1.5410547234921974,-1.3174095322698909,SC4002E0-PSG,1454
-0.3153567515788596,-0.8013561227702504,-0.8134463635076153,-1.1728265260177535,SC4002E0-PSG,1455
-0.2882842745223518,-0.6188050494780634,-1.3135016296148343,-0.9631651871230884,SC4002E0-PSG,1456
-0.28530915708643323,-1.1117608510133243,-0.8430580806799404,-1.3946187488785458,SC4002E0-PSG,1457
0.662337757215265,0.34074615176386214,-0.24886864701593372,-1.2482632465703376,SC4002E0-PSG,1458
-0.02761363282822469,-0.41145751247914225,-1.1205314357048044,-1.5163871713949464,SC4002E0-PSG,1459
-0.1827796016211657,0.02954813485954472,-1.0073439814905716,-1.4468365674241597,SC4002E0-PSG,1460
0.4344762670540416,0.10230026637319639,-0.47808564885262983,-1.1123830174429974,SC4002E0-PSG,1461
0.4124381110416181,0.09733668744902223,-0.5228411266090351,-1.35044911999474,SC4002E0-PSG,1462
0.3210252496479548,-0.382730376819395,-0.8394196383143553,-1.3761812379686684,SC4002E0-PSG,1463
1.1935786208159318,0.39611551536478506,-0.5692107980371992,-1.3934839422840295,SC4002E0-PSG,1464
1.234009911573149,0.18744934959673645,0.029770815692524988,-1.643514915098193,SC4002E0-PSG,1465
0.6240818565688958,-0.04723244082170168,-0.7851298939146034,-1.4536691968352256,SC4002E0-PSG,1466
-0.9696158682155614,-1.028401542044962,-1.053812680851334,-0.8182035218101663,SC4002E0-PSG,1467
-0.24523991566072262,-0.24473816899268555,-0.4943704890384553,-0.9099861016776111,SC4002E0-PSG,1468
-0.1516396491290796,-0.44267162725058906,-0.9042172227222194,-1.2612294954188952,SC4002E0-PSG,1469
0.02834141488255679,0.8382273116719124,-0.6322492899783064,-1.1805277268368217,SC4002E0-PSG,1470
0.3944287592171204,-0.19432710899569736,-0.989883590740279,-1.071960081959961,SC4002E0-PSG,1471
0.6135179931237308,-0.18473334218722495,-0.45245145697073974,-0.9009589509105188,SC4002E0-PSG,1472
0.22625501127183476,-0.6606668500168188,-0.47752088270524207,-1.3193130398567219,SC4002E0-PSG,1473
0.7973807067222544,0.20067199913044417,-0.9855503387652453,-1.4491565520361585,SC4002E0-PSG,1474
0.8849040946323354,-0.10538884887429353,-1.0023350332855039,-1.2449644663324946,SC4002E0-PSG,1475
1.257776726332285,0.3717347689059386,-0.40964459168746226,-1.259777163131464,SC4002E0-PSG,1476
0.7571767905872585,0.18906247398422293,-0.7733559163668803,-1.625081915448121,SC4002E0-PSG,1477
1.0974895010622256,0.6392622100845505,-0.7540787438059877,-1.3803944509998232,SC4002E0-PSG,1478
0.9474558953866379,-0.4815395523374138,-1.0123820781285213,-1.5717933621027096,SC4002E0-PSG,1479
0.9296660814899579,-0.17903921722674657,-0.20073410834877561,-1.3560057947680149,SC4002E0-PSG,1480
0.9910497222413422,-0.04743026152931301,-0.9465071752625684,-1.7464015069124506,SC4002E0-PSG,1481
1.4374858305381752,1.3183941794634033,2.35253572202903,1.639120044232152,SC4002E0-PSG,1482
0.7636752401680214,-0.21907532759751916,0.3520310157782201,0.16478316189035286,SC4002E0-PSG,1483
-0.042382108753417656,-1.5672051577616406,-1.3415176037634686,-1.07074141835064,SC4002E0-PSG,1484
-0.14668249129976077,-0.561441376974568,-0.7330386978352683,-0.759431958410832,SC4002E0-PSG,1485
-0.4496839879460627,-1.2538118108169933,-1.5968250811296874,-1.1702156952871772,SC4002E0-PSG,1486
0.19173931538683794,0.46553979601666673,-0.6586009828132647,-0.8352152811702727,SC4002E0-PSG,1487
0.640152734832589,0.6618948236015474,-0.4933460571046807,-0.7451058137329384,SC4002E0-PSG,1488
0.4317525925645915,0.019417763772689244,0.34059792396590693,-1.1923843456564358,SC4002E0-PSG,1489
-0.43319908676040964,-1.5779031231409602,-1.5802625097612408,-0.5911918345756112,SC4002E0-PSG,1490
0.5673647555012187,0.2088948222890674,-1.0055106837095866,-0.6827981134861403,SC4002E0-PSG,1491
-0.3956954557271555,-0.47936552509276414,-1.3069192117921884,-1.1957650621715767,SC4002E0-PSG,1492
-0.320459698770599,0.12828968158163573,-0.8141694744661238,-0.5955512573407612,SC4002E0-PSG,1493
0.229562797516036,1.1752795311627244,-0.16586148724510344,-1.0070161012592669,SC4002E0-PSG,1494
-0.1536589237322688,0.3465150678142944,-1.3194160995448165,-1.0906496149590847,SC4002E0-PSG,1495
0.13039519658521986,0.591140728862555,-0.5664347108778562,-0.993149484782564,SC4002E0-PSG,1496
-1.009448578364226,0.23089691862112768,-0.7626009190513542,-1.2524905284081929,SC4002E0-PSG,1497
-1.4379381061641534,-0.6225973232805763,-1.2118511717239788,-1.1481024096444106,SC4002E0-PSG,1498
-1.8809264400086156,-1.145657428739813,-1.025869296769219,-1.352666072925693,SC4002E0-PSG,1499
-1.9075925966561498,-1.1643966795648908,-0.8758340605320899,-1.5253661036638404,SC4002E0-PSG,1500
-1.6271983142047628,-1.435134864199881,-1.7119689033469232,-1.3849006507736727,SC4002E0-PSG,1501
-1.800875897793581,-1.9627456726960855,-0.4285126601112658,-1.2193332033218647,SC4002E0-PSG,1502
-2.049075945351978,-1.6995581473623038,-1.7220888595143264,-1.4536740709694838,SC4002E0-PSG,1503
-2.055338749269177,-1.8027500346313012,-1.1906005331140177,-1.3252137418348808,SC4002E0-PSG,1504
-1.6521373104598787,-2.0084665237325723,-1.224022161834576,-1.332277109343481,SC4002E0-PSG,1505
-1.8793875727479143,-1.5083455453441714,-1.3394330504894574,-1.4288186646256789,SC4002E0-PSG,1506
-1.734606442907562,-1.8788142097794323,-0.8648765785041803,-1.1515850105144354,SC4002E0-PSG,1507
-2.295389170455468,-1.8339204816133734,-1.5907174202005077,-1.349306260964574,SC4002E0-PSG,1508
-1.9244748044515343,-1.6402710142406338,-1.1836239555148405,-1.4455781625593915,SC4002E0-PSG,1509
-2.3018391244698195,-1.6230683256374263,-0.6285853559351138,-1.4020691138695116,SC4002E0-PSG,1510
-1.693945778363584,-1.8071865687386808,-1.353941590660333,-1.4849382590390054,SC4002E0-PSG,1511
-1.66173988458221,-1.1173320372090045,-0.9927800436694174,-1.1724774983509503,SC4002E0-PSG,1512
-1.1452609227103923,-0.4024581463110913,1.5373115464776554,1.0061658367438,SC4002E0-PSG,1513
-2.551228260642942,-1.4736054366379423,-0.5354026678386568,0.2619671304007767,SC4002E0-PSG,1514
-2.0022565531501866,-2.025393994665341,-1.3694018484410333,-1.2238808382121613,SC4002E0-PSG,1515
-2.1636793954180202,-1.3253088555910775,-1.3644637713023557,-1.4725916134675523,SC4002E0-PSG,1516
-2.006843572294836,-2.1585905840170985,-1.8534695650091162,-1.51932596452916,SC4002E0-PSG,1517
-1.3198540607033569,-0.8280740070684114,-0.013470793253938549,0.47313714134043044,SC4002E0-PSG,1518
-2.3070048823437115,-0.8814576344236345,-0.9601955183054955,-0.9720850044203798,SC4002E0-PSG,1519
-2.060228404202317,-1.8608515492196833,-1.9306755859154356,-1.4755893815498187,SC4002E0-PSG,1520
-2.2776416686655727,-1.688067103724049,-1.8193851222909991,-1.4299256334953985,SC4002E0-PSG,1521
-0.7841361970920129,-2.0508145591494333,-0.2326080210210806,0.10272016663034192,SC4002E0-PSG,1522
-2.2029199351094775,-1.3621859487487018,-0.463824324919785,-0.6524643362350848,SC4002E0-PSG,1523
-2.213229215878976,-1.675635787165677,-1.4009525077612432,-1.469094631175294,SC4002E0-PSG,1524
-1.9685405965961587,-1.4449315290050686,-1.9022718448767542,-1.536083344830568,SC4002E0-PSG,1525
-1.9542994017038127,-1.9616143885658555,-1.7068929115292424,-1.2817594959405099,SC4002E0-PSG,1526
-1.8340089302104892,-1.8956589285502456,-0.9726181286023429,-1.2869311426863674,SC4002E0-PSG,1527
-2.186928102776618,-2.5019173790771227,-1.3626958285618822,-1.4628633277455458,SC4002E0-PSG,1528
-2.1996889110929936,-1.939604679394811,-0.8753385082717687,-1.3342117869439742,SC4002E0-PSG,1529
-2.1852568118251603,-1.8460656117081589,-1.2608154135546157,-1.4646121825391694,SC4002E0-PSG,1530
-1.5343025429070558,-1.5176559874516788,-1.1214153157879425,-1.4338215173734385,SC4002E0-PSG,1531
-1.6087304827893152,-1.8650078608282377,-1.1857506698982407,-1.2548666265287824,SC4002E0-PSG,1532
-0.8638735136440091,-2.81961695765952,-1.3766839088732938,-1.2213638764428358,SC4002E0-PSG,1533
-0.8827530329567594,-1.1934888737157536,-1.0569327120757845,-1.046890456608851,SC4002E0-PSG,1534
-2.3210173770747335,-2.5625545543495565,-1.2295321314929308,-1.0421365642947433,SC4002E0-PSG,1535
-1.7975225225557656,-1.1491025822984804,-0.7075436215586957,-1.2504062626048715,SC4002E0-PSG,1536
-1.7184259742616979,-2.5741705212285484,-0.8590547397310612,-1.0623587425829157,SC4002E0-PSG,1537
-1.4625914691199964,-2.229198557662119,-0.8541002879922428,-0.7608924872234809,SC4002E0-PSG,1538
-1.4406315767805968,-1.8494176081637952,-1.186242561123942,-0.9151147363450237,SC4002E0-PSG,1539
-1.2892013112345155,-1.889859200769765,-1.762104309100011,-1.155927453241893,SC4002E0-PSG,1540
-0.32454330630025374,-1.8851461493960338,-1.08614260900252,-0.8615158658751544,SC4002E0-PSG,1541
-1.4197061070550017,-1.9494724664275906,-1.4275791073932966,-1.0293036643391358,SC4002E0-PSG,1542
-1.6114356259080937,-2.1138014458201084,-1.6351721256157223,-0.997250470719131,SC4002E0-PSG,1543
-1.8235964952088501,-1.921336370115197,-1.5171644028231352,-1.232335540855738,SC4002E0-PSG,1544
-1.222545727491041,-1.97391211099893,-1.2677632880350553,-0.9334346435694155,SC4002E0-PSG,1545
-2.1672075260060146,-2.1090894337859596,-1.880794622469193,-1.2444581203894358,SC4002E0-PSG,1546
-2.430273838177367,-2.3638885225067297,-1.2783823329504806,-1.1604796896530027,SC4002E0-PSG,1547
-1.8376010403199554,-1.4944688235825752,-0.9360671121440978,-1.2034659101626526,SC4002E0-PSG,1548
-1.5739821006525456,-1.61686350097455,-1.4840652508666372,-1.374579851466957,SC4002E0-PSG,1549
-2.6338580203487436,-3.026086397608954,-1.2797736674715332,-1.1485884416657401,SC4002E0-PSG,1550
-2.1834804115405997,-2.254778567550748,-0.7893404305291433,-1.2177680518276834,SC4002E0-PSG,1551
-2.2150404709286637,-2.3810415697335294,-1.7098755296349546,-1.3099625785657196,SC4002E0-PSG,1552
-2.2802967946130392,-2.498201205294479,-1.7154733935934507,-1.1456159251473466,SC4002E0-PSG,1553
-1.752846334286493,-1.7450713827032103,-1.2738987058175049,-1.080468948642548,SC4002E0-PSG,1554
-2.5226306003180223,-2.0169368688092706,-1.6083578300437802,-1.3102405059440256,SC4002E0-PSG,1555
-2.013010604006906,-2.4989856360923315,-1.5920037422537503,-1.4386589282839404,SC4002E0-PSG,1556
-2.297656703952552,-2.363347541181523,-1.8905453058604942,-1.4908147471898148,SC4002E0-PSG,1557
-1.9017232650461677,-1.2009275050021064,-1.169889863593552,-1.011014382555943,SC4002E0-PSG,1558
-2.249850669346747,-1.8350419223753318,-0.7945136067267937,-0.8677594881298705,SC4002E0-PSG,1559
-0.5964098094918574,-1.3530810420158423,0.9396417085032324,1.164380948881988,SC4002E0-PSG,1560
-1.992358005098521,-1.4318323198218896,-0.4420100237905559,-0.8278910485487936,SC4002E0-PSG,1561
-2.275382592047193,-1.8458425738060484,-2.0690481617443783,-1.3848864420471363,SC4002E0-PSG,1562
-2.012064403362333,-0.4160507414908719,-1.9102748593548373,-0.9887092953075033,SC4002E0-PSG,1563
-1.710966273875121,-1.5569716194854102,-1.6882767726861458,-1.2455919404422695,SC4002E0-PSG,1564
-2.3119783420309634,-1.1977398116781917,-2.01875389162755,-1.4306539136520426,SC4002E0-PSG,1565
-1.2048388649034392,0.24477735878943072,-1.1846576661286994,-1.0967022688445454,SC4002E0-PSG,1566
-1.6752004497665682,-1.3987195172618216,-2.0140662161423983,-1.500715043580332,SC4002E0-PSG,1567
-1.4504208468756798,-0.711175951358953,-2.0089844537970714,-1.3296756764706716,SC4002E0-PSG,1568
-1.648668492793597,-1.3766031948125554,-1.3619394524030162,-1.185830199874516,SC4002E0-PSG,1569
-1.4167790006100152,-1.2141634931790588,-1.7206105751828438,-1.28801249971739,SC4002E0-PSG,1570
-2.248916370730986,-2.1051069720364524,-1.8623034902902398,-1.4786444253479079,SC4002E0-PSG,1571
-2.3606976016334715,-1.5064125139829037,-1.9859246338468426,-1.5408429067633478,SC4002E0-PSG,1572
-2.411647348190311,-2.526266963182849,-1.735134940302754,-1.448460256683395,SC4002E0-PSG,1573
-1.812671950380315,-1.6841175811079525,-2.1160411717734244,-1.5021073302440653,SC4002E0-PSG,1574
-1.8997686969950152,-1.5788279214642968,-1.924286767150244,-1.568667487660193,SC4002E0-PSG,1575
-1.8367924664744837,-1.3905396444235536,-1.5691992120524778,-1.5474888938011548,SC4002E0-PSG,1576
-1.9473652581101237,-1.5595763850807818,-1.6346002302996878,-1.4559831534772523,SC4002E0-PSG,1577
-2.1967381682627236,-2.1751442765704794,-2.080275754843176,-1.3365512625359397,SC4002E0-PSG,1578
-1.6664325108237887,-1.5662581115401752,-1.9243339849996772,-1.4095946913492323,SC4002E0-PSG,1579
-1.8839751416384916,-1.0157911434519995,-1.1537674406960634,-1.4200497949865172,SC4002E0-PSG,1580
-2.3490562718721817,-1.7442114112321632,-1.7651124360824708,-1.4907067361993092,SC4002E0-PSG,1581
-2.1798388664725716,-1.7924835851599688,-1.938235829054766,-1.5230296537152674,SC4002E0-PSG,1582
-2.0521810010930226,-0.94730974232702,-1.8616848820247482,-1.4857869698782464,SC4002E0-PSG,1583
-2.108798420405606,-1.7582280305766294,-1.4884180335827515,-1.0875625453005575,SC4002E0-PSG,1584
-1.5290473704723635,-1.153240482182896,-1.5154116038099676,-1.4042950173445075,SC4002E0-PSG,1585
-2.0991348225189483,-2.1293413081352526,-1.9491188232178647,-1.5441136708789414,SC4002E0-PSG,1586
-2.2851599301523464,-1.6316852519469194,-1.7600909837634886,-1.3774597498059495,SC4002E0-PSG,1587
-2.0866705176566973,-2.249669744856248,-2.3140778788124132,-1.467119107199356,SC4002E0-PSG,1588
-1.9748142086083573,-0.9313304096737519,-1.6104069860013375,-1.4418049799773955,SC4002E0-PSG,1589
-2.573986436897296,-1.8704057526825146,-1.384800754293468,-1.3846764253993502,SC4002E0-PSG,1590
-2.579668078459495,-2.436236890276698,-1.68788791387115,-1.514740618853927,SC4002E0-PSG,1591
-2.1588901294053584,-1.736109105054204,-1.3077846987943906,-1.2906961030391935,SC4002E0-PSG,1592
-1.9858764947185676,-1.4011521473310502,-1.335020680077136,-1.1371306137099755,SC4002E0-PSG,1593
-2.2427476595121836,-1.6532537498963598,-1.0806798531265918,-0.5535446825402941,SC4002E0-PSG,1594
-1.9885974787348302,-1.6543758441100955,-1.7097532630740109,-1.4511037237675746,SC4002E0-PSG,1595
-2.0444590136729253,-1.527100399008891,-2.016314059266879,-1.3735059632670115,SC4002E0-PSG,1596
-1.0122064670314626,-0.8398201616738259,-1.5496074014606438,-1.1366186636637239,SC4002E0-PSG,1597
-1.3601748907515894,-1.5410553437988939,-1.0946553004746418,-1.2942384831068634,SC4002E0-PSG,1598
-1.5898252641543846,-1.785443339855644,-1.9617256827061296,-1.3606499736303608,SC4002E0-PSG,1599
-1.2684169496974214,-1.5571174787513895,-1.4020221778662625,-0.8716694748392088,SC4002E0-PSG,1600
-0.5212801142964567,-1.5476698485960625,-1.5776289533343724,-1.4120544892678921,SC4002E0-PSG,1601
-0.7077516376008612,-1.1544846497662495,-1.4897357782541485,-0.8446774761077871,SC4002E0-PSG,1602
-1.1314408844158095,-1.2633568179645769,-0.9588747615955439,-0.6327156737772183,SC4002E0-PSG,1603
-0.7603173946212327,-0.9309098210584887,-0.735950604058608,-0.550588765278501,SC4002E0-PSG,1604
-0.850751315141513,-0.8319976211289011,-1.3827352326674542,-0.9097491493937383,SC4002E0-PSG,1605
-0.9415267159219416,-1.7721365247630294,-1.5073274309009124,-1.1641288534194265,SC4002E0-PSG,1606
-1.0587741449847494,-1.0203064030193845,-1.7718751269717692,-0.9003092509752437,SC4002E0-PSG,1607
-0.771834791159367,-0.9282722241191592,-1.5151795907515215,-1.0753095279944864,SC4002E0-PSG,1608
-0.9760965069714059,-1.593259469037644,-1.2136003628937553,-1.061052448121312,SC4002E0-PSG,1609
-0.6162885846795488,-0.8283206570838231,-1.3876404147552373,-1.03501793408578,SC4002E0-PSG,1610
-0.8973092414477741,-0.5470688698073213,-1.1773413911223007,-0.9588951170983271,SC4002E0-PSG,1611
-0.5836605785951091,-1.0153922488904854,-0.4839748616126549,-1.04605265617626,SC4002E0-PSG,1612
-0.395030695566726,-0.7893199112174244,-1.2710303539688652,-0.8156836716435261,SC4002E0-PSG,1613
-0.7531670780047215,-0.5437798482750101,-0.5934189123729585,-1.199758249126653,SC4002E0-PSG,1614
-0.04533313572597791,-0.5485497904702229,-1.2736548816554245,-1.2894734179629628,SC4002E0-PSG,1615
-0.30168143063463193,-0.3903638059312681,-1.0451656409093377,-1.2052985704547547,SC4002E0-PSG,1616
-0.25472621797054196,-0.9733015493449558,-1.5240749431921772,-1.2782798737691952,SC4002E0-PSG,1617
0.06681999904142275,-0.028981647644155662,2.0570501308835007,1.496477092122829,SC4002E0-PSG,1618
-0.5135390021128977,-1.144759017732695,0.8405793161063678,0.7233208636415172,SC4002E0-PSG,1619
-1.445461128687529,-1.7365741678318847,-1.773908122746212,-1.2653631670792087,SC4002E0-PSG,1620
-0.9610440702523736,-1.0556206416699636,-1.0943848746766596,-0.756369049754354,SC4002E0-PSG,1621
-0.4361895498924503,-1.1553680535555388,-1.68731384198767,-1.0994102714535507,SC4002E0-PSG,1622
-0.16326127131866547,-0.464204705458445,0.21624116263033463,-0.35922507269251075,SC4002E0-PSG,1623
-0.7663997694960607,-1.0304060513987225,-1.6006058695265335,-1.036499020259242,SC4002E0-PSG,1624
-0.900136581282534,-1.281333434073493,-1.1767165424172894,-0.7137209539500702,SC4002E0-PSG,1625
-1.003965227505162,-1.5318308051809808,-0.9215730814287781,-0.7642241838337213,SC4002E0-PSG,1626
-1.2361560459838254,-1.7994636924658232,-1.8316569939681626,-1.3094171383402478,SC4002E0-PSG,1627
-0.8817819395453385,-1.6111801752700814,-1.3547872424973,-1.0108214703830845,SC4002E0-PSG,1628
-1.0301271536708114,-1.465362610574664,-1.3836612529349297,-1.1988696195949256,SC4002E0-PSG,1629
-0.6636843053613246,-0.8598039802980423,-0.9648460026729273,-1.1196592294645533,SC4002E0-PSG,1630
-0.44069900537592555,-0.7156808003202477,-1.1629660256895649,-0.768129679904308,SC4002E0-PSG,1631
-1.0150591333144987,-1.5375829040458626,-1.1672258027882108,-0.8997005135179695,SC4002E0-PSG,1632
-0.2969552834574177,-0.7455406557086537,-0.6418955178095054,-0.6979318202010699,SC4002E0-PSG,1633
-1.0523514784805381,-1.2898365967154366,-1.2665181329323725,-0.7205824850732617,SC4002E0-PSG,1634
-0.1255334139871373,-0.7273700797160276,-0.5206796234533473,-0.8668502762991063,SC4002E0-PSG,1635
-0.4524640640978608,-1.2513444335231425,-0.9788355793328236,-0.9097659625908365,SC4002E0-PSG,1636
-0.0458678332467589,-0.5978337210313044,-1.181741039368253,-0.940741908039403,SC4002E0-PSG,1637
-0.29705015549101976,-0.30103896810533526,-0.9222434524185578,-1.0420352758821187,SC4002E0-PSG,1638
0.2513612570819534,-1.317151164613688,-0.4480169199041446,-1.2151438786273419,SC4002E0-PSG,1639
0.30823129779865227,-0.2029944434715904,-0.3913889730969379,-1.1973891413283053,SC4002E0-PSG,1640
0.18793567454261673,-0.243768439596361,-0.7633830128758953,-1.3954248179591946,SC4002E0-PSG,1641
0.10269040226782847,-0.2503509900930491,-1.3146109338979035,-1.2628782132864111,SC4002E0-PSG,1642
0.3165116194677625,-0.032930203511085575,-0.5848750217313939,-1.0387115851589048,SC4002E0-PSG,1643
0.5062802541649466,-0.0800089669100328,-1.0958658878799725,-1.3308314474801632,SC4002E0-PSG,1644
0.6849648138793666,0.11145478311429118,-1.372703174917314,-1.408881917266418,SC4002E0-PSG,1645
0.2341941057891959,-0.3134753933966663,-0.9186752863664893,-1.2039971665607867,SC4002E0-PSG,1646
0.5061379814741014,-0.20513660282084453,-0.8650837252272825,-1.1661581674416401,SC4002E0-PSG,1647
0.4531183134381262,-0.6852344840253223,-1.2033387483493718,-1.165374629920779,SC4002E0-PSG,1648
0.3759473345608245,-0.455723386719664,-1.1640920205652614,-1.3037550260101385,SC4002E0-PSG,1649
1.1036464676086675,0.37302126273039526,-0.8611801825921545,-1.4309733082525726,SC4002E0-PSG,1650
0.767457153888866,0.05539706379696343,-1.191813135879766,-1.3499122114239912,SC4002E0-PSG,1651
0.7910811397549189,-0.08378460336846102,-1.0320078415826448,-1.2504456030231672,SC4002E0-PSG,1652
0.5747058486459393,-0.2952388773756742,-1.2757438681294537,-1.3993593214093787,SC4002E0-PSG,1653
1.0997281668951098,-0.031072461406226385,-0.7485859443489771,-1.3553453800029498,SC4002E0-PSG,1654
1.1625850918468186,-0.3840842735939736,-1.4969368179339095,-1.380034647297784,SC4002E0-PSG,1655
0.8383954316333244,0.09637253608536485,-1.2265116652152668,-1.1952080427367582,SC4002E0-PSG,1656
1.1484508011266177,-0.009883684310979485,-1.1895472005460788,-1.3830880024561178,SC4002E0-PSG,1657
1.264419479042323,-0.09224589917437685,-0.5819884200230687,-1.3254433604326838,SC4002E0-PSG,1658
0.9822887199305251,0.12221080011469668,-0.6173927663653447,-1.252681201293568,SC4002E0-PSG,1659
0.8185845424521698,-0.39122050851650997,-0.7587285141336394,-1.415179880116059,SC4002E0-PSG,1660
1.2264393985912543,0.008666700842691928,-0.7197618068992169,-1.4924041945181006,SC4002E0-PSG,1661
1.1201421935550588,-0.6748977641682349,-1.8333530393736355,-1.3822244206552763,SC4002E0-PSG,1662
1.1407897680767822,0.1839176085616534,-0.367788355432879,-1.2935557275328409,SC4002E0-PSG,1663
1.091480689447803,0.5144557111867688,-1.105909196006849,-1.327489149841996,SC4002E0-PSG,1664
0.7193087188685295,0.3502263834826284,-0.9349858096069971,-1.1622311081809404,SC4002E0-PSG,1665
0.9706343618914633,0.03541750968984817,-0.6906780352837627,-1.3989128212133493,SC4002E0-PSG,1666
1.5922758127973273,-0.07825554337039325,-1.313868532654054,-1.5439504697231605,SC4002E0-PSG,1667
1.3446054290023128,0.13518960005221844,-1.1256628144800458,-1.2125061596322517,SC4002E0-PSG,1668
1.4065314266237217,0.12923064043144478,-0.920535687480849,-1.3649408808473935,SC4002E0-PSG,1669
1.2419797691930956,-0.4338441731223445,-0.9948384251951445,-1.4219851051000756,SC4002E0-PSG,1670
1.2161131258748143,-0.16336233806191827,-0.8521339643253213,-1.566310455012916,SC4002E0-PSG,1671
1.0069963143775056,0.08993317639349704,-0.9503361605157709,-1.5937966646806851,SC4002E0-PSG,1672
1.0465893279041691,0.17195520554245822,-0.9510951316273734,-1.4495684258639994,SC4002E0-PSG,1673
1.4949136642256213,0.28741834236106373,-1.130883508606905,-1.7879332475700584,SC4002E0-PSG,1674
1.374464912834142,0.21398800805710125,-0.7032479791816042,-1.4509788036804139,SC4002E0-PSG,1675
1.4628402954626907,-0.4028878579356787,-0.8582855956442008,-1.6098354215551274,SC4002E0-PSG,1676
1.5661508213066033,-0.2641214558598665,-1.3894505795319485,-1.595969734315088,SC4002E0-PSG,1677
1.4348866297313518,-0.341410776661173,-0.8502363698149084,-1.5075402088195575,SC4002E0-PSG,1678
1.3298998187658975,0.5920599647893032,-1.0063565281879556,-1.4573316329983246,SC4002E0-PSG,1679
1.056963471538341,0.23793407831644237,-0.2637954182649471,-1.542054298858764,SC4002E0-PSG,1680
1.2605223854417902,-0.04360089796302948,-0.38960257520141883,-1.6268123878482352,SC4002E0-PSG,1681
1.4423706763150872,-0.4340454961553863,-0.6336758234151878,-1.708331679025117,SC4002E0-PSG,1682
1.367185579589235,-0.19550089429282744,-0.8146797720527781,-1.435630018155345,SC4002E0-PSG,1683
1.429168276176823,-0.32381072784801623,-0.5902016102208802,-1.6640658937999322,SC4002E0-PSG,1684
1.7985119515736683,0.0011569742146356192,-0.6654091640156015,-1.2187497709232342,SC4002E0-PSG,1685
1.0759504166177447,-0.4371923257622328,-1.0507771186992807,-1.5405647967515916,SC4002E0-PSG,1686
1.3365854529520307,-0.029937774930411273,-0.9601516083020678,-1.4661803895155776,SC4002E0-PSG,1687
1.6272889288947308,-0.3723870112626101,-0.8501864038767001,-1.5361049479033129,SC4002E0-PSG,1688
1.571619815327822,-0.2520535279336254,-0.6596929289288973,-1.5979807696551092,SC4002E0-PSG,1689
1.6940276202592357,0.16026377810977402,-0.818291392168158,-1.5351065092335097,SC4002E0-PSG,1690
1.3161090116905858,-0.26789466281018626,-0.27278049862357956,-1.5392158618036624,SC4002E0-PSG,1691
1.734474353071689,-0.34083146358690375,-1.1605985645165582,-1.6500026554779703,SC4002E0-PSG,1692
2.1307434454759897,0.25850514595188145,-0.945895391784059,-1.6219932244273367,SC4002E0-PSG,1693
1.6398533569449611,-0.44454944928842893,-0.6760754889423102,-1.762492830280551,SC4002E0-PSG,1694
1.5034947242499963,0.26433083610570435,-1.0918052249444088,-1.5548094353785495,SC4002E0-PSG,1695
1.5151304656409839,-0.10036331405883331,-0.7244349419866123,-1.371969564917957,SC4002E0-PSG,1696
1.6140384260510248,-0.09419416242703356,-0.8511125639964139,-1.5024841331571301,SC4002E0-PSG,1697
1.4163525838126796,-0.4301269748685764,-1.0056228399200466,-1.531650011154215,SC4002E0-PSG,1698
1.3223375005045446,0.0915014918586644,-0.8558744302875574,-1.4053596607487577,SC4002E0-PSG,1699
1.5197362434949317,-0.699801064156405,-0.9633076732204039,-1.3937095939043138,SC4002E0-PSG,1700
1.639775545288128,-0.19310430091533415,-0.9254764160791763,-1.6294402638012226,SC4002E0-PSG,1701
1.421754407960673,-0.6680952363905373,-0.8507394850140311,-1.4167407255950826,SC4002E0-PSG,1702
1.7248176300442968,0.3828940274905301,-0.7899568739827255,-1.3459875078010788,SC4002E0-PSG,1703
1.713524755091909,-0.1430061818362593,-1.2943398570980196,-1.3693329535426009,SC4002E0-PSG,1704
1.7449869463471603,-0.14819694353856247,-1.2633922971739735,-1.4526877411348837,SC4002E0-PSG,1705
1.392289381243577,-0.11831646456481368,-1.020741827275568,-1.4746582433431046,SC4002E0-PSG,1706
1.573189961469622,0.13930210784406474,-0.7840493649758671,-1.3896720470965689,SC4002E0-PSG,1707
1.3758519176298327,-0.42896623610423423,-1.149659980326687,-1.4330862057386908,SC4002E0-PSG,1708
1.3934341538833777,0.19737523460352835,-1.2522530474117437,-1.5042840921180356,SC4002E0-PSG,1709
1.5578547698972052,0.2607174156027714,-0.6320428403888518,-0.26291943658095474,SC4002E0-PSG,1710
1.6761955971958882,0.5218193675716529,-0.05481820456549804,0.39646856786091245,SC4002E0-PSG,1711
0.38251488422626173,-0.29317120814802944,-1.297585530211246,-1.4474306289245034,SC4002E0-PSG,1712
0.6157696697284812,-1.0137760216388343,-1.7657560425590688,-1.434963598154949,SC4002E0-PSG,1713
0.8527991754768769,-0.23297942892176968,-1.031182767121577,-1.29593660463264,SC4002E0-PSG,1714
0.6438581331811042,-0.2259252138738016,-0.9086087987931514,-1.202501060638926,SC4002E0-PSG,1715
-0.7730762842456924,0.7665688020644222,1.0318852878520244,1.1109755540459996,SC4002E0-PSG,1716
-0.657684430538889,-0.6032262695337446,0.9940942641989493,1.140089242304816,SC4002E0-PSG,1717
-1.2767898401765179,-2.2111971107888295,-1.7870266564955801,-1.436272020561193,SC4002E0-PSG,1718
-0.7120806792491349,-1.109617056471865,-1.656770977343417,-1.554817741017777,SC4002E0-PSG,1719
-0.7609860290533065,-0.9437728202623741,-1.514156534342251,-1.3655087290862389,SC4002E0-PSG,1720
0.061569809328077006,0.1815682089601389,-0.2302266510396075,-0.7632320434699167,SC4002E0-PSG,1721
-1.678095734092719,-1.1023217520303885,-2.086602268266732,-1.6535449682654453,SC4002E0-PSG,1722
-1.1086929443687663,-1.1061312456842378,-2.3703372600015222,-1.679058099998494,SC4002E0-PSG,1723
-1.7760705270580708,-0.8839673292881511,-1.001741956174799,-1.4740773597416437,SC4002E0-PSG,1724
-2.1354474146618103,-1.7855862003513325,-1.8729175524213388,-1.5081356724217123,SC4002E0-PSG,1725
-1.927556981302898,-1.1364180144057527,-1.6487104979083618,-1.4608077206085686,SC4002E0-PSG,1726
-2.1255046827432618,-2.1006310361470892,-1.646485576953808,-1.5272665677460127,SC4002E0-PSG,1727
-2.1610522404018715,-1.1346649984417831,-1.6560737574442153,-1.5690014795153286,SC4002E0-PSG,1728
-2.0678825436557235,-1.7059826777246943,-2.2799312910730585,-1.77533457393791,SC4002E0-PSG,1729
-1.923319969902271,-1.38382000285587,-1.2066999070809437,-1.4038384829438593,SC4002E0-PSG,1730
-1.811773264228595,-1.888181755010387,-1.404865234724275,-1.401743849752676,SC4002E0-PSG,1731
-2.1527920379809,-1.5341854550339264,-1.0485758216433003,-1.6125087965334122,SC4002E0-PSG,1732
-1.877533116790807,-1.2370690893596574,-1.2358280227149596,-1.456345946125955,SC4002E0-PSG,1733
-1.3363124744973136,-1.862150628989019,-1.4674299307646212,-1.6184772951569104,SC4002E0-PSG,1734
-0.9141850570916737,-1.1302465254590228,-0.8737595681857867,-1.2571140612768006,SC4002E0-PSG,1735
-1.9305343243207713,-2.227497205985963,-1.8541690519798537,-1.4291232431283816,SC4002E0-PSG,1736
-2.2955477553385455,-1.9856023272644099,-1.3041746892603556,-1.5409987212155534,SC4002E0-PSG,1737
-2.1060157827410606,-1.4582950275985391,-1.5425458687369966,-1.4332697850721645,SC4002E0-PSG,1738
-2.524002242837083,-2.495931951366376,-2.0151328041261816,-1.5340715810363947,SC4002E0-PSG,1739
-1.5134370045729664,-0.17342163846775013,-0.9197054536409901,-1.004411574243819,SC4002E0-PSG,1740
-2.396764894982128,-2.100353732641363,-1.9142595955758979,-1.632773417666227,SC4002E0-PSG,1741
-2.3036248990051558,-2.5631994067107087,-1.9146899316112593,-1.5208967452546243,SC4002E0-PSG,1742
-1.574675001969016,-1.061862491769364,-1.2281658899428025,-1.303461894215055,SC4002E0-PSG,1743
-1.6097477854572881,-1.2967655786175076,-1.2509494365145677,-1.2579151296428024,SC4002E0-PSG,1744
-2.28083967177943,-1.421828450021454,-1.1308050762430735,-1.5178011271611913,SC4002E0-PSG,1745
-1.9425331324022614,-1.7438112864243493,-1.8584014927427852,-1.6130432426162262,SC4002E0-PSG,1746
-1.7280223277060893,-1.4425836789701745,-1.334168303231778,-1.4923764971747955,SC4002E0-PSG,1747
-1.3342686182949814,-1.8000191156223115,-1.493928139748266,-1.3048065813198684,SC4002E0-PSG,1748
-2.4488166310531314,-1.9498999654238267,-1.9366091214416532,-1.6075401557409468,SC4002E0-PSG,1749
-1.960352862997656,-2.11788804755347,-2.6259659292373914,-1.7695132650607954,SC4002E0-PSG,1750
-1.5204897504820092,-0.50471612834343,-1.3032956561322204,-1.4230651424659067,SC4002E0-PSG,1751
-2.181428251635438,-1.2775800262961186,-1.881375510878377,-1.5598522226914693,SC4002E0-PSG,1752
-2.268234807453729,-2.0276503983888814,-1.8169877002430297,-1.595271444119307,SC4002E0-PSG,1753
-2.356495669719067,-1.706990770976099,-1.6677336225799493,-1.6093205574865697,SC4002E0-PSG,1754
-2.0783515274093056,-1.657532846437501,-1.5366435935569744,-1.431425985617565,SC4002E0-PSG,1755
-2.124420786373617,-1.5286958377153361,-1.8149911623326493,-1.423980218020552,SC4002E0-PSG,1756
-1.9006109812276846,-1.7527646932731178,-2.1428603086084634,-1.5488699608554888,SC4002E0-PSG,1757
-2.3962560313759838,-1.7402607834113792,-1.383892568495757,-1.2384369925379661,SC4002E0-PSG,1758
-1.3496512843837691,-0.8387210714069091,-1.369023710938666,-1.501160536540496,SC4002E0-PSG,1759
-1.4314167873934072,-0.9948754226545055,-1.6158777598796499,-1.559918868775805,SC4002E0-PSG,1760
-2.0308743000844762,-2.077123791663264,-2.0934039657102717,-1.7100563026040754,SC4002E0-PSG,1761
-2.2796496440998983,-0.9951954171966994,-0.923421793381947,-0.2136374630851295,SC4002E0-PSG,1762
-1.680728918358634,-0.07227955091789058,-0.6693100916463824,-1.459537302028396,SC4002E0-PSG,1763
-2.1421608999287822,-1.6610333170395906,-1.9265510503789574,-1.5637094941569174,SC4002E0-PSG,1764
-1.847026123848745,-1.1269703025295628,-0.9823268847382839,-1.308376004255589,SC4002E0-PSG,1765
-2.4441755520158672,-2.4315657849690027,-1.7557009036228393,-1.5677987545618082,SC4002E0-PSG,1766
-1.6836519440695574,-2.507914107299703,-1.4004316998955162,-1.421457724200646,SC4002E0-PSG,1767
-1.47061448073178,-2.5273256438063494,-1.9311060777803377,-1.4112734085928715,SC4002E0-PSG,1768
-2.392965015487708,-1.9508987093042767,-1.8212963444100427,-1.4991538234593056,SC4002E0-PSG,1769
-2.5985853861559653,-2.5353214623813947,-1.7183800868660233,-1.581665761233487,SC4002E0-PSG,1770
-1.9712082206144546,-1.832652935211968,-2.0410915621491097,-1.5323452189681892,SC4002E0-PSG,1771
-1.1833673658584227,-1.9464415588198933,-1.8116373673082344,-1.410340873265614,SC4002E0-PSG,1772
-0.6028043585484743,-1.3471984139724058,-1.2833143631328463,-0.70124325957662,SC4002E0-PSG,1773
-1.7723485438694873,-1.8373354813318683,-2.131546857964214,-1.3924307769920719,SC4002E0-PSG,1774
-2.381694657196821,-0.41939591859788233,-0.5394334719350691,-0.3929789451430298,SC4002E0-PSG,1775
-2.1070551659229824,-1.3858573756948223,-0.7884222579514009,-1.5258148445999606,SC4002E0-PSG,1776
-1.9975581679666534,-1.3998267029864955,-0.901107047245769,-1.4384860745307175,SC4002E0-PSG,1777
-2.0750701852129816,-0.9291041714878334,-1.6905928265788162,-1.4315522585515037,SC4002E0-PSG,1778
-2.144495768157995,-1.2936128923088113,-1.3473858852060228,-0.9582682437106842,SC4002E0-PSG,1779
-1.7442881062956899,-1.7140118700137075,-1.906672321156579,-1.551523231123751,SC4002E0-PSG,1780
-1.0747409255844451,-0.9241581213983204,-1.4819603741458391,-1.517271010947028,SC4002E0-PSG,1781
-2.125469788929807,-1.3257162161699532,-1.4365001260898471,-1.1020663473675194,SC4002E0-PSG,1782
-0.16712107812342034,-0.10073146789237872,0.8472156762556082,1.5281690834158979,SC4002E0-PSG,1783
-1.6452521687961454,-0.6820968356363238,1.2213719746496399,1.0803367214341408,SC4002E0-PSG,1784
-2.4039029031345422,-2.1456162509283967,-2.1210012848110016,-1.3017425366035615,SC4002E0-PSG,1785
-1.6242351613237989,-1.6290625769557965,-2.3747970045113007,-1.4068929476842589,SC4002E0-PSG,1786
-1.499585726265429,-1.2563488831022824,-1.619980757126071,-1.5292638905474691,SC4002E0-PSG,1787
-0.6861794124325257,0.36618734502589795,-1.577717806581067,-1.3797867197232634,SC4002E0-PSG,1788
-1.6980388795226473,-2.0794036975740906,-1.6173627608085128,-1.0618573077654856,SC4002E0-PSG,1789
-1.1143154500898789,-0.5362032413727305,-1.250423141768446,-0.23955187146141355,SC4002E0-PSG,1790
-0.4393953840269461,-1.6028561147558176,-1.5281330239435071,-1.3808091368449809,SC4002E0-PSG,1791
-0.4159869312291931,-0.8313795818669024,0.275175084281878,0.6984889956532848,SC4002E0-PSG,1792
-1.6322269013183193,-2.5234044786309995,-2.2293340045926655,-1.493468614556892,SC4002E0-PSG,1793
-0.8644188675032117,-1.5336889628176107,-1.973026649758786,-0.6724526107650134,SC4002E0-PSG,1794
-0.16572178925615896,-0.03942561800642822,-0.741690083599585,-0.8493867988304041,SC4002E0-PSG,1795
-0.7325892050466547,-1.1145299331952496,-1.5738208359866326,-1.2043745623933961,SC4002E0-PSG,1796
-1.302907218682155,-1.4799152304388203,-1.9753631204477071,-0.9105404746296301,SC4002E0-PSG,1797
-0.6705940192908724,-0.8144101990883741,-1.1576397634076365,-1.1913000806823681,SC4002E0-PSG,1798
-1.3739048822377828,-1.9133193436806026,-1.7822000943380332,-1.1623516358581778,SC4002E0-PSG,1799
-1.3699777592748328,-1.6449311992563425,-1.2703474365866163,-0.9090440263314469,SC4002E0-PSG,1800
-1.1095543623617916,-2.0849246810910604,-1.4036404168582917,-1.2263943862452067,SC4002E0-PSG,1801
-1.399217069108578,-1.8046965552565755,-1.8594970574327145,-1.0334423919450517,SC4002E0-PSG,1802
-1.0532973093410645,-1.2358511112341435,-1.4030546103473538,-0.983864552358109,SC4002E0-PSG,1803
-0.9471379112148612,-1.5368197838966573,-1.2592654458323342,-0.7266986597362044,SC4002E0-PSG,1804
-0.929272137831976,-0.8386929235559415,-1.4901027283185542,-1.2183169147962136,SC4002E0-PSG,1805
-1.4499242444529858,-1.8429457484006342,-1.521862296838634,-1.0133962660738554,SC4002E0-PSG,1806
-1.3110803597446763,-1.823490563346772,-1.4498214124498359,-1.53090940202444,SC4002E0-PSG,1807
-0.8659632676155544,-0.9659962190159359,-1.1887859094299402,-1.0568847852228387,SC4002E0-PSG,1808
-1.062198812852709,-1.4111623672430622,-1.287823410260788,-1.1315260158801161,SC4002E0-PSG,1809
-0.9251852750732716,-1.147500834583179,-1.238768833545365,-0.9777012629873888,SC4002E0-PSG,1810
-0.8476061066793572,-0.6505590806122555,-1.1458186887677904,-1.1414937855426384,SC4002E0-PSG,1811
-0.9700293846434205,-1.2132676198133625,-1.258568692487914,-1.3031221137809754,SC4002E0-PSG,1812
-0.8002366508730686,-1.157601612410494,-0.8475405995839524,-0.9297699248362581,SC4002E0-PSG,1813
-0.7592721998997591,-0.37819065168193583,-1.2466825978075204,-1.0234675940763158,SC4002E0-PSG,1814
-0.938866625793359,-0.9520963973796477,-0.9555467159672782,-1.0513442270231494,SC4002E0-PSG,1815
-0.6759504957469206,-1.1548743369848045,-1.268894766296965,-0.9542600766502691,SC4002E0-PSG,1816
-0.5754695088448747,-0.9553948622648167,-0.8986584442352769,-1.2164183159972872,SC4002E0-PSG,1817
-0.871147611420786,-0.5516182015040354,-1.268190868104025,-1.0118935497182298,SC4002E0-PSG,1818
-0.2545032143638224,-0.5645211401981682,-1.204080524588687,-1.1057470340845306,SC4002E0-PSG,1819
-0.7380717066899726,-1.0668652038675563,-1.2468666077807302,-1.3532530460109693,SC4002E0-PSG,1820
-0.4980585686351283,-0.9984265103701945,-0.658742687370405,-0.9279648359499667,SC4002E0-PSG,1821
-1.009042881092289,-0.6528699371932545,-1.270891503046161,-1.0963969039948036,SC4002E0-PSG,1822
-0.7538082210369824,-1.646880722820391,-1.580837499676963,-1.367501314047805,SC4002E0-PSG,1823
-0.6415380197889676,-0.7661892352524956,-0.934293921552589,-0.9813079866031142,SC4002E0-PSG,1824
-0.5391411338402874,-1.2339634475785626,-1.3827143379031566,-1.100976746980872,SC4002E0-PSG,1825
-0.39281780244988723,-0.9556853547466083,-1.221244448717425,-1.153751966909322,SC4002E0-PSG,1826
-1.1660998667579503,-1.7902906927392332,-2.0035776661634097,-0.9977806259908296,SC4002E0-PSG,1827
-0.3278032787263696,-0.6867333975356217,-0.981074901083242,-1.3174672658863953,SC4002E0-PSG,1828
-0.5093162590005392,-1.1073967480021798,-1.168705186664917,-1.04109019813421,SC4002E0-PSG,1829
-0.4900504697327821,-1.084714256768204,-1.416301158901538,-1.1368954008861678,SC4002E0-PSG,1830
-0.3844759350593349,-0.4463520792485019,-0.8981049198945947,-1.1006658786697185,SC4002E0-PSG,1831
-0.666412006647549,-0.9687901282255688,-1.054354706098475,-1.0201321305098128,SC4002E0-PSG,1832
-0.4962277851403081,-1.4621639129988062,-1.5722951642604566,-1.0265885669067376,SC4002E0-PSG,1833
-0.08250642503466575,-0.8139316489855463,-0.8280841731913625,-1.0341816182682035,SC4002E0-PSG,1834
-0.5162164198553223,-0.890267026849009,-1.1078202485702977,-0.935785209986907,SC4002E0-PSG,1835
-0.5976391100642153,-0.6366112255533481,-0.8355558015372946,-1.0913533053279276,SC4002E0-PSG,1836
-0.749215196281028,-0.7698675237923357,-1.4382901720170775,-1.176599565189072,SC4002E0-PSG,1837
-0.679725549860585,-1.620879709587754,-1.3520015925618747,-1.2828591055662393,SC4002E0-PSG,1838
-0.2930418299826849,-0.6465495073222594,-1.1464629441075054,-1.3235458956981216,SC4002E0-PSG,1839
-0.045486494995904646,-1.0968635108241185,-1.0565327988885622,-1.2225847099966203,SC4002E0-PSG,1840
-0.40158006891948134,-0.7392084535191731,-0.7636487533043581,-1.205252816315307,SC4002E0-PSG,1841
-0.9490839022753269,-1.2059504368516905,-1.2343800838300514,-1.10547923893696,SC4002E0-PSG,1842
0.7352462213715135,-0.2494758222466354,-0.5292609144179466,-1.2392926817825867,SC4002E0-PSG,1843
-0.6066068258408907,-1.1334491599343173,-2.0159818646047074,-1.435004752729977,SC4002E0-PSG,1844
-0.1509707965036069,-0.2410319880101215,-0.38224683164136924,-0.5958609274639857,SC4002E0-PSG,1845
-0.627346092666588,-0.5343024550447905,-0.9583925522260309,-0.7637851590355199,SC4002E0-PSG,1846
-0.21353055767853313,-0.18905928821257414,-0.8826931323677791,-1.172821820823583,SC4002E0-PSG,1847
-0.5158090689875648,-0.889995447032123,-1.209348535408759,-1.3784920637229687,SC4002E0-PSG,1848
-0.6643287981544589,-0.8612666819156422,-1.0621757733704835,-0.9443285044708444,SC4002E0-PSG,1849
-0.046125393913225544,0.16905330179565717,-1.172647630220041,-1.202841469384297,SC4002E0-PSG,1850
-0.5011757754564864,-1.205557405291485,-1.4346871650068596,-0.9068776273021666,SC4002E0-PSG,1851
-0.06524461955686647,-0.059649951511686984,-0.8294747656653464,-1.2772061629468017,SC4002E0-PSG,1852
-0.3308071467147324,-1.1581470689781554,-1.506911791489059,-1.3034809630033466,SC4002E0-PSG,1853
-0.22627566471192387,-0.5218504840661506,-1.4273585710974677,-1.255733847663102,SC4002E0-PSG,1854
0.7599801515339584,0.3861313504969412,1.2502600063634306,1.196780874974782,SC4002E0-PSG,1855
-0.6474762778773714,-1.4663208746807594,-1.2117613969775545,-1.4037843711685123,SC4002E0-PSG,1856
-0.11389264500682053,-1.233417881615095,-1.3734288133671808,-1.2871161842403225,SC4002E0-PSG,1857
-0.5190840365706205,-1.7137052657550949,-1.2893980598485388,-1.2914315100677864,SC4002E0-PSG,1858
0.04993964395439635,-0.12209054894562349,-1.0206933029994611,-1.07482765313943,SC4002E0-PSG,1859
-1.4204372148070783,-1.4143927062650716,-1.863370489290392,-1.298786890667601,SC4002E0-PSG,1860
-1.1507384585753577,-0.9038095706398384,-1.1047754545966668,-1.0623107619396994,SC4002E0-PSG,1861
-0.8346632090355024,-2.03749777417325,-2.1496952227099095,-1.1899165065362725,SC4002E0-PSG,1862
-0.8714441242654426,-1.586727648166416,-0.16402861246535103,-1.0713196848950444,SC4002E0-PSG,1863
-0.6423443014546457,-0.9497001555036674,-0.4531535833411836,-0.17654409036248464,SC4002E0-PSG,1864
-1.4359007163272368,-0.956479185173606,-2.166831185663272,-1.1605688080239684,SC4002E0-PSG,1865
-0.9668025965449215,-0.6103625476521521,-0.2515465759695425,-0.24767003266390775,SC4002E0-PSG,1866
-0.8105292843514306,-1.2127028507276363,-1.5442458018742444,-0.8959030675493723,SC4002E0-PSG,1867
-0.3326660749450012,-1.2953323057074637,-0.7488333885702848,-1.4161787954661107,SC4002E0-PSG,1868
-0.37519389187704527,-1.5300155644150293,-1.3263784364335076,-0.4985223520204847,SC4002E0-PSG,1869
-0.16967843524025758,-0.9830105672155328,-0.7894123100463237,-0.5568318741764595,SC4002E0-PSG,1870
-1.2934668836896281,-1.5110815596158882,-1.2711596222327202,-1.4077612281197964,SC4002E0-PSG,1871
-0.5635414680632463,-1.4308384153066374,-1.278446606596777,-0.7945141846696794,SC4002E0-PSG,1872
-0.8300487011955208,-0.9292918865162046,-0.7878612574639327,-0.9803657571495517,SC4002E0-PSG,1873
-1.1769835756892912,-1.4809261759879397,-1.9218477515099168,-1.2132168079527237,SC4002E0-PSG,1874
-0.4714589474904545,-1.8264264866332274,-2.1095056038355398,-1.2067906270364583,SC4002E0-PSG,1875
-0.6020158358686948,-0.9099654668046144,-1.1777069493160723,-0.9068483746275043,SC4002E0-PSG,1876
-0.404605801323827,0.45326959167143316,2.1983423799418196,1.808111499417167,SC4002E0-PSG,1877
-2.520139260780955,-1.936202994264488,-1.0795164315626304,-1.0927889159051567,SC4002E0-PSG,1878
-0.1842880259350249,-0.554851223801,2.0041383685428054,1.4396586942586924,SC4002E0-PSG,1879
1.4138489205553135,0.3807595573393901,1.672584080505675,1.6643915705516372,SC4002E0-PSG,1880
2.0050214412407943,1.0826108319365535,1.4179304384797577,1.5344522244235779,SC4002E0-PSG,1881
1.858282606307925,1.6371315128344581,1.5402953008497728,1.0712020194179066,SC4002E0-PSG,1882
1.0806462006481143,0.8899910082358327,0.8134346527900059,0.7112642519290894,SC4002E0-PSG,1883
1.2417604070070973,1.3211389759307512,2.452243839092874,1.8850959980084752,SC4002E0-PSG,1884
-0.9681239252393751,-1.4166956834552316,-1.5554820998661159,-0.9659671178880824,SC4002E0-PSG,1885
0.9843525928546133,0.35669789635108556,-0.1478351899309914,0.21606259605595268,SC4002E0-PSG,1886
0.5244281859699239,-0.25816164101181,0.4549040630663664,0.7483391718134453,SC4002E0-PSG,1887
1.025250619325729,1.4256369146361747,0.9253719397761234,1.173423850716253,SC4002E0-PSG,1888
0.7536002418591046,0.7130392996856892,0.3412829828728507,0.9328011587786855,SC4002E0-PSG,1889
0.842066097822902,1.2594710695961646,0.5305660124461067,0.5045541617640542,SC4002E0-PSG,1890
0.564962206397714,0.07682508610116416,-0.6501811615597843,0.08017249802384245,SC4002E0-PSG,1891
0.917386439712751,0.2949174841492398,0.7137909849745921,0.9772033643396077,SC4002E0-PSG,1892
-0.25188149554394246,-0.8315698550512555,1.429383961658397,0.9641071001946747,SC4002E0-PSG,1893
-1.838592530526111,-1.5723650784738867,0.6727686987080616,-0.9544827079154166,SC4002E0-PSG,1894
-2.1872824220832094,-2.0372935381966144,-0.41022700544401747,-0.5270485187304774,SC4002E0-PSG,1895
-2.928489276852176,-0.5072674813446716,-0.739663721627393,-0.9309350560919767,SC4002E0-PSG,1896
-1.3824902569769388,-0.5667085111292004,0.1326076911077815,-0.7956596497021715,SC4002E0-PSG,1897
-2.865043498898032,-0.14632953236562468,0.25037549349144844,-0.4749115588078837,SC4002E0-PSG,1898
-1.1180359365446633,-0.4028511779171436,0.6755794077656884,-0.2055726123944274,SC4002E0-PSG,1899
-0.9633134131155239,-1.6564646425643068,0.3307958199597406,-0.6994173298287841,SC4002E0-PSG,1900
-1.378741756843087,-0.3955108292418177,0.8277336959498618,-0.4505700744624888,SC4002E0-PSG,1901
-1.6662598825156796,-0.3504665392747775,0.38169966022510343,-0.6246315301887777,SC4002E0-PSG,1902
-1.7719776869084094,-0.6246835542050847,1.1322489805187221,-0.6351082156072135,SC4002E0-PSG,1903
-1.996490152370434,-1.2567568374115599,0.6396276638541889,-0.8892511855475029,SC4002E0-PSG,1904
-2.7365561225470754,-0.9020022591843417,0.6502257763652647,-1.0867088606785,SC4002E0-PSG,1905
-2.2627511948167016,-0.6905644853704339,0.38756861339228055,-0.9639988210038193,SC4002E0-PSG,1906
-2.8212083895741125,-0.22869044086595397,0.8113000847829611,-1.1881872775362916,SC4002E0-PSG,1907
-2.7858558376868445,-0.7142974672181596,0.23025267991285664,-1.141219166793423,SC4002E0-PSG,1908
-2.579290762041368,-1.7156116040001805,-0.008949552871557763,-1.242769405978057,SC4002E0-PSG,1909
0.6607234158507721,0.8863279792243544,1.949094941448887,1.5592786236769862,SC4002E0-PSG,1910
0.21718797302414308,0.17281654335810379,0.891917473548841,1.055131775354439,SC4002E0-PSG,1911
0.33549835598921174,0.6062493586368384,0.36295704667313405,0.7148678919903353,SC4002E0-PSG,1912
-0.22173904004449346,-0.18335051484004786,0.6850828904276454,0.6325775070218443,SC4002E0-PSG,1913
0.6620709961589476,0.12029155965874573,0.630197151693892,0.8801373495272938,SC4002E0-PSG,1914
-0.24295759088631785,-0.40654330595629123,-1.2082025939748278,-0.3341096394148243,SC4002E0-PSG,1915
-1.8671960714191524,-1.9386023567217,-0.44326757140656103,-0.020479803305740896,SC4002E0-PSG,1916
0.15680491731086005,-1.5189656500608404,-1.3518929792534944,-0.5496655406505142,SC4002E0-PSG,1917
-1.4586953977657362,-1.7577164215737155,0.007390982866696239,0.34491912873690417,SC4002E0-PSG,1918
-0.6362029151167622,-2.0217746680732085,-1.0040756156055388,-0.37641649452085485,SC4002E0-PSG,1919
-1.7780448544020564,-1.8024887558714917,-0.9625027797438624,-0.4604040814334145,SC4002E0-PSG,1920
-0.2869129823267004,-1.0050278189278756,-0.5603890579841619,0.2160231897250371,SC4002E0-PSG,1921
-0.3445277348213999,-0.9837550227718209,0.5718396546520109,0.8324403724047748,SC4002E0-PSG,1922
-1.3469797056137973,-1.377091964172428,0.4629653781494684,0.23157242024508015,SC4002E0-PSG,1923
-0.9617945479022962,-1.7302577226851552,-0.31114215818580865,-0.2068325078582611,SC4002E0-PSG,1924
-1.3076620694230574,-0.9974747669083854,0.2835362310430368,-0.08830521605026372,SC4002E0-PSG,1925
-1.0971459579671325,-1.169400788996589,0.5445031448501856,0.08660973838863598,SC4002E0-PSG,1926
-0.5316697469904246,-0.8639778508990764,0.7635832975975012,0.8299791632003845,SC4002E0-PSG,1927
-1.598123760438935,-0.9300473429305284,0.14062545187160705,0.34200122773900843,SC4002E0-PSG,1928
-0.5868045823655106,-0.33269137619844136,-0.5736035650293182,0.3576589063362548,SC4002E0-PSG,1929
-0.6937933512010674,-0.4362555769419483,-0.11585813766605468,0.26345686773879684,SC4002E0-PSG,1930
-0.40818085222332384,-0.23213113292567203,0.49631506326188596,0.44357364914170805,SC4002E0-PSG,1931
-2.2425803538093945,-1.1786066308770973,0.19505126652160856,0.042379361423184214,SC4002E0-PSG,1932
-2.380226290652465,-1.0002339889304144,0.09085926560919426,-0.09863828325371492,SC4002E0-PSG,1933
-2.771604647304232,-1.0969614155639045,-0.017171115840101475,0.1617901268910292,SC4002E0-PSG,1934
-0.22894236713038013,-1.6138967057406188,0.18200272394071854,0.5470500901119134,SC4002E0-PSG,1935
0.4930964846847484,0.08774766414530222,1.3232563489599563,1.6013453137844023,SC4002E0-PSG,1936
0.728201354879978,-1.0146034024325843,-0.4590817304043706,0.35616923534059575,SC4002E0-PSG,1937
0.2769901854092688,-0.5407720972464138,-0.17464309941916673,0.7403259355955235,SC4002E0-PSG,1938
0.8051890753023899,-1.2195000238683684,0.04809444247539297,0.9584884510714304,SC4002E0-PSG,1939
0.24917099503505027,-1.2169284070745723,-0.8226067757686675,0.1780333414146611,SC4002E0-PSG,1940
0.4734239094906394,-1.558216884669113,0.20553584740239858,0.5491217744424416,SC4002E0-PSG,1941
-0.7084950823868366,-1.6753790875923373,-0.03762553577831634,-0.09788510995455929,SC4002E0-PSG,1942
0.01459539284311571,-0.847299856682509,0.2781786573190312,0.7833178231506015,SC4002E0-PSG,1943
-0.1314214921255371,-1.1729042924480806,0.5531960418734959,0.6212784574779485,SC4002E0-PSG,1944
-0.3874368137809005,-1.8268506890252179,-0.48129234799898424,0.22698345681278856,SC4002E0-PSG,1945
-1.1643470170789154,-2.3080060257263275,-1.169913359651777,-0.4438246745809858,SC4002E0-PSG,1946
0.586752195455451,-0.2790405014618337,1.1351267826850198,0.9662305153310623,SC4002E0-PSG,1947
-0.8121282634601635,-1.9663762022040798,-1.4042434222472209,-0.321008778978818,SC4002E0-PSG,1948
-0.9403268530994433,-2.342352722645678,-0.9121169592873432,0.33961298062175677,SC4002E0-PSG,1949
0.09510471310896972,0.03839465910736773,1.6235212072785183,1.6971078207988728,SC4002E0-PSG,1950
0.3572501008394532,-0.3722299835599517,0.17420611017375878,0.8588224232580303,SC4002E0-PSG,1951
-0.07442615824234922,-0.42343603804652863,0.524609334468395,1.0083183178892046,SC4002E0-PSG,1952
0.4024734614312759,-0.17948137200026967,-0.08463961254928029,0.6539652979648867,SC4002E0-PSG,1953
0.24635804257525465,0.6569706060519839,1.0426474271420694,1.0773885935099266,SC4002E0-PSG,1954
0.17939964051454171,0.4740807917721098,0.4121906637971349,0.6374643833354973,SC4002E0-PSG,1955
0.13032149788743685,-0.5658135509112829,1.1345628416014304,1.5008061849809753,SC4002E0-PSG,1956
-1.7204761909024096,-0.8839344744260608,-0.06376551006420118,0.8493061442581168,SC4002E0-PSG,1957
-1.368561874625279,-1.313536371538214,-0.6088465039994587,0.8003687471090121,SC4002E0-PSG,1958
-0.7354192171368549,-0.4583768956458415,0.05355858984843293,0.7462849741693941,SC4002E0-PSG,1959
1.1801519336722148,2.009929015918964,2.620409909050538,2.1409857322546757,SC4002E0-PSG,1960
2.2027442127379007,2.3233185954700564,1.8780661870376438,1.2172290463373965,SC4002E0-PSG,1961
1.0948384117621637,0.4104437225457298,0.9099077871956224,1.016492769676533,SC4002E0-PSG,1962
1.2778386992932464,1.4341182441991023,1.284672645921766,1.6379779607816165,SC4002E0-PSG,1963
0.8921047155157994,0.9814877905421187,0.3478464386373158,0.6455226855053149,SC4002E0-PSG,1964
0.9363080102366773,1.1524476160950228,0.24675819025601736,0.34866482420842104,SC4002E0-PSG,1965
0.9627697346406963,1.1165410743793258,1.48877440982208,0.7508341665655706,SC4002E0-PSG,1966
0.24990726374323793,-0.15344537107223605,0.5406253707460172,0.5268202087560443,SC4002E0-PSG,1967
0.7014710458906257,0.758911417813878,1.9332598186164092,1.3261853412964881,SC4002E0-PSG,1968
1.1357649822336133,1.4719795875871033,1.3559234898783172,1.6897447718024414,SC4002E0-PSG,1969
0.8803326493287883,0.6612020867977434,0.36975594878185347,0.2070729472580256,SC4002E0-PSG,1970
1.3379925835518633,1.0101753989035578,0.9791085164878955,0.9453857136996704,SC4002E0-PSG,1971
0.6392026543310734,0.8401880103517172,0.11695155832274179,0.03519896724927392,SC4002E0-PSG,1972
0.906449599742538,0.42869761682069213,-0.03665982520355798,0.28215703860876157,SC4002E0-PSG,1973
0.6410714976561326,0.5711081479286357,1.22276066490837,1.0838179587660306,SC4002E0-PSG,1974
1.2438026778379498,1.6297823522939352,2.1033112716800098,0.9973463532746522,SC4002E0-PSG,1975
0.690883463589416,0.157401472089948,-0.41404406228004287,0.15235335793479649,SC4002E0-PSG,1976
0.8972097403703339,-0.2767026316690672,-0.47394776023561935,-0.012980120264377195,SC4002E0-PSG,1977
0.9583658987633913,1.2897626424884887,1.400037291697999,1.1410024514963928,SC4002E0-PSG,1978
1.264904499560141,1.4141244060653417,1.1918019068112227,1.4766221300368179,SC4002E0-PSG,1979
-0.8045413587550527,-0.7928001999656508,-0.20162259170354807,0.6027929987017041,SC4002E0-PSG,1980
0.6915844646961199,0.43358203035286624,0.1389558345397059,0.6159074347501408,SC4002E0-PSG,1981
0.8921639154255487,0.850504437341557,0.5503475890628512,0.6323752854919197,SC4002E0-PSG,1982
0.8617544936777257,0.7000554242359521,0.32197238286035407,0.7013202787447542,SC4002E0-PSG,1983
0.543944377275681,0.7368171375480634,0.16858263692979308,0.7348363280602477,SC4002E0-PSG,1984
0.727750479650747,0.35894947974161784,0.38828830795359587,1.0077619912985973,SC4002E0-PSG,1985
0.7984860368005352,1.185596253466112,1.3979959107109745,1.2205321253710255,SC4002E0-PSG,1986
-0.2379692074724412,-0.7671678496036529,-0.5324719148359703,0.37445797044176865,SC4002E0-PSG,1987
-0.7088903488829886,-0.776437413090995,0.1562755861642041,0.8336167996613684,SC4002E0-PSG,1988
0.3351081925207791,0.23468191445980366,0.08799399407727805,0.25085619224609274,SC4002E0-PSG,1989
0.23786260390059832,-0.16465053055732415,-0.03233856164493821,0.40857762462708636,SC4002E0-PSG,1990
-0.026533738130725733,-0.0961059866211722,-0.14478261692840957,0.3495551627215475,SC4002E0-PSG,1991
0.1256777122039396,-0.07668637525812459,-0.24055114904616146,0.30658739538875607,SC4002E0-PSG,1992
0.2010749241875483,-0.21103288212581994,0.039097809847327476,0.4375052037530538,SC4002E0-PSG,1993
0.9527486289011641,0.646040576235925,0.24440032601920925,0.5887409574466594,SC4002E0-PSG,1994
0.0110886267112241,-1.4217464181019352,-0.28809227194806963,0.5875759399681325,SC4002E0-PSG,1995
0.3949475906668179,0.490269403866015,0.014212635481356999,0.4591891420707552,SC4002E0-PSG,1996
0.09199371285187127,-0.04083227789035256,0.5330992405397258,0.6429949040046016,SC4002E0-PSG,1997
0.09935536615286884,0.041921586075829395,0.7085069367926748,0.8422119578798347,SC4002E0-PSG,1998
0.462920558416144,0.5292802677267359,-0.14442891351428114,0.3956252986428843,SC4002E0-PSG,1999
0.14348613015174547,-0.47866706000133347,-0.09506410098868062,0.5535526632162134,SC4002E0-PSG,2000
0.37412991278471097,-0.2031678224699924,0.7303276072363373,1.0706614675514696,SC4002E0-PSG,2001
-0.16419969040497712,-0.3324790132998696,-0.30626145867445037,0.8002589873695305,SC4002E0-PSG,2002
-0.20247083152513132,0.2701942000174046,1.0179132072893387,1.095835442498173,SC4002E0-PSG,2003
0.37500580623276397,0.039514243968307,1.2555169717070052,1.285033375962203,SC4002E0-PSG,2004
0.2402260098117533,-0.12028261455659017,0.43746164534194387,1.0804859869288277,SC4002E0-PSG,2005
-0.08712578666596436,-1.0681463189371183,-0.49504346865178983,0.5722962213327487,SC4002E0-PSG,2006
-0.5901310503969629,-0.3315099076193793,0.3693261003480861,0.6002927212449868,SC4002E0-PSG,2007
0.3791191401635041,0.32274164290387924,0.970304453987207,1.116550732129628,SC4002E0-PSG,2008
0.2923157686191334,-0.08059536884975609,0.2365274909408693,0.6479725496362208,SC4002E0-PSG,2009
-0.1558242428122991,-0.5705991290373892,0.2101917330270518,0.606387988091923,SC4002E0-PSG,2010
0.8315712366173396,0.1717747273325421,0.10159324377779763,0.7663220500314398,SC4002E0-PSG,2011
0.28038507164686294,-0.4603788599837997,-0.3537240466449917,0.377081449872228,SC4002E0-PSG,2012
0.4801636729795213,0.12061071652907139,0.3065399674905515,0.8128804869717106,SC4002E0-PSG,2013
0.18341900089908678,-0.7455315588653463,-0.3388618406730138,0.38796323751534234,SC4002E0-PSG,2014
0.05137074229611491,0.09044652953383032,-0.20827570977155396,0.4822501214984157,SC4002E0-PSG,2015
0.1965956651678994,-0.1811825643290329,-0.19493356616088922,0.3314336677908726,SC4002E0-PSG,2016
-0.29156083350615886,-0.5525150333136347,-0.49663004378651654,0.35072441174545355,SC4002E0-PSG,2017
-0.5664043032119839,-1.1293176212903864,-0.3527882172050266,0.32689174719556496,SC4002E0-PSG,2018
0.7375498874721921,0.04302453751258211,0.02774842364327972,0.6677947918301264,SC4002E0-PSG,2019
-0.20492178542310818,-0.41508521545963717,0.4616673380695647,1.0214414846117703,SC4002E0-PSG,2020
0.8206204839362403,-0.3630929893929335,-0.39945171567611615,0.41469609201442786,SC4002E0-PSG,2021
-0.17219906739796878,-1.088550310730349,-0.5280465747232909,0.6057595803466059,SC4002E0-PSG,2022
0.3542200524604738,0.1558325268659924,0.6294636478189722,0.7207865094843321,SC4002E0-PSG,2023
-0.01578275757959095,-0.5127890320038495,-0.624970030517084,0.22691080246693077,SC4002E0-PSG,2024
-0.07479885853079409,-1.239929645482231,-0.6128033752383534,0.495706885675746,SC4002E0-PSG,2025
0.19019601078150228,-0.46464024542560173,0.16818788087990338,0.5537772170883797,SC4002E0-PSG,2026
0.30464462428720873,0.34484905234828767,0.08882818693184881,0.4372121392170938,SC4002E0-PSG,2027
-0.005007244997544408,-0.48511224183740553,-0.787391936668767,0.19111439660521698,SC4002E0-PSG,2028
0.16688313283756603,-0.51756722550705,-0.014564054173072681,0.7933371413751795,SC4002E0-PSG,2029
0.35422439177281656,-0.23357361878868355,0.4709964478335075,0.46337854163435327,SC4002E0-PSG,2030
0.07551543982876725,0.007758462347851733,0.10008541498306649,0.6219394016352711,SC4002E0-PSG,2031
0.6023119648155546,0.29455647265999935,-0.4505674402070627,0.28465827190377513,SC4002E0-PSG,2032
-0.31625406926946653,-1.0201641100833378,-0.8616142390526436,0.20629788681624997,SC4002E0-PSG,2033
-0.5746477263110358,-1.3614571873419026,-0.6804348851146603,0.17223344296230797,SC4002E0-PSG,2034
0.835147210860221,0.4014500218950274,0.528511911428999,0.7144306799999134,SC4002E0-PSG,2035
0.9994712086602415,1.1694002848156904,1.0043749715434003,1.1724188017625299,SC4002E0-PSG,2036
-0.04527257936316997,-0.7335576968480038,-0.1730750975662831,0.7758223625544517,SC4002E0-PSG,2037
0.4045712077441509,0.00684634693228177,0.18672136541492804,0.5616940410222198,SC4002E0-PSG,2038
-0.07410891608211297,-0.03382289826741859,-0.20391298651755188,0.3377502396322701,SC4002E0-PSG,2039
0.3086653413102813,0.08136097690085776,0.8054850398416902,0.930944744859032,SC4002E0-PSG,2040
0.4890124543987311,0.717568893851108,1.294353889686116,1.3788180445831457,SC4002E0-PSG,2041
0.6407721772860553,0.5249987542270965,1.2734827172622836,1.5293562766403022,SC4002E0-PSG,2042
0.44728410195852975,-0.4328760299583463,0.01670787770639568,0.42856906624160834,SC4002E0-PSG,2043
0.23921450272314942,0.43202692072464954,0.706543669845837,0.8481501729239047,SC4002E0-PSG,2044
0.600163715691125,0.5510599455464906,0.7255901534912854,0.7530896518657827,SC4002E0-PSG,2045
0.39309127549931694,0.7354578332621134,1.5664532507000744,1.4761766037202653,SC4002E0-PSG,2046
-0.25315043890245853,-0.40257343146144053,0.412399877397763,0.8057762136142672,SC4002E0-PSG,2047
0.06611636569181999,-0.5108844758782264,0.09412925306550633,0.7050501360652347,SC4002E0-PSG,2048
-0.24271249522748162,-0.7231482551178295,-0.7795297222993499,0.2336911266003766,SC4002E0-PSG,2049
0.3049220665903425,-0.18445395272917514,-0.08631863124467905,0.6620198351317801,SC4002E0-PSG,2050
0.03640263007348624,-0.031806298477854246,0.5851344982925492,0.924109071917856,SC4002E0-PSG,2051
-0.2781784691667886,-0.27108358898404805,0.14317795120847288,0.8496824909886886,SC4002E0-PSG,2052
-0.3596203030116076,-0.6784307421338855,-0.7084162906340707,0.45255202751265267,SC4002E0-PSG,2053
-0.3118267914397577,-1.2973582616729622,-0.7186199003194307,0.1881420815862998,SC4002E0-PSG,2054
1.0203342193415752,0.038757672612742385,0.8653129347184373,0.8923488927543884,SC4002E0-PSG,2055
-0.44580726173779245,-0.780612495405634,0.05722828548079635,0.2817008668639294,SC4002E0-PSG,2056
0.842176531562232,-0.10318202984946291,0.28303022562098895,0.8966679725342044,SC4002E0-PSG,2057
0.3979820285104134,-0.18457866279992902,0.31418180100027165,0.6139982756762953,SC4002E0-PSG,2058
0.44558342736520923,0.3282724579972832,0.29349748860102187,0.5970321528292959,SC4002E0-PSG,2059
0.4201693463869833,-0.7841451687446429,-0.011711254498146969,0.3981197640366899,SC4002E0-PSG,2060
0.5725903252018673,1.0974384392793513,1.0945145684860789,0.8517032150222613,SC4002E0-PSG,2061
0.13937646610899898,1.0285195793127662,0.12124608576367985,0.3686766722685746,SC4002E0-PSG,2062
0.08418952726086724,-0.07969839615525105,-0.11177541977536182,0.409334754590867,SC4002E0-PSG,2063
0.0856100968062714,-0.6388088338048137,-0.25747983293373033,0.5071222619754736,SC4002E0-PSG,2064
0.6043503887641357,-0.49931571638315797,0.5574887720579238,0.8062196261054955,SC4002E0-PSG,2065
0.7079347834821682,0.17143964945954748,0.3972705098329622,0.7794939805863016,SC4002E0-PSG,2066
0.3068119739556979,0.3213209887185158,0.16798829950552105,0.6539539146685879,SC4002E0-PSG,2067
0.24772485832711458,0.2881759088753726,0.14050833901763912,0.5612903371666214,SC4002E0-PSG,2068
0.5770514427680975,0.25569198428449585,-0.3092570690311446,0.5226494529664177,SC4002E0-PSG,2069
-0.04235476857330526,-0.45855334392952346,-0.06768959030223042,0.5207316098497258,SC4002E0-PSG,2070
-0.11132851669310706,-0.6990683369036426,0.02202039947280357,0.29138006442424985,SC4002E0-PSG,2071
0.6659796606339031,0.03491757158107978,0.7129724359619566,0.5229954432708804,SC4002E0-PSG,2072
0.9136662902717575,1.1024565328638556,0.5259376710437206,0.6273889348222906,SC4002E0-PSG,2073
0.5065526518088841,0.14890897091805,0.23213353058329178,0.4959112035921415,SC4002E0-PSG,2074
-0.06684443978839713,-0.6828737773605726,-0.31223172385010567,0.46501111733545364,SC4002E0-PSG,2075
-0.012186655746379435,-0.3090761716485822,0.18206061462764728,0.6156932732987846,SC4002E0-PSG,2076
1.0076293265688556,1.23347438881393,1.0640142090950313,1.0648699904489782,SC4002E0-PSG,2077
0.9429640999366755,0.9534493078720064,0.9173095017685406,0.7385133166441988,SC4002E0-PSG,2078
0.4351750823047638,0.018554118538839242,0.429944960357822,0.7720078829051654,SC4002E0-PSG,2079
0.5455086192305436,0.38887111690383286,0.7350267955263783,0.8779016114153023,SC4002E0-PSG,2080
0.5695568109765093,0.14960834399396963,0.6272253894558527,0.5426890047816317,SC4002E0-PSG,2081
1.1030426947654148,0.9768129161434582,1.0049051013827437,1.2422373623613623,SC4002E0-PSG,2082
0.10524282473590721,-0.4686965906725965,0.284519172357249,0.6671752529924915,SC4002E0-PSG,2083
-0.10433033914406704,-0.8238396048357969,-0.4038450582708339,0.3116900184371839,SC4002E0-PSG,2084
0.45430580790338404,-0.023282349161568388,0.45921736694895443,0.08259731282261164,SC4002E0-PSG,2085
0.28184650979142156,0.1341405150865774,0.2711357919906057,0.4609782365394518,SC4002E0-PSG,2086
-0.13297666440756278,-0.06133598794096011,0.32699534914682404,0.715717510140191,SC4002E0-PSG,2087
-0.22833496817730597,-0.5633759505574115,-0.0923794314173627,0.49403084273960735,SC4002E0-PSG,2088
0.36860050516456366,0.24307617176199728,0.19809187536798095,0.5537467142478325,SC4002E0-PSG,2089
0.8612770237171289,0.6358562590810459,1.8151303138863726,1.5605950473208359,SC4002E0-PSG,2090
1.1305338291087592,1.0165455472844862,2.381627501844563,1.9809150381191611,SC4002E0-PSG,2091
1.2155748362106535,1.21602361019721,1.9660373249554377,1.620361070621971,SC4002E0-PSG,2092
1.0554151359880035,0.8675810000952343,1.8228565324419892,1.5661450263893613,SC4002E0-PSG,2093
1.1955078694450094,0.947782949341678,1.011323296333327,1.0852227399090895,SC4002E0-PSG,2094
0.7382256187367258,0.4047995706333278,-0.476822655999541,0.2593696122087582,SC4002E0-PSG,2095
1.18012203321797,1.0630364640541652,0.8393653012125286,0.7270211334768021,SC4002E0-PSG,2096
1.2048799250062523,0.4167575373675837,2.1813028316104246,1.8391674136057834,SC4002E0-PSG,2097
1.293917006904615,1.5470248626374266,2.3401920091361723,1.8650543187119888,SC4002E0-PSG,2098
1.2709400485277516,1.7854096668102264,2.874975198929802,2.05057972980134,SC4002E0-PSG,2099
1.3930703411421361,1.6980266769186096,1.9462071560089569,1.7057018283585605,SC4002E0-PSG,2100
1.6521097529239641,1.419160758823962,2.315933094851096,1.6250917646560932,SC4002E0-PSG,2101
1.3003103534919374,0.2112643870629786,0.30905397702695153,0.767483652502076,SC4002E0-PSG,2102
1.0652002434545844,0.8048728472782932,0.37046999986032175,0.5801927614318082,SC4002E0-PSG,2103
0.9871083508685414,0.7643458667435233,0.2949474829888633,0.7750896227719992,SC4002E0-PSG,2104
0.8921949704838307,0.5790635005427385,0.2774932784915577,0.7132515754043537,SC4002E0-PSG,2105
0.7263546877713177,0.2016251109457207,-0.10651374107854596,0.486285387506344,SC4002E0-PSG,2106
0.2914758192584284,-0.1176118549600333,-0.10431379130330505,0.3926475271073951,SC4002E0-PSG,2107
0.31306960533987194,-0.46898729958507657,-0.16244250586478506,0.5672553111499439,SC4002E0-PSG,2108
0.49981156060929705,-0.24067968693628383,-0.23126508803481025,0.6040369364455581,SC4002E0-PSG,2109
0.8670688019933868,0.14408493828764682,-0.16341947663280507,0.4565847022120144,SC4002E0-PSG,2110
0.4093034294800002,-0.024566843466840484,0.24879993672458228,0.424007452635354,SC4002E0-PSG,2111
0.3529949596542806,0.08394603855281423,0.13806862367277536,0.8502203885999103,SC4002E0-PSG,2112
0.13098799173114214,0.10029765379204665,0.5557046416266419,0.585665847254723,SC4002E0-PSG,2113
0.14153664025542714,-0.4746607424170303,0.14202270957271573,0.5695319946500607,SC4002E0-PSG,2114
0.47820929989571875,0.027096219486909955,0.1939082287868637,0.7081505688677929,SC4002E0-PSG,2115
0.25499200031312935,-0.47494409267947235,-0.08758845938654915,0.44481614245729123,SC4002E0-PSG,2116
0.4311022243475335,0.5689959427993935,0.2717533436563499,0.35847561304048714,SC4002E0-PSG,2117
0.8645127665526188,0.20306861506332013,0.3478842383250946,0.5706780611774859,SC4002E0-PSG,2118
0.33344109327965615,-0.3051144043728788,0.23662311921387905,0.48922257105746003,SC4002E0-PSG,2119
0.2353766417470893,-0.4378918055683674,-0.03498248508975494,0.4839627443475735,SC4002E0-PSG,2120
-0.01375032436276961,-0.37477303369539505,0.16485801032104405,0.7446258889938039,SC4002E0-PSG,2121
-0.305890874456191,-0.8275655821637616,-0.028841882433487523,0.20140103302118326,SC4002E0-PSG,2122
0.8026784589241593,0.2557844665855901,-0.017417767769593886,0.40291998867816026,SC4002E0-PSG,2123
0.30348682125410564,0.2225934477729395,-0.4999191193997159,0.15596877469609405,SC4002E0-PSG,2124
0.7003014115739354,0.6308603036190563,0.5890543810515197,1.1069300263200028,SC4002E0-PSG,2125
0.5066826231144739,0.5291446432404422,0.6414660865986025,0.6723248131678112,SC4002E0-PSG,2126
0.7690128091203764,0.24342030046653895,0.46321238677157994,0.7135966888880468,SC4002E0-PSG,2127
0.8326510855681568,0.8488318620059409,0.9577963894431311,0.6538486282795821,SC4002E0-PSG,2128
0.924097405683286,0.42467173707888317,0.8123835186637659,0.5849146603920765,SC4002E0-PSG,2129
0.7669898859312806,0.29896523256660756,0.8736764570639447,1.1487925444972966,SC4002E0-PSG,2130
0.4599058910942345,1.240602837793448,1.443407821189123,1.1813060284138068,SC4002E0-PSG,2131
0.2729617053772968,0.1945521142519831,0.3211532385620559,0.7909273816574737,SC4002E0-PSG,2132
0.49537071386258485,1.2027072212871108,0.6136711223437937,0.9982277094809847,SC4002E0-PSG,2133
-0.30694269703245386,-0.39345432274659325,0.30859260791561355,0.5605345417006834,SC4002E0-PSG,2134
-1.4252638985512245,-0.6673492176881598,-0.032376345983084094,0.18683247397697242,SC4002E0-PSG,2135
0.00518533682163112,0.6055656718568468,0.606830182581951,1.064967498653703,SC4002E0-PSG,2136
0.4126313897968118,0.5303335355707538,0.919327369904142,1.0132908539761996,SC4002E0-PSG,2137
0.5528172358292224,0.46413484215204165,0.13872818050770847,0.8223838180563989,SC4002E0-PSG,2138
0.5450630567361848,0.4711634558431693,0.8279424709975951,0.7820809727051228,SC4002E0-PSG,2139
0.3732849808235628,0.32936716549965445,0.40079320988962236,0.5086955681829987,SC4002E0-PSG,2140
-0.7040440671231962,-0.6590176341814556,-0.3201383349431714,0.4281855712709946,SC4002E0-PSG,2141
0.5823944059995099,0.38198722039220107,0.5804408067063633,0.9353549749894026,SC4002E0-PSG,2142
0.4093624130193197,0.8501522864844243,0.8347525887880665,0.9404247496089342,SC4002E0-PSG,2143
0.5015866376922464,0.47100630816652655,0.6233157265242822,0.6507495354609129,SC4002E0-PSG,2144
0.26665111227019006,-0.20992815943632712,0.22033070053879963,0.5418599516856816,SC4002E0-PSG,2145
0.6754493932142732,0.41765980989580065,0.856652156253097,0.9577263071428993,SC4002E0-PSG,2146
-0.4026180997842421,-0.4616359457211577,0.18254774558529097,0.42679726524966605,SC4002E0-PSG,2147
1.1127885397513007,1.240223605603073,1.4432854194540365,1.1836681325257385,SC4002E0-PSG,2148
0.90917549469508,0.9467626664192355,1.3297578261150562,1.2925336971176224,SC4002E0-PSG,2149
0.2878420150627121,1.1609567042587368,1.0537421606304973,0.9384998402737134,SC4002E0-PSG,2150
0.10849384772031187,-0.004805560725559377,0.14380087000957756,0.47096993347374555,SC4002E0-PSG,2151
0.1386911363499256,0.24419761924947356,0.11597508937568571,0.302729166273628,SC4002E0-PSG,2152
0.7207908090678115,0.06049029137129363,0.5268511368992586,0.37736705408147525,SC4002E0-PSG,2153
0.5232559620317284,-0.07843470220187977,0.1394657446698416,0.6145208417857808,SC4002E0-PSG,2154
0.3284709154153891,0.563302911122876,0.5482666443550874,0.623912400588618,SC4002E0-PSG,2155
0.25497323234734215,0.05326141878930033,0.055658742387605424,0.40742432995055583,SC4002E0-PSG,2156
0.8494906542668512,1.1952082753755604,0.5238100028340313,0.7629058623603081,SC4002E0-PSG,2157
0.6709868041272972,0.21153759721784618,0.299359457085343,0.6676374806793193,SC4002E0-PSG,2158
1.002212517336332,0.9185942371480367,0.7588795359583796,0.5221071899695273,SC4002E0-PSG,2159
1.2182277451408021,1.6704456414658908,2.6553717543805604,2.3140659739041354,SC4002E0-PSG,2160
1.3324769438448658,0.9340697181434771,1.6221441854340581,1.4736570373414484,SC4002E0-PSG,2161
1.3257428100758089,0.933475954929211,0.8861900512943911,0.8802155152010647,SC4002E0-PSG,2162
0.7869289089239001,0.8859396369146652,1.9242559928900482,1.401252247057628,SC4002E0-PSG,2163
1.3374963623016203,0.8751004470880781,1.5235470984289257,1.4600054786493326,SC4002E0-PSG,2164
1.119686675256264,0.0980204856072708,0.6557168023839113,0.8091622253975279,SC4002E0-PSG,2165
0.7096340133808597,0.2675556041085234,0.5518237861403336,0.6894962995095419,SC4002E0-PSG,2166
0.8830663211575217,1.0935615477168392,0.9095510629897684,1.0327665743533903,SC4002E0-PSG,2167
0.563729648001512,-0.05301301700373255,0.5376942379250049,0.6530028834455748,SC4002E0-PSG,2168
1.1475349963862145,1.630510734364606,2.8836728485668317,2.148531738984496,SC4002E0-PSG,2169
1.2657340398299737,0.6545665667244672,1.1583924747367533,0.9641140365927924,SC4002E0-PSG,2170
0.663707094878062,1.1780943035688156,1.352788525170113,1.0608032371574618,SC4002E0-PSG,2171
0.13171820581545018,0.3483089479720845,0.48418262739947,0.6643109199023833,SC4002E0-PSG,2172
1.0705116303282076,0.5702861547049718,0.8507103875634232,0.8128079142439365,SC4002E0-PSG,2173
0.7059068816852128,1.5644910219210082,1.710664263026772,1.6466164116124573,SC4002E0-PSG,2174
-0.2800143279696401,-1.0521827244466722,0.03660260260707684,0.5680618232798693,SC4002E0-PSG,2175
-0.09793214265758204,-0.5823858207403108,0.1160876213487031,0.633395405033425,SC4002E0-PSG,2176
-0.19056952081412248,-0.3186631310695362,0.22088237238665667,0.45017914002361975,SC4002E0-PSG,2177
-1.051910124419596,-1.389262617721539,-0.5846714814216648,0.3266948444624824,SC4002E0-PSG,2178
0.5333236571882103,0.3006428666039798,0.06835846489761045,0.6727970692343522,SC4002E0-PSG,2179
-0.15676080173619877,-0.12513685779672995,0.7028821968034505,0.6994175228501229,SC4002E0-PSG,2180
0.07831872076371534,-0.33877813611171903,0.3560708632293044,0.5640556327220912,SC4002E0-PSG,2181
-0.4642906968210067,-0.7543360926610603,-0.7076606334182165,0.31727343236851613,SC4002E0-PSG,2182
-1.3678904377275063,-0.308763061821726,-0.3867469708698181,0.3134398075962789,SC4002E0-PSG,2183
-0.1200948330990363,0.2703144280470253,-0.5097301209861367,0.3637771546608688,SC4002E0-PSG,2184
-1.1172757861798537,0.04317888171524305,0.05180569191938006,0.39219453004224386,SC4002E0-PSG,2185
0.30679580313587923,0.048906796825726156,0.2995326392903392,0.7244142221592161,SC4002E0-PSG,2186
0.005933872848427159,-0.08838733596426612,0.2773295692763571,0.6594142318199802,SC4002E0-PSG,2187
0.04846159191327222,-0.08751295306081794,0.11433782769457379,0.5698850599123194,SC4002E0-PSG,2188
-0.3833040724633757,-0.15974745580267444,-0.4282528630222577,0.20902129178379739,SC4002E0-PSG,2189
-0.1531779819673391,-0.25900837756460243,-0.1497957541466468,0.44281920924385204,SC4002E0-PSG,2190
-0.2391938431235911,-0.5253029118221795,0.1718189207632194,0.5269435725152383,SC4002E0-PSG,2191
0.24058759841919752,0.10831747175711047,0.2674595415485196,0.4876382809985539,SC4002E0-PSG,2192
0.3731525083788577,0.3784473800621525,0.6578355188068676,0.6329847015035946,SC4002E0-PSG,2193
0.9733521974899101,1.4734998105622952,1.601833194347214,1.1202803198695304,SC4002E0-PSG,2194
0.31246729991955624,0.4266627702488956,0.7282976588997245,0.7737520936005224,SC4002E0-PSG,2195
0.26465568697331326,0.33929221820369687,0.7348937207455646,0.9237794115534675,SC4002E0-PSG,2196
0.6837533955550151,0.24310115564267026,0.7097924763529736,0.8335574373882741,SC4002E0-PSG,2197
-0.07046037429713137,-0.2566411763137922,-0.1309220087279464,0.6367054029436165,SC4002E0-PSG,2198
0.44020090267129236,-0.12724026699443666,0.5282094274295583,0.6802196106410073,SC4002E0-PSG,2199
0.7961758657497178,0.6723097007224276,0.7648717112642212,0.8426676928350302,SC4002E0-PSG,2200
0.6355040535713984,1.1856811714598385,1.3531342546266005,1.1566236927227664,SC4002E0-PSG,2201
1.1202182930355942,0.8190441516623383,0.6297623216607948,0.6189416967967359,SC4002E0-PSG,2202
1.2915338553245528,0.14301478457364114,0.5499435127449386,0.792003088604763,SC4002E0-PSG,2203
-0.25642972877612785,-0.18588044618413874,0.8117691739880665,0.9720094963615494,SC4002E0-PSG,2204
1.0689029070933782,1.0057230677021893,1.256538506188935,1.0691118704568807,SC4002E0-PSG,2205
0.857724655832241,1.2895900922425794,1.4761272058265862,0.9553079737163235,SC4002E0-PSG,2206
0.33031889786663987,0.43651410547441416,0.9515661633231622,1.1035094962725334,SC4002E0-PSG,2207
0.6172757748040713,1.3343647141164405,0.6100005841186866,0.6245312261515568,SC4002E0-PSG,2208
0.6124319923128508,-0.9859590954477752,-0.08723058848102673,0.7020169358302958,SC4002E0-PSG,2209
0.31160673128996397,-0.8364664903194157,0.6667582307960547,0.8441137727331448,SC4002E0-PSG,2210
-0.14896531927964576,-0.8995796650299752,0.9719797103146252,0.9885136064650826,SC4002E0-PSG,2211
-0.20270639475742033,-0.4008715574941175,0.5260650166739028,0.5306492966136624,SC4002E0-PSG,2212
-0.6861850376090087,-1.405711210034189,-0.08552950716950633,0.7142320452230767,SC4002E0-PSG,2213
-0.4685107177371217,-0.5293731788582212,0.17500712225256745,0.9887244968282728,SC4002E0-PSG,2214
-2.324000213737179,-1.5656277935781946,0.19129548406015745,0.6295457689969745,SC4002E0-PSG,2215
-0.4575744628648444,-1.5622186186998301,-0.06263427480780694,0.7704225080384919,SC4002E0-PSG,2216
-0.3106747523502846,-1.2452564754249154,-0.3927267950237341,0.4576397620531085,SC4002E0-PSG,2217
0.5965625426575625,0.4593066888595468,0.9157170367446762,1.296331200973994,SC4002E0-PSG,2218
-0.38965744276345393,0.39781776065292906,0.7981940940167415,0.7778832385847028,SC4002E0-PSG,2219
0.8052645179894977,0.6492542381725559,0.9282947435257491,0.8945567944914141,SC4002E0-PSG,2220
0.705730170549912,0.9654350368470453,0.6592885935525337,0.7982897536726239,SC4002E0-PSG,2221
1.1039382537937648,0.7510602402886138,0.9753291101498954,0.7510277241129135,SC4002E0-PSG,2222
-0.42121149161176386,-1.3342598650654822,-0.37850120100151247,0.2630115384826885,SC4002E0-PSG,2223
-1.4593462163379232,-1.4468430763846016,-0.9123990615592019,0.25722714041845773,SC4002E0-PSG,2224
-0.008036473608304747,0.5715937209147078,1.0683990444927283,1.5079466277294653,SC4002E0-PSG,2225
0.24589803285655387,1.1641172355676845,0.832088811517988,0.9502260474563301,SC4002E0-PSG,2226
0.2375086199584886,1.6574013224482889,1.5556681382918829,1.006523986928645,SC4002E0-PSG,2227
-0.25274945281779476,-0.25241289428713354,0.5956254161782537,0.8079046837377137,SC4002E0-PSG,2228
0.3648440417426293,0.7043019632164164,0.46383023679960356,0.8038348614569513,SC4002E0-PSG,2229
0.4093104677310186,0.17747755410970892,0.55894300790547,0.7605747352022332,SC4002E0-PSG,2230
-0.06647231460529815,0.3323819260843043,1.00454208868193,0.8236634647106982,SC4002E0-PSG,2231
0.2565947988420745,0.18705276842454605,0.18105333957765177,0.45495488222980346,SC4002E0-PSG,2232
0.21590339509710038,-0.06014490454388935,1.160161479373103,0.95340035322071,SC4002E0-PSG,2233
0.6022880624859618,0.5438278140322991,0.34693296734716295,0.5815292692706706,SC4002E0-PSG,2234
0.1583070620082947,-0.05102104651771475,0.39616662442149114,0.4962790226720544,SC4002E0-PSG,2235
0.5990915535011212,0.05282316013334439,0.5208127841960775,0.7507953421436998,SC4002E0-PSG,2236
0.4459434420118872,0.21653428520866336,0.6570565770935439,0.6448778642455958,SC4002E0-PSG,2237
0.2425882790661145,0.961146168023168,1.8282785715494776,1.3382808040480634,SC4002E0-PSG,2238
0.1400530276045163,0.4830354013006025,1.1518001823175985,1.3135329934318372,SC4002E0-PSG,2239
-0.12164354116914969,0.8552163600965575,0.6378621269614314,0.6620647512220051,SC4002E0-PSG,2240
0.25264802392192404,0.009447961777257773,0.6311642657168353,0.4839853926162499,SC4002E0-PSG,2241
0.995332135224323,0.9556444197563819,0.6527783401212265,0.8216551887334183,SC4002E0-PSG,2242
0.7471361764073674,1.0225685263132342,0.5298488034158134,0.5839634533885231,SC4002E0-PSG,2243
0.7578371402489509,1.042383397927708,1.4019521087405542,0.8766925329323305,SC4002E0-PSG,2244
0.722523626584002,1.4476548694016773,0.8330010976366601,0.7624248560235464,SC4002E0-PSG,2245
0.7943253093782586,1.4022186150034974,1.3044355267521175,1.1068428838652375,SC4002E0-PSG,2246
1.0649395099466008,1.0053268681875915,0.9751844883173495,0.83641568246583,SC4002E0-PSG,2247
0.5651862232131478,0.8652125324011736,0.8146154935213469,0.6894413633221661,SC4002E0-PSG,2248
0.6756162266839155,1.1561794012542332,0.8944892846533925,1.0833242001036292,SC4002E0-PSG,2249
0.44724923775100794,0.8202943462326738,0.8775329793752474,0.7738272314172726,SC4002E0-PSG,2250
0.5007435851877229,1.3234430297145825,1.0410930505021352,0.6947570034059061,SC4002E0-PSG,2251
0.6019627894555073,0.6990590182812991,0.6224240687923006,0.5854124701271173,SC4002E0-PSG,2252
0.29531469159094026,1.0310676259587472,0.6568770744277881,0.49527754105585087,SC4002E0-PSG,2253
0.9303900731310075,0.4007326741989628,0.4901795784762536,0.6515553101045589,SC4002E0-PSG,2254
0.1186293509163833,1.0005965783541466,1.1502931071641864,1.2395819092838434,SC4002E0-PSG,2255
0.09351747740588542,1.3746084424723044,1.5783264628072815,1.0346582827037711,SC4002E0-PSG,2256
0.1944414688808894,1.9181222595247267,2.2073169479757815,1.6534839561615227,SC4002E0-PSG,2257
1.0634874494774234,2.0068015191102657,2.433353869885823,1.6439534780696512,SC4002E0-PSG,2258
0.6587010330197033,1.2874016489263789,1.7256642677938199,1.7204774915022967,SC4002E0-PSG,2259
0.2802751705419287,1.1213233342595477,0.9087466814497471,0.570689045910801,SC4002E0-PSG,2260
0.43135617224907924,0.19186456284954925,0.5132563236778731,0.5229915301271837,SC4002E0-PSG,2261
1.2900403992424052,1.2878575669639503,0.7641195596294222,0.934691768758384,SC4002E0-PSG,2262
0.7862441213072027,0.5247073393562067,0.5987554520007267,0.9999214949767953,SC4002E0-PSG,2263
0.2648382839385082,-0.293345953389058,0.44469342558993136,0.6286203932381356,SC4002E0-PSG,2264
1.0045000236443256,1.0840431095396814,1.1126649993504634,0.8036967602451323,SC4002E0-PSG,2265
0.16388771866875904,0.8427557066180899,0.7370485039804767,0.7031761352795619,SC4002E0-PSG,2266
-0.4352741129413686,0.2726752154700087,0.007327069508632411,0.48786320100659475,SC4002E0-PSG,2267
-0.2344121585902413,0.3810870697653616,0.3169110972401812,0.6401814260224186,SC4002E0-PSG,2268
-0.0646411794825561,0.25786430985086245,0.987086592695218,1.200617752017552,SC4002E0-PSG,2269
0.27744062008805637,0.023623103448555723,0.8646920501435802,0.7300787358803679,SC4002E0-PSG,2270
-0.2275793446089445,-0.39600735802553483,0.10568985414865098,0.7025294333879457,SC4002E0-PSG,2271
0.21539483585151556,-0.07169556641762702,0.3376091945656595,0.7337454270610893,SC4002E0-PSG,2272
0.4310034257759734,0.26756572823879315,0.3057275953876876,0.5802324176261695,SC4002E0-PSG,2273
0.052291026264693743,-0.468877652796409,0.16725541927492257,0.4749281567826614,SC4002E0-PSG,2274
1.0204465783431382,0.9606162227378432,0.9770151926120567,0.8605063167867668,SC4002E0-PSG,2275
0.1832202331928314,0.22606026264751064,0.5209561738545944,0.9461089850266642,SC4002E0-PSG,2276
0.28228246664141693,-0.3342224530299687,0.46667046160969167,0.746690702625553,SC4002E0-PSG,2277
0.30412071826177256,0.25494334106703725,0.02676369734775319,0.6374311167695601,SC4002E0-PSG,2278
0.5122322566171859,0.5093765196765566,0.4172075241465351,0.7172169797692197,SC4002E0-PSG,2279
0.07900137941004158,0.6845830503258332,0.9904895051196497,0.9489503359847439,SC4002E0-PSG,2280
0.09356609727452642,0.21744629248241534,0.6853333727463797,1.004223237059508,SC4002E0-PSG,2281
0.6529367967066169,1.1275727697354716,0.8207917126733265,0.9420805178228081,SC4002E0-PSG,2282
0.11498107571541098,-0.3382625580652599,0.22307635305309365,0.390336564358484,SC4002E0-PSG,2283
-0.08325213887250095,-0.2853267736224359,0.42465995734259615,0.5267923632361372,SC4002E0-PSG,2284
0.7664691702220741,0.4832494441360587,0.3801774754374312,0.5101781635594773,SC4002E0-PSG,2285
0.5811079027769177,1.34242882690703,0.7498287924922323,0.9580034050211316,SC4002E0-PSG,2286
0.6268761992311186,1.0781911041087833,0.6705433362014258,0.7147871000101752,SC4002E0-PSG,2287
0.41788063076888865,0.42602752259492643,0.8115722643171839,0.9530333986867842,SC4002E0-PSG,2288
0.6696146397024432,0.1533702192157087,0.8800775155348797,0.879937010151888,SC4002E0-PSG,2289
1.2267527283808126,1.1204942790887449,0.9097142395421123,0.5313219774699586,SC4002E0-PSG,2290
0.7804808332021395,1.0072690282629246,0.879518173674049,0.8467586624272819,SC4002E0-PSG,2291
0.26699651257718016,-0.026686958246032295,0.760394732931725,0.6435915504161394,SC4002E0-PSG,2292
1.0711146476021711,0.9350081802292928,1.03155102810883,1.1479751701738272,SC4002E0-PSG,2293
0.5150734367393036,0.6924822682600951,0.37575325753417227,0.525865187990591,SC4002E0-PSG,2294
0.10166321689149418,-0.16458030198659443,0.1569543236062485,0.35339889894118964,SC4002E0-PSG,2295
0.4730868378767701,0.01895968936146142,0.1156953205174858,0.3176019277938797,SC4002E0-PSG,2296
0.36686286375686816,0.23494866043492002,0.1013643956148593,0.47450380213624876,SC4002E0-PSG,2297
0.5744185910686228,0.7768710721384581,0.6903618955637841,0.5766603781042796,SC4002E0-PSG,2298
0.8179223869799502,1.1047372299131377,0.5345700527941297,0.7113199484151924,SC4002E0-PSG,2299
0.11129084440115969,0.6511821808360901,1.7939248826959828,1.6885854369906006,SC4002E0-PSG,2300
0.4106854989659947,0.43084756644875555,1.2129720926708008,0.9664449431402585,SC4002E0-PSG,2301
0.4507921381025002,0.6568383903724379,0.33581109623991273,0.5651669039802947,SC4002E0-PSG,2302
0.26976041089286723,-0.6124347973379708,0.150092451223321,0.3393683297141789,SC4002E0-PSG,2303
0.2870267237289635,0.05438490642738646,0.7893690420194659,0.7924976557944882,SC4002E0-PSG,2304
0.35670826346619877,0.08945214211244888,0.5011519917353566,0.6430022133290343,SC4002E0-PSG,2305
-0.9021106015089835,-0.6116924318897324,-0.32479921264441575,0.16483082256032242,SC4002E0-PSG,2306
-0.2560295888921111,0.3556669471314979,-0.08033413911794826,0.38001585889811157,SC4002E0-PSG,2307
0.906270809281262,1.4217074345626093,2.069942090559777,1.2713358321322357,SC4002E0-PSG,2308
-0.8631663336386404,-0.847477954979828,-0.539561247102862,0.10177727227724437,SC4002E0-PSG,2309
-1.198900035928844,-1.1473821984045787,-0.8367562257883404,-0.22354916746900794,SC4002E0-PSG,2310
-0.4793199471941343,-0.6442344302234008,-0.045134952117929714,-0.07847073981441198,SC4002E0-PSG,2311
0.46138850084233574,0.4627704671186103,0.4430499073757574,0.8568123283795741,SC4002E0-PSG,2312
-0.02984147585910617,0.8743562001120425,0.8979751317985828,1.1577951832898636,SC4002E0-PSG,2313
0.07377302029441303,0.05034262963687669,0.6307061505045476,1.096934572926046,SC4002E0-PSG,2314
0.6976462214674211,0.5885445692040927,0.6039789422575296,0.568752264339004,SC4002E0-PSG,2315
0.5346288133764574,0.4671615838267278,0.7524409035913444,0.8691088047377027,SC4002E0-PSG,2316
0.3770102261646817,1.1011980962982475,0.36100645076807897,0.7471705822192514,SC4002E0-PSG,2317
0.4082735792782014,0.42576552030924114,0.7244434275696952,1.233568501919769,SC4002E0-PSG,2318
0.7240671824824183,0.5843652397225496,1.113127819611926,1.1773939463773708,SC4002E0-PSG,2319
0.7100077166953597,0.49324400866009016,0.4578262309122969,0.6103127487377685,SC4002E0-PSG,2320
-0.8930761564750698,-1.578469541163103,0.014911648212864469,0.09462238253228285,SC4002E0-PSG,2321
0.32620607652373523,0.3315658753165859,0.6522138824970697,0.49311841225343783,SC4002E0-PSG,2322
-0.7577229377466866,-1.2868322031770458,-0.31599463144168843,0.30407925661541957,SC4002E0-PSG,2323
-0.22761558050921943,-1.0148152612713994,-0.28266641457487696,0.37017978161078435,SC4002E0-PSG,2324
0.5827342656356967,0.35680089576571544,0.31967232601466833,0.7460593215817047,SC4002E0-PSG,2325
0.06570715715864675,0.03944292767937051,0.08889122048613955,0.37473151859543347,SC4002E0-PSG,2326
0.5429786734692565,0.4816440200985011,0.7126193690259844,0.6360742828758212,SC4002E0-PSG,2327
0.4083012985416269,-0.14285566243429526,0.008123669897645467,0.29878833588777337,SC4002E0-PSG,2328
0.15162033901868135,0.2610817420705025,0.18882248483801417,0.6968931520511397,SC4002E0-PSG,2329
-0.006807459642489335,-0.5366389886430902,-0.4608901801475661,0.35538768208260285,SC4002E0-PSG,2330
0.9007690443152251,1.6528572905585757,2.109016129831755,1.5631091241881143,SC4002E0-PSG,2331
0.7640000377487894,0.17887534935597652,0.6192575815696969,0.9349204350280189,SC4002E0-PSG,2332
0.5997067615804347,0.5182476674351328,0.9403073265866007,1.0632611531842275,SC4002E0-PSG,2333
-0.27070781863701127,-1.2935557956686319,-0.005673541117805574,0.42479285794204297,SC4002E0-PSG,2334
0.2365469195445336,-0.012619347996889706,0.8141964079636852,0.6087737909779346,SC4002E0-PSG,2335
-0.19887518447816213,-0.30953218656592996,0.320548567086725,0.4438129028726398,SC4002E0-PSG,2336
-0.24683052828148494,-0.37777272189000494,0.32381281354668395,0.43522566594988954,SC4002E0-PSG,2337
0.837116870524909,0.7519466837104719,-0.09499240975817946,0.5759119915166593,SC4002E0-PSG,2338
0.41858141316123165,-0.21478169365009628,0.4325611825550992,0.9042347902540365,SC4002E0-PSG,2339
0.16873392370676588,-0.1804418853545672,0.46527174494596074,0.6271301962326304,SC4002E0-PSG,2340
-0.0043902346088978755,-0.8694271739542513,0.1914662441001652,0.521475701292007,SC4002E0-PSG,2341
0.5752949212233447,-0.24763329343561663,0.40366368489227417,0.8324729440826254,SC4002E0-PSG,2342
0.0034250193636630477,-1.1029975024110412,0.25991121034007997,0.5677412724560132,SC4002E0-PSG,2343
0.46953808598858293,0.006704434228951214,0.14557018589658743,0.4999420150790365,SC4002E0-PSG,2344
-0.14443874888874866,-0.5169775953452443,0.12101351429828995,0.5562848661217636,SC4002E0-PSG,2345
0.47645939379800073,0.4574875638749762,0.8255763266785612,0.7215587878190118,SC4002E0-PSG,2346
1.178100544001494,0.9284503654898215,0.7590942149902863,1.0737409905534334,SC4002E0-PSG,2347
0.8565608997704598,1.0948818340964186,0.8185560282517451,0.7898502138596426,SC4002E0-PSG,2348
0.6070329825448258,1.091013718543663,0.5186106747073719,0.9467775321132706,SC4002E0-PSG,2349
0.8888837702609447,-0.2638377834173822,0.12118779365845175,0.34011021189583734,SC4002E0-PSG,2350
0.58441544103548,0.2033326949234043,0.2542273151769455,0.5186903998533162,SC4002E0-PSG,2351
-0.6277123314517872,-1.0469102496545335,-0.6381246601821519,-0.01917691801487789,SC4002E0-PSG,2352
-0.9431177913976675,-1.780988490121501,-0.920407719363183,-0.3489718901720549,SC4002E0-PSG,2353
-0.02867398861845963,0.043064240681523425,0.1583938901668451,-0.618583782193693,SC4002E0-PSG,2354
-0.40842086134671446,-1.0128469773911073,0.18405963871131426,-0.0759409394145236,SC4002E0-PSG,2355
-0.42157242358727354,-1.3803055200318477,0.3166098598167596,-0.15891411486477905,SC4002E0-PSG,2356
0.7169594817590015,-0.24724507761907577,0.5643937463789118,0.22790858941383277,SC4002E0-PSG,2357
0.11466405349253771,0.07025765404682063,0.6178038372096816,0.6444967866371634,SC4002E0-PSG,2358
0.15696859681770314,-0.09708156036526971,-0.22092659786324353,0.2759541555996126,SC4002E0-PSG,2359
-0.546391037583765,-0.7789653774706433,-0.6686364266767054,-0.1779635435842394,SC4002E0-PSG,2360
-0.1968636687098338,-0.44847070638089476,-0.1248320777219918,0.05533928512090004,SC4002E0-PSG,2361
-0.030809711633227252,-0.48402866885982343,-0.1252472681404961,0.20771670700116424,SC4002E0-PSG,2362
-0.6221173506523877,-0.5862022464460999,-0.6492459794681597,-0.17568675026287858,SC4002E0-PSG,2363
0.8924257693595414,1.1394769161302185,1.0196282806619688,0.8807863930862504,SC4002E0-PSG,2364
0.4246776007951349,0.6787535127550283,0.7236366183794013,0.609312842518981,SC4002E0-PSG,2365
-0.12257847515244737,-0.3671717666979426,-0.2280470998908901,0.0470911556056477,SC4002E0-PSG,2366
-0.9855606723959417,-0.5741684792583914,-0.01739257414103169,0.601139307093238,SC4002E0-PSG,2367
0.8040194397138987,1.119848313116479,0.9862144142185371,1.1156866387723527,SC4002E0-PSG,2368
0.8729009787521698,1.1232132627051417,0.870094514121611,0.8572559808042401,SC4002E0-PSG,2369
0.878836312881233,0.9003956758399917,0.869777398046412,0.7675408259594532,SC4002E0-PSG,2370
1.1989948995738164,1.381093278307633,1.0157594944069301,0.7706060990350221,SC4002E0-PSG,2371
0.7540126188038688,1.3036895840518155,0.9648564517698798,1.0144671219466173,SC4002E0-PSG,2372
0.8773265331037803,0.515429325274634,0.6558386939145003,0.7255289933942874,SC4002E0-PSG,2373
0.6112568844547982,1.6285980159564701,1.3830738346039992,1.1113685439704,SC4002E0-PSG,2374
0.5750685484841359,1.4206893304658912,1.0158395924392767,0.6635246204874288,SC4002E0-PSG,2375
0.5206850292780402,1.327390774859706,0.3039963657106716,0.5938470173342939,SC4002E0-PSG,2376
1.1064582696539889,0.985017802304513,0.9237855516556204,1.0205701762309332,SC4002E0-PSG,2377
0.5395177259556447,0.9007057200785415,0.6920367192276928,0.6587839803432118,SC4002E0-PSG,2378
0.70613420273618,0.9057498015826289,0.33271611961881764,0.3993902047661918,SC4002E0-PSG,2379
1.0895138567029305,0.8598619623175557,0.748702890528491,0.8536099673680492,SC4002E0-PSG,2380
0.6642077239072421,1.7302626992406522,1.4832287814659522,0.9172076609444082,SC4002E0-PSG,2381
0.3746320870428135,1.813308700236096,0.5634266254137427,0.42735398501234406,SC4002E0-PSG,2382
0.9679683990570481,1.25346067444125,0.7630028547328803,0.7543426681531811,SC4002E0-PSG,2383
0.6560301426690688,0.7732210097731925,0.8147804438972839,0.7173115023571326,SC4002E0-PSG,2384
0.6115621534513378,0.5923141150245123,0.40852278512098533,0.8739473593060902,SC4002E0-PSG,2385
0.6739726661114883,0.6615254096705134,0.924253252687563,0.8556614216838918,SC4002E0-PSG,2386
-0.5907412007225448,-0.2609659604781381,0.27880792124968273,0.6190568444890804,SC4002E0-PSG,2387
-0.5410307322552614,0.050332000724964646,0.6585338661376553,0.9185054502785873,SC4002E0-PSG,2388
-0.34553212460429034,0.7511692870659197,0.46605410517077284,0.5521716847781339,SC4002E0-PSG,2389
-0.20582991017304894,0.5793368185447078,0.054559422608850015,0.5250347190925143,SC4002E0-PSG,2390
0.6355921264283066,0.8079676362176833,0.2624522125307229,0.5045916731572347,SC4002E0-PSG,2391
-0.6515096842740968,0.19862093121705152,0.05202805876997346,0.5636018778101778,SC4002E0-PSG,2392
0.648765939438763,1.005154702159744,0.4053239994251928,0.5167840138178811,SC4002E0-PSG,2393
0.8708260268926065,1.4942396504265458,0.9376858225522806,0.9927762540525863,SC4002E0-PSG,2394
0.7540381361158288,1.4351427964261825,0.874696148015057,0.6733963615499131,SC4002E0-PSG,2395
0.8350751006479372,0.5926853486162985,0.6223929706914811,0.7401825437778082,SC4002E0-PSG,2396
0.2882194760948295,0.6405309518143257,0.49480649938250476,0.660644959655207,SC4002E0-PSG,2397
0.7416530359396154,1.6127260381126869,0.9758757992198588,0.8693661115647314,SC4002E0-PSG,2398
0.576510948785095,0.5814432516575748,0.9563436088136703,1.191528014484163,SC4002E0-PSG,2399
0.3200456683524822,1.3117842352095073,1.3581791873080786,0.9752975461878806,SC4002E0-PSG,2400
1.1136391407996205,0.451771996419371,0.8497162710717141,0.675397100766593,SC4002E0-PSG,2401
0.6391823675908959,0.8627214171865617,0.711050361646495,0.7146971081935789,SC4002E0-PSG,2402
0.28274514911647425,0.34507921115952117,0.5311083201225978,0.7264709468027778,SC4002E0-PSG,2403
0.5977995619769179,0.5792958213155138,0.42334714844399723,0.6145984397035179,SC4002E0-PSG,2404
-1.604858861117897,-0.8857465494938178,1.1048820858470247,1.4773900814282215,SC4002E0-PSG,2405
0.2615949542602523,0.1540584515134338,1.0747573865877391,1.2883872107049785,SC4002E0-PSG,2406
0.7619865783324222,1.1331225491798438,0.8658715787555156,0.7992491540018632,SC4002E0-PSG,2407
0.09055991824358628,-0.38530066858340833,0.32647841019259033,0.690454833532509,SC4002E0-PSG,2408
0.3316823623416348,-0.22007072515132847,-0.00779777512399215,0.6120199302675503,SC4002E0-PSG,2409
0.27906374432294917,0.6198299316244996,0.5750761250910952,0.8392157798501707,SC4002E0-PSG,2410
-0.2778011927685975,-0.2535392334655573,0.010110668291885208,0.5927326783688462,SC4002E0-PSG,2411
0.41491066061177456,0.7307027964410963,0.2160359441162044,0.4493738098350234,SC4002E0-PSG,2412
0.5294026465402182,1.3597077112400306,0.522370715878422,0.6759837760157673,SC4002E0-PSG,2413
-0.4805122216780976,-0.4385766801511375,-0.06246022404034994,0.19036146907825513,SC4002E0-PSG,2414
0.3462542610773348,0.01597932179035057,0.04920917891421819,0.34250567780593555,SC4002E0-PSG,2415
-0.44401672624695515,-1.3218841425923664,-0.967552011475199,0.0017281506093835195,SC4002E0-PSG,2416
0.2565937120798646,0.29099639599552674,0.3636390669922498,0.40741372201082426,SC4002E0-PSG,2417
0.2750917455909125,-0.10687918529166184,-0.4651637194333347,0.1936191556949896,SC4002E0-PSG,2418
0.3166381909511495,-0.0538878502584044,0.34683794329142353,0.491886116331922,SC4002E0-PSG,2419
0.40534830121397497,0.8956021695826142,-0.0915054476094586,0.2457437354298392,SC4002E0-PSG,2420
1.0251137384030315,1.1841439823185091,0.9965892699689003,0.8737646468469716,SC4002E0-PSG,2421
0.5794216918134457,0.6337147873262087,1.6824342835465014,1.5297573276061682,SC4002E0-PSG,2422
1.0099173310811986,2.042863765718305,2.9539453113374665,2.2976697005173534,SC4002E0-PSG,2423
1.0807152613411215,1.1089815516557127,2.38292038795899,1.663090124568826,SC4002E0-PSG,2424
0.8869156842981832,-0.6463265459073421,0.5888054406286058,0.7336391609641776,SC4002E0-PSG,2425
-0.3779844272601852,-1.3760434236233696,-0.3241130289954434,0.5202546952635695,SC4002E0-PSG,2426
-0.1650448057214848,-0.5749724364947564,0.09694621744094371,0.937617439493238,SC4002E0-PSG,2427
-0.3166653639632522,-1.5213832803265286,-0.6272477267280792,0.31442957936846594,SC4002E0-PSG,2428
-0.7474969931096753,-1.26669308951168,-0.0064213282745857626,0.4517244054678223,SC4002E0-PSG,2429
-1.8899968840694132,-2.1378059178983397,-1.0279724531543233,0.020542948877951595,SC4002E0-PSG,2430
0.7762011682874519,-0.829360611507266,-0.03590529304256581,0.3961497496885872,SC4002E0-PSG,2431
-0.2121715282036127,-1.2766886813588192,-0.29070846202490663,0.41759857147868007,SC4002E0-PSG,2432
-0.19302157174010368,-0.44389160885362106,0.11233745027058421,0.7760306224931521,SC4002E0-PSG,2433
-0.587561060067283,-0.6366926360727727,0.5376098869459635,1.0094712715215117,SC4002E0-PSG,2434
-0.08816258783949706,-1.0006445365085348,-0.14129841292957632,0.4939135211677489,SC4002E0-PSG,2435
-0.7734375805793337,-1.1850652491371423,-0.37748175879504,0.2613043180953265,SC4002E0-PSG,2436
-0.33829432869536097,-0.406500406722056,-0.2808178251136571,0.024803317301657937,SC4002E0-PSG,2437
-0.6857933736985269,-0.7791175778630571,-0.6639771767564401,0.302705546163138,SC4002E0-PSG,2438
-1.5967347379281511,-1.6716930342564091,-0.5817196814971705,0.24618733187810043,SC4002E0-PSG,2439
0.23852514411767334,-0.9633506407015291,0.0535164808357427,0.6269487936433396,SC4002E0-PSG,2440
-1.040203085660802,-0.4308267746770444,-0.24148254124422788,0.3926819865130585,SC4002E0-PSG,2441
-1.239174946762145,-1.3527046825920848,-0.5777919512372557,0.26134980006270936,SC4002E0-PSG,2442
0.3395290325011856,0.08745931870559147,0.8834953850018157,1.2604691068620761,SC4002E0-PSG,2443
0.19479446667254624,-0.29509847521498517,-0.05755732411247448,0.8502161385505833,SC4002E0-PSG,2444
0.5471210538989563,0.36627391948572113,0.9295043993972634,0.8522678924073563,SC4002E0-PSG,2445
-2.438703732601525,-2.4105082502046407,-1.1518043739426305,-0.07755970589548632,SC4002E0-PSG,2446
-0.3938441126502756,-0.3081899303546118,0.04467876004817086,0.48862885080737845,SC4002E0-PSG,2447
-0.4935889028999887,-0.7111611802743086,-0.503848972322125,0.2668520254467501,SC4002E0-PSG,2448
-0.5171928833380255,-0.3070000578548118,-0.04741174985366573,0.509110522683856,SC4002E0-PSG,2449
-2.0098895765607585,-1.6444813597869687,-0.47151072694970436,0.46918014370096534,SC4002E0-PSG,2450
-0.17742009180369725,-0.3092869115261459,0.5232285152452223,0.7004079184216275,SC4002E0-PSG,2451
0.010429591218845922,0.43804640061544325,0.3694452116465152,0.454024169142904,SC4002E0-PSG,2452
-1.4868510392237628,-0.8160310546925388,-0.20332908927573298,0.3973431017454123,SC4002E0-PSG,2453
-1.8428252529578928,-1.2426454557779492,-0.17593255282775094,0.3860807347740844,SC4002E0-PSG,2454
0.16665739775586172,0.05801841798877401,0.05983486312241846,0.712921535406964,SC4002E0-PSG,2455
0.08334152872894972,-0.5640308552240407,0.23624768068935617,0.5888169442089505,SC4002E0-PSG,2456
-1.587089901947365,-0.5132857109019382,-0.60116169539167,0.02824984997095783,SC4002E0-PSG,2457
0.49942683901888446,0.4772648115631188,0.5490588517828587,0.7241574900539365,SC4002E0-PSG,2458
0.20954505154245612,1.0940588350477112,0.37831039062885846,0.4646310707708023,SC4002E0-PSG,2459
0.5764737708673894,-0.16189505796382644,0.21100263957524473,0.4666032947054911,SC4002E0-PSG,2460
0.0007836006268192046,0.21518197706170739,0.4361282755723827,0.9500412906492021,SC4002E0-PSG,2461
0.8022834330438078,-0.05720969974567264,0.6700739833233936,0.7828317455157644,SC4002E0-PSG,2462
0.2829271465021606,0.5378436920622706,0.19973468858006674,0.41619591349365287,SC4002E0-PSG,2463
0.1104221036487913,0.20981518746865493,0.18456260188878026,0.6129435412037534,SC4002E0-PSG,2464
0.11312578883333553,0.29141569476182905,-0.06862777769568087,0.3502160078210513,SC4002E0-PSG,2465
0.32082366571023674,1.0195173733461844,0.5421559262196741,0.6151435200268647,SC4002E0-PSG,2466
0.3062047016516299,0.6332465139183415,1.0560634280236276,0.8868104427261323,SC4002E0-PSG,2467
0.9361277895436404,0.9899295572955363,1.96511396493534,1.4598283949937243,SC4002E0-PSG,2468
0.9121667266938293,2.2002231822658818,3.0395477445946275,2.26104960203213,SC4002E0-PSG,2469
1.0644466055007242,1.9433133625154024,3.441379575362555,2.217835313040869,SC4002E0-PSG,2470
0.7816141601893156,0.6809396811244397,0.7721499373393819,0.8578399796067734,SC4002E0-PSG,2471
0.5699669372934207,0.0004380803643484036,0.5599431759405579,0.6900561653357172,SC4002E0-PSG,2472
-0.48444714701513325,-1.2016987982020353,-0.19755573688931863,0.4962311316484077,SC4002E0-PSG,2473
-0.47231905871775365,-1.3447214268273127,0.03555554066947645,0.5864920884164461,SC4002E0-PSG,2474
-0.9622961391072906,-0.517362594429679,0.06967072167345656,0.6415464269467297,SC4002E0-PSG,2475
-1.0395884060363885,-1.278272571734952,-0.09055188167239321,0.6290467751494305,SC4002E0-PSG,2476
-0.7466889949949546,-0.866803435848461,0.2509791766541298,0.7723907451692645,SC4002E0-PSG,2477
-1.891288132497192,-1.1201377299286985,0.20793553509201326,0.836187159240223,SC4002E0-PSG,2478
-1.1633813802408859,-0.710238647088977,0.23838630777675518,0.8727965481719705,SC4002E0-PSG,2479
-0.6256389366099913,-0.9960968711781971,0.34957561159494577,0.7362065738157147,SC4002E0-PSG,2480
-1.0440401729023683,-0.6825220562674766,0.18841507922560197,0.5726586909786773,SC4002E0-PSG,2481
-0.9549852599452467,-1.0696573726815661,-0.10615445515503288,0.6011063004619637,SC4002E0-PSG,2482
-0.4869983190834427,-0.4945815582356773,0.16871571779748865,0.5846786036146551,SC4002E0-PSG,2483
-1.7819806685406772,-0.9476556982266167,-0.2205761539303063,0.47457136805430866,SC4002E0-PSG,2484
-0.9161796078752746,-0.5803969034436052,0.5958783583000516,1.1082629724498279,SC4002E0-PSG,2485
-0.22188412122991805,0.35716884263592374,0.9935433253073547,1.3494994953190889,SC4002E0-PSG,2486
-1.446553023098,-0.2061730512662755,0.8269186566507993,1.4085151619683025,SC4002E0-PSG,2487
-0.40805966196686916,-0.2530159769910372,0.7309877646073001,1.2069720957352184,SC4002E0-PSG,2488
0.2403659039152579,-0.025259216415390362,0.7078165831932802,1.1212279452267566,SC4002E0-PSG,2489
-1.5916049285671423,-0.8172577225620465,0.8158440109048557,1.400306978230531,SC4002E0-PSG,2490
-0.5647633481206713,-0.21900001378664627,0.9106118032370755,1.0551264130743683,SC4002E0-PSG,2491
0.6672721610171943,0.5477460736846702,0.9378678521984343,1.0189341919351118,SC4002E0-PSG,2492
-0.7848281296753435,-0.21470258500849013,1.0534942901804558,1.3925512415662757,SC4002E0-PSG,2493
-0.729152610405003,-0.4215274478772081,0.9769298469060299,1.313668617427956,SC4002E0-PSG,2494
0.6433343881238329,0.12757537492795235,0.6265535249907631,0.6005761293980052,SC4002E0-PSG,2495
-0.5817766503856331,-0.299066499588061,0.7575891562440914,1.1415312175727441,SC4002E0-PSG,2496
-0.9855550146011597,-0.4526618107357798,0.4109268964290863,1.0110733684928699,SC4002E0-PSG,2497
0.2839593489309717,-0.3435327989731726,0.5307278579723267,0.8791413794406924,SC4002E0-PSG,2498
0.6660062309500842,0.9758612048848526,0.30934058866097836,0.6746983748730209,SC4002E0-PSG,2499
-0.17351710831433295,0.20356316163973498,0.9340723976131193,1.1299044203733082,SC4002E0-PSG,2500
-0.8083929819972716,-0.6634886141991696,0.15297431934319422,0.8044885057439047,SC4002E0-PSG,2501
-0.09809748395366504,0.11836967404168146,0.42059932435532554,0.8180357799408763,SC4002E0-PSG,2502
-0.9973930139391798,-0.7269750698115356,-0.030024190215463563,0.6987408670178298,SC4002E0-PSG,2503
-1.7719912505809718,-1.331546417055129,-0.44942812617531763,0.47346001594288556,SC4002E0-PSG,2504
0.06888546328768572,-0.8275610628334964,-0.09554284354313353,0.5584908801916866,SC4002E0-PSG,2505
-0.10604490333678168,-0.9741633907591691,0.4628208768878807,0.7781363915583323,SC4002E0-PSG,2506
-0.7273392962858525,-0.7335497187508309,0.8171909290096107,1.3336372775543976,SC4002E0-PSG,2507
-0.7136562464156281,-0.09158613646509221,0.44156781731149997,0.8390498240799947,SC4002E0-PSG,2508
-0.18552031620436327,0.5045546802533225,0.9478982970917844,1.3086522006841845,SC4002E0-PSG,2509
-1.9181080139094102,0.06070750203375905,0.6932882542953102,1.3666669755484575,SC4002E0-PSG,2510
-1.485259431899445,-0.6226409900521266,0.9444376452305662,1.3940622998164394,SC4002E0-PSG,2511
-0.45018565022952084,0.7443101656733266,1.024200167461945,1.4983414871821659,SC4002E0-PSG,2512
-1.1876928446122672,0.09020958953660378,1.3418783291602794,1.4345074417227894,SC4002E0-PSG,2513
0.34127415764711266,-0.20616302384843144,1.1650824327821037,1.2602644222017994,SC4002E0-PSG,2514
-0.2222487817225584,-0.2241496474021769,0.37447312056650567,0.7350867350026418,SC4002E0-PSG,2515
0.7910303909598398,0.7224128681713159,0.625468360153831,0.7584906241946798,SC4002E0-PSG,2516
0.8793192008738208,1.1943153068038725,0.9549897191749858,0.9858470692287108,SC4002E0-PSG,2517
-0.08667792661121317,-0.0854599117201244,0.18643579458975823,0.3324577386737485,SC4002E0-PSG,2518
0.24369920285121882,0.6300830359963403,1.189864404918604,0.8772584163577924,SC4002E0-PSG,2519
0.6916417766414253,0.2816932961893466,1.1234587117734751,1.024046328404418,SC4002E0-PSG,2520
1.1008104800139182,0.7582704063807156,0.44570812895819817,0.7013935602416198,SC4002E0-PSG,2521
0.726997543508857,1.4233014225064016,0.9841298527662166,1.0883303383827123,SC4002E0-PSG,2522
1.1840307170793114,1.5323705623985382,0.8864775636355502,1.0728783600456069,SC4002E0-PSG,2523
0.6220919255826046,1.1465914201673524,1.1972013946037219,1.0953396627496423,SC4002E0-PSG,2524
1.2628806353792692,1.764756227820932,1.7756624466849877,1.5928386566398163,SC4002E0-PSG,2525
1.1778866089385147,1.5263984257045988,1.3210247288376995,1.3309532920036753,SC4002E0-PSG,2526
1.4045614893332559,1.957875496958368,1.3763940893263817,0.6684647836770208,SC4002E0-PSG,2527
1.1083138542211703,1.213987110617854,0.8328162115223866,0.6348741190569482,SC4002E0-PSG,2528
0.7267253611718055,0.46417510776692633,0.3547126815582884,0.25991188524075065,SC4002E0-PSG,2529
0.5487328506674853,0.16892750538419418,-0.4163850436109149,0.3724441592719292,SC4002E0-PSG,2530
1.6674074273143749,1.5651295825336409,1.3245352470449983,0.9942067426361905,SC4002E0-PSG,2531
0.38881263422387186,0.6900243614861491,1.002754255506141,0.709131303969897,SC4002E0-PSG,2532
0.7644863005031074,1.3146068917612033,1.0651920946805389,1.0070310747753644,SC4002E0-PSG,2533
0.7597127332490361,1.3975581837401372,1.0948234005991646,1.103251884813364,SC4002E0-PSG,2534
-0.42619607718553937,-1.1099923499045075,-0.11578126663314615,0.12374580363922863,SC4002E0-PSG,2535
0.7895638712051927,0.7520662401498809,0.5051950000545439,0.42373228109535493,SC4002E0-PSG,2536
1.0155888643323272,0.055011601597145764,0.18488977772805942,0.6556247184410862,SC4002E0-PSG,2537
0.662147804712779,0.5783595873227146,0.6020663998782343,0.6346477816048864,SC4002E0-PSG,2538
0.9336158614075212,1.5871064384573497,1.4586309879983286,0.8244756813215542,SC4002E0-PSG,2539
0.3708444755950984,0.6721229494656902,0.7860141408286657,0.6920182501031856,SC4002E0-PSG,2540
0.4939552496043596,-0.5851553190928326,-0.3517113610499709,0.2905777732737581,SC4002E0-PSG,2541
0.6523652662201981,0.34906313937914757,0.6897392886910477,0.8171925541335784,SC4002E0-PSG,2542
1.0459860639108733,1.2153797983057064,1.5066984503013217,1.2151549792226102,SC4002E0-PSG,2543
0.9041374170163065,0.9012982772984225,1.1949093040725087,0.841932795742602,SC4002E0-PSG,2544
-0.21077124563432098,0.13083729890120002,1.4303611247723664,1.1846241042131864,SC4002E0-PSG,2545
0.14638524872318356,0.8890301820299006,1.565861376315126,1.108331316797476,SC4002E0-PSG,2546
0.3940715064959371,0.6919154440123633,0.6031198638222299,0.6866001969538275,SC4002E0-PSG,2547
-0.1740551535440866,0.7343940716400883,-0.14912188995382847,0.27820666182796366,SC4002E0-PSG,2548
-0.0618407183134976,-0.4213921733752285,-0.07691753628665077,0.35319827702620327,SC4002E0-PSG,2549
0.17251365168174793,0.7338576105906028,0.15944918222233065,0.47150236160706227,SC4002E0-PSG,2550
0.5922015294341012,1.3746965113270666,1.5391671116902939,0.922972724690514,SC4002E0-PSG,2551
0.13481453940226087,0.21687294418168357,1.0258891538553296,1.3224363752788448,SC4002E0-PSG,2552
0.29508773203213584,-0.06643306635821927,0.33646507489293653,0.653356929130979,SC4002E0-PSG,2553
0.8608902916579603,0.8519952403838055,0.864215062227462,0.6990646701455177,SC4002E0-PSG,2554
-0.09379831308922597,-0.09650204933792352,0.038824897442980795,0.4305169647298551,SC4002E0-PSG,2555
0.36091075786673377,0.17123609977664958,0.8451671145807069,1.030471137646397,SC4002E0-PSG,2556
-1.0177512589644215,-0.9694470699255139,0.2373085038052874,0.5586268606170418,SC4002E0-PSG,2557
0.4894178128463455,0.4233525613351143,1.2999360731084357,1.132144487759632,SC4002E0-PSG,2558
1.3632649273561621,1.3428202265815476,1.702171952184797,1.356856073349437,SC4002E0-PSG,2559
0.49020156144945837,0.4871467006398247,1.4357841718316893,1.2484493313229574,SC4002E0-PSG,2560
1.3135211020538717,1.3904653490721506,1.7708682371356752,1.6052907580015328,SC4002E0-PSG,2561
0.8728423822670166,0.3282031018983687,1.1069056034999731,0.8541369676080114,SC4002E0-PSG,2562
1.2805490578488214,1.3250901498132421,1.3302016055461916,0.8234062073758802,SC4002E0-PSG,2563
1.0023687209601133,1.0185615963213641,1.0328318454704268,0.7999455312913671,SC4002E0-PSG,2564
0.912387820400981,0.867067055947851,1.101804158381472,0.7852421510904259,SC4002E0-PSG,2565
1.0158486582411321,1.2959727435359987,1.6970016269810415,1.4416213497664427,SC4002E0-PSG,2566
0.4019812873568432,-0.16611241137719787,0.8145229777204165,0.7952961551119467,SC4002E0-PSG,2567
0.2359647399770936,0.25586404750877545,0.7725843506831876,0.9685379010851334,SC4002E0-PSG,2568
1.0343053993502827,0.7000018167248044,1.198035012808747,1.3630047650103423,SC4002E0-PSG,2569
0.5738980506779181,1.1734836122548746,2.4934318291170436,1.8149491404688756,SC4002E0-PSG,2570
0.8412291223989075,1.6178743606417259,2.0919175335325564,1.7143562059853215,SC4002E0-PSG,2571
0.8669379712814013,1.3339705670246405,1.7997061903819713,1.5711174625376132,SC4002E0-PSG,2572
1.0522096887197605,1.372188267809772,1.9360755534673815,1.9484128174476756,SC4002E0-PSG,2573
0.9186603710476946,1.377028436110374,2.3802072910791674,2.0042242335918474,SC4002E0-PSG,2574
0.8480963588227229,1.2740307765409065,2.4995809513669904,1.7921927410903633,SC4002E0-PSG,2575
0.7682754189966866,0.8470184433929223,1.1377622361973942,1.126705912873222,SC4002E0-PSG,2576
0.08443663192784642,-0.026305607752182717,0.2511076647345154,0.703435148489422,SC4002E0-PSG,2577
0.7734363487064684,0.09606697060011855,0.634435937762115,0.7746124473074456,SC4002E0-PSG,2578
0.48782914480708944,0.9111089679157378,2.1638201688035315,1.8990326634942565,SC4002E0-PSG,2579
0.8668874499091186,0.9595526434139388,2.286592090270309,2.0108739002538583,SC4002E0-PSG,2580
0.39270425133446446,1.6215294184703168,3.4879143856184296,2.448860463270698,SC4002E0-PSG,2581
1.0238931565578528,1.7290405536883335,2.9118764332649776,2.266614558281114,SC4002E0-PSG,2582
1.0088162775630307,1.7447156975151983,3.306941715213067,2.0994419522051264,SC4002E0-PSG,2583
0.9725158354675352,1.8197317056479474,3.4553956174001175,2.4912689332403097,SC4002E0-PSG,2584
0.7888455307710488,0.7011026956917236,1.2400083444850305,1.300604815037948,SC4002E0-PSG,2585
1.169006302928259,1.3039110477708626,1.284802081305439,1.0403967990945804,SC4002E0-PSG,2586
0.6715335739332854,2.4034390240875094,3.783895742736572,2.639512831195478,SC4002E0-PSG,2587
1.2967168626241932,2.043960461517614,2.9873730867985677,2.302614498841118,SC4002E0-PSG,2588
0.9629801040904892,2.4367483271706685,2.9832305422147107,2.4863288569772513,SC4002E0-PSG,2589
1.245439556651625,2.0673086515286543,3.159380879110097,2.3031331924376977,SC4002E0-PSG,2590
0.6985055206219333,2.058271816867655,3.3970580334716876,2.294625690502988,SC4002E0-PSG,2591
1.267608639271124,0.8992122713627382,1.3228903753833525,1.1974264532111132,SC4002E0-PSG,2592
1.0651916331702165,0.36044872915234355,1.1897286202667745,0.9566839661262216,SC4002E0-PSG,2593
0.802385798755749,0.026034500925685832,0.5300193463155489,0.7279041865704368,SC4002E0-PSG,2594
0.8419350516297324,1.2986627106750506,2.1747745151199114,1.8425949983362415,SC4002E0-PSG,2595
0.4246763092612896,1.4462902244246614,2.0515054233470176,1.5826178044767456,SC4002E0-PSG,2596
1.0214934164786764,0.4787314840092788,0.9335841559573533,0.8077427157802269,SC4002E0-PSG,2597
0.9651102362886387,1.7999387823940571,2.493757068448729,1.9962644900244564,SC4002E0-PSG,2598
0.9627741060668037,1.9750354732272344,3.154519433154361,2.3973925272101226,SC4002E0-PSG,2599
0.6664756533015165,1.474548203756901,2.1216221230045558,2.164991322034026,SC4002E0-PSG,2600
0.6109667336376323,0.8614284107606546,1.9443739469595094,1.499858725082807,SC4002E0-PSG,2601
-0.03624336778550261,-0.7672411154826118,0.35018357072483086,0.6364663122012667,SC4002E0-PSG,2602
1.0024488739706914,0.7943285093399446,1.2624771032865612,0.9266241882398805,SC4002E0-PSG,2603
-0.1750525153776399,-0.47262558179454794,0.4106699735402888,0.8612694961029993,SC4002E0-PSG,2604
0.5430922908181693,0.30428727571319536,0.5468802139771264,0.8266393598560773,SC4002E0-PSG,2605
0.4709327198137823,0.16819810259226056,0.9749616316975476,0.8505149646566851,SC4002E0-PSG,2606
1.1997271930570654,0.8107550550802225,0.8542492734954996,0.9980799046007315,SC4002E0-PSG,2607
0.42293731859184297,-0.14787759541744439,0.5061124985449038,0.2752942920174856,SC4002E0-PSG,2608
0.8921400678481555,0.6433538382438294,0.281027631859044,0.54236506603476,SC4002E0-PSG,2609
0.032579853150290064,-0.26211854987387373,-0.11051894479315032,0.3890513307529493,SC4002E0-PSG,2610
-0.018892461206699806,-0.04538874057007825,0.13879864698167646,0.3624819058036824,SC4002E0-PSG,2611
-0.5460255610670145,-0.27237197004525227,-0.4455808520621223,0.24285995077000946,SC4002E0-PSG,2612
0.288557925375131,0.29989952072738096,0.42085710863763726,0.5589370556957152,SC4002E0-PSG,2613
0.07729526022877257,-0.37665144796497113,0.5152451577233367,0.7062641331690003,SC4002E0-PSG,2614
-0.01919583171280641,-0.5605520851129235,-0.07116499303848982,0.28217064481413306,SC4002E0-PSG,2615
0.30895416594374603,0.1502233593922156,0.5135392900862586,0.6371646953805433,SC4002E0-PSG,2616
0.5478464368703482,0.5838600601499266,0.6473148029205579,0.8447870113013791,SC4002E0-PSG,2617
0.610098628484251,0.37716682068450597,0.6897773342314111,0.6664154513095062,SC4002E0-PSG,2618
0.6904256679219334,1.0182517226456445,0.9900041266618398,0.7112892505046938,SC4002E0-PSG,2619
0.6882125898301713,0.3950841939956208,0.4215256363661934,0.6864937107277259,SC4002E0-PSG,2620
0.9659189599663823,1.115879312737595,0.9632637565676637,0.7470254281178486,SC4002E0-PSG,2621
0.8776151965901489,1.1582142753321591,1.1780940232395132,0.6939908360234572,SC4002E0-PSG,2622
0.8315953255982927,1.4007251026161196,1.7127464266254464,1.0662411196303259,SC4002E0-PSG,2623
0.47293035334720945,1.3179900817473928,1.2262777803183205,1.404945134602825,SC4002E0-PSG,2624
0.9722496009380445,1.7544647790886814,1.0647649569147686,0.925036801055988,SC4002E0-PSG,2625
0.2575504650901538,0.19132756948831833,0.8548043196049459,0.7000815333478179,SC4002E0-PSG,2626
0.062388120115727363,1.0904938726438698,1.3952426875091632,1.2724633267655403,SC4002E0-PSG,2627
0.6111432748872653,0.9570922019525089,1.1221371140433738,1.1956421130803825,SC4002E0-PSG,2628
1.1962942166672996,0.9101737365953864,1.1094229006387075,1.1163117847438664,SC4002E0-PSG,2629
0.3221924010681514,-0.07502031386143732,0.09598306948477986,0.6275032631970502,SC4002E0-PSG,2630
0.6784255315055764,1.2713134186433208,0.490835900869093,0.776353215494325,SC4002E0-PSG,2631
-0.4949198580016451,0.7181858485898219,1.4019611886822756,1.4338769784712697,SC4002E0-PSG,2632
0.31305569861830096,0.3471403512908905,0.667508118848864,0.9226047220368458,SC4002E0-PSG,2633
0.5644765021518716,0.5862364701787993,-0.0585769642468073,0.6789920850386464,SC4002E0-PSG,2634
0.18303186391809084,0.3220619681603332,0.6898094258872978,0.5434738780015868,SC4002E0-PSG,2635
0.900139532169403,1.4057645207298952,0.9854985280265246,0.9075473874112532,SC4002E0-PSG,2636
0.48878766726833833,-0.15044210742350492,0.34015893568300276,0.4508010622206808,SC4002E0-PSG,2637
0.3336949371186002,0.6780767438432087,1.5558710071781414,1.4482154942523737,SC4002E0-PSG,2638
0.7344145721605995,0.7438156204091341,1.4709873506454625,1.1512895134995378,SC4002E0-PSG,2639
1.48011537839347,0.20389208969620795,0.5940416220295819,1.066376710649031,SC4002E0-PSG,2640
0.8154642028309108,0.7546407991862317,1.3006674618745342,1.0524469117358248,SC4002E0-PSG,2641
0.5721646051917819,0.7748224092406106,1.0841929200100877,0.8545244768204072,SC4002E0-PSG,2642
0.9941908305620442,0.7498861156265377,0.5362596166742799,0.9189888380103983,SC4002E0-PSG,2643
0.6718813038721245,-0.6454113459923836,0.19376610239006564,0.5887486050872247,SC4002E0-PSG,2644
0.9713983327271958,1.4476766808162513,1.3802786065475536,0.9122538752633471,SC4002E0-PSG,2645
0.7729690992465588,1.508051127017796,1.5115183882562802,1.074917585033805,SC4002E0-PSG,2646
0.5278573914965541,0.6966380254356548,0.8892744233407978,0.8015040730907573,SC4002E0-PSG,2647
0.7408219808624029,1.1765341832173615,1.3224744026062074,0.8717527401372029,SC4002E0-PSG,2648
1.055376591515224,1.6591269162524453,1.270101108601233,0.9778164735824025,SC4002E0-PSG,2649
0.1649090097368408,1.5160837602854698,1.4540131169627817,1.3326490263139064,SC4002E0-PSG,2650
1.2635338630943176,1.08328688016366,1.5789285803096902,1.3808596551878882,SC4002E0-PSG,2651
0.8110627550360471,1.663640712040249,1.4485672538519667,1.2891319054199837,SC4002E0-PSG,2652
0.1322316391015399,1.0406930033472503,0.6552322758902703,0.6745919948943474,SC4002E0-PSG,2653
1.0951558815641491,1.0115016377627601,0.6738921439409951,0.6165556333019089,SC4002E0-PSG,2654
0.6849347210196965,0.7441855426422658,0.8952434801074133,0.7309109598236865,SC4002E0-PSG,2655
0.8733044593997651,1.1057218696433657,1.4832304005084405,0.8120002251121473,SC4002E0-PSG,2656
0.8408535374007645,1.4307558846455724,0.8727474875474676,0.7115532267271545,SC4002E0-PSG,2657
0.643373464414486,0.9352816876554624,1.2732194563844883,0.7084366608222011,SC4002E0-PSG,2658
0.4872920353526929,1.121575169809463,1.396530073190245,0.7441359706864613,SC4002E0-PSG,2659
0.603484055755387,0.7607226401615369,0.8557390842181704,0.7331908717623624,SC4002E0-PSG,2660
0.9011013737051504,1.0910081196499242,1.4134412715418987,0.8031539895464148,SC4002E0-PSG,2661
0.809286682563413,1.1539297580674948,0.8933715781479447,0.7005511694068897,SC4002E0-PSG,2662
0.5507838794292754,0.8375620856291368,1.1759129986721912,0.7181007580978555,SC4002E0-PSG,2663
0.9570918112900628,1.4433238345218493,1.5478605994302883,1.091422138283708,SC4002E0-PSG,2664
0.993448744641759,1.6072869017690856,1.293799590856077,1.1953879791731372,SC4002E0-PSG,2665
0.8745733141615164,1.5847368065254537,1.191018072942108,1.2931646106152956,SC4002E0-PSG,2666
0.7479784617560441,1.1755846043622842,0.9327316743368944,1.0871145458923188,SC4002E0-PSG,2667
0.6460762002759263,1.30988110206877,1.6128099796523396,0.9311440619301836,SC4002E0-PSG,2668
0.562710296475251,0.9002820914376887,0.8766450764366904,0.7350844850680832,SC4002E0-PSG,2669
0.8399209219662171,1.1067976999529783,1.5307952219172993,1.3075396974985565,SC4002E0-PSG,2670
0.7967003108418743,1.3855342240465027,0.8215761175757718,0.8080638686650328,SC4002E0-PSG,2671
0.35593092185430886,1.1065616217207577,0.6031536510524776,0.6377356708026474,SC4002E0-PSG,2672
-0.030127505095232297,0.13824679103406481,-0.13327565162062083,0.1477877302008095,SC4002E0-PSG,2673
-0.3642104786697822,0.13925114868502708,-0.3813130275758094,0.4231075585196263,SC4002E0-PSG,2674
-0.34111743378959375,-0.004660097362127342,-0.21436716955536472,0.21166642788292162,SC4002E0-PSG,2675
0.18230848167961883,0.22921609763644363,-0.07373753675197225,0.46866466446740784,SC4002E0-PSG,2676
0.8419937356892551,1.5316205787520878,2.2590003900368214,1.69829858496291,SC4002E0-PSG,2677
0.35914406350845796,0.7207752319718739,1.4647717348671634,1.5067563365213468,SC4002E0-PSG,2678
0.601251145442394,1.2276878088223573,2.372889866827337,2.0801549981652023,SC4002E0-PSG,2679
0.6616610244814067,1.2885553599991513,1.4865099629131926,1.8347948273129042,SC4002E0-PSG,2680
0.4394592539947772,1.0673277840533906,1.119667961281053,1.0196774900143115,SC4002E0-PSG,2681
0.5427389089677488,1.071265279085136,0.9313845732064264,0.7412786566106427,SC4002E0-PSG,2682
-0.22457884689399932,-0.28213180942917215,0.487373785658443,0.7908481201501284,SC4002E0-PSG,2683
0.536251298542935,0.5224237961898509,1.3618683212180072,1.4003894457131358,SC4002E0-PSG,2684
0.5388136635235391,0.8724042934468708,1.9684872573556096,1.5835204710302007,SC4002E0-PSG,2685
0.07569879311216275,0.281528851428263,0.3560884091890229,0.48621353437847675,SC4002E0-PSG,2686
0.7999857264934137,0.9831439719805367,1.6840907458710415,1.3612358153011523,SC4002E0-PSG,2687
0.5979398429909624,0.6888794794038662,0.4186030234176475,0.6654992308329307,SC4002E0-PSG,2688
0.8252843818345927,1.2932021108782548,1.6084157548132154,1.3047957044201632,SC4002E0-PSG,2689
0.9226209832382597,0.6406423089266554,1.126042152614033,1.0061699270833322,SC4002E0-PSG,2690
0.23891148715718835,0.4652288363094761,0.8275235897987354,0.7440488466799146,SC4002E0-PSG,2691
0.1978894035329195,-0.437927259990048,0.009974745374018159,0.38995952379751164,SC4002E0-PSG,2692
-0.257206926528028,-0.5600669423980185,0.5467945896341608,0.7501138680566646,SC4002E0-PSG,2693
0.43454561000589254,0.6719162546749095,0.9021273760696292,1.072240934193676,SC4002E0-PSG,2694
0.9200052237199707,0.9911765235974088,1.6838333730462196,1.4019864027442337,SC4002E0-PSG,2695
0.724734835194822,0.5636764777408362,0.0129144694691022,0.5683733265530494,SC4002E0-PSG,2696
0.1567508361691196,-0.13964908984770408,-0.23422636818155587,0.595571557831774,SC4002E0-PSG,2697
0.8898403160474434,0.8048138518536813,0.31862264171655297,0.60580760465959,SC4002E0-PSG,2698
0.3490488913188488,0.5697264843570893,0.9293182432444803,1.1325291811383538,SC4002E0-PSG,2699
0.809648560272063,2.1295016553386876,1.0633567663161638,0.8708407040103688,SC4002E0-PSG,2700
0.3900857767131621,0.5217445162763489,1.1473785541575034,1.0991184652419257,SC4002E0-PSG,2701
0.9464127894798517,1.0480272561324073,0.9349585976287048,0.7662410693127423,SC4002E0-PSG,2702
-0.2334462029895406,-0.27653830574149496,0.36645650561605075,0.5558068059973331,SC4002E0-PSG,2703
-0.810690405544162,-0.9058978657902671,-0.22801964630694796,0.29792019776490314,SC4002E0-PSG,2704
-0.32237408074054114,-0.4503142579078592,-0.7308696536431573,0.10794847505676802,SC4002E0-PSG,2705
-0.1897861858357079,-0.21628388969238307,0.1422557471071462,0.3976418629543644,SC4002E0-PSG,2706
-0.7488225536658775,-1.0781536560364113,-0.682824722033052,-0.03415988179167684,SC4002E0-PSG,2707
-0.8291179952999966,-1.0863671402094102,-0.9969166399826678,0.005797408111986802,SC4002E0-PSG,2708
0.00951685477408485,-0.9695942018306984,0.04566585551228716,0.28948311125439924,SC4002E0-PSG,2709
0.0012874062115963256,-0.012557477940701773,0.539858034192782,0.6895250576125986,SC4002E0-PSG,2710
0.7660434472381544,1.1189177463123212,0.8888497560193649,0.8874594670841144,SC4002E0-PSG,2711
0.3962980190933892,1.1396618045688967,0.7034987981636273,0.7500578410543624,SC4002E0-PSG,2712
0.8435659134971994,0.8026665090693329,0.602558252052124,0.7187831283839845,SC4002E0-PSG,2713
0.9137226408483229,0.4740096339597167,0.7041362703481518,0.5967453457674935,SC4002E0-PSG,2714
0.42407100884549626,0.25637094906321367,0.5510433916097857,0.7880038581005832,SC4002E0-PSG,2715
0.6516671574080442,0.8540223538098779,0.4605664244112586,0.47862981577778374,SC4002E0-PSG,2716
0.472652253799951,0.6259188335560455,0.5901225615613465,0.621154384792729,SC4002E0-PSG,2717
0.17470404832338915,0.07742737354889939,0.5826876576702408,0.6467798155641731,SC4002E0-PSG,2718
0.9115470798325502,0.4613318764547567,1.526647313233011,1.1439359769311666,SC4002E0-PSG,2719
0.47800867403517266,0.9173735320617735,1.6447182098203723,1.324345984294502,SC4002E0-PSG,2720
0.7512607982093337,0.8340157160582738,1.6017962787928308,1.162295909737396,SC4002E0-PSG,2721
0.909934669874249,0.6241336601510568,1.048642023761713,1.3293206552069992,SC4002E0-PSG,2722
0.2993616976381108,0.35493472224381933,1.1168096808423924,1.35025971082794,SC4002E0-PSG,2723
0.6732490981226124,1.5499550523474588,1.0722970601435506,1.083121776318034,SC4002E0-PSG,2724
0.7106965712139187,0.9494391638849831,0.8372941248819945,1.0292615416286366,SC4002E0-PSG,2725
0.8205705893153762,1.0288251344023094,1.2638821470891792,0.9740314291574533,SC4002E0-PSG,2726
0.698426096913691,0.4030017377482075,0.004726309147504778,0.2728968297257803,SC4002E0-PSG,2727
0.3309659285368357,-0.5270714563045221,-0.1056041180267242,0.28212874312003217,SC4002E0-PSG,2728
0.6671089541948052,1.068267675925852,1.2267066303430096,1.0473448149858005,SC4002E0-PSG,2729
0.8453338543612555,0.5908276834383439,0.9860650412382707,0.6574254290789008,SC4002E0-PSG,2730
0.5094853889869688,0.24106493457460665,-0.08041732763304778,0.4336764866276517,SC4002E0-PSG,2731
0.7836541212949778,0.650645696064038,1.204477647427205,0.8232376139189707,SC4002E0-PSG,2732
0.22531575979476404,-0.00917207455103371,0.603784697388255,0.724601472392947,SC4002E0-PSG,2733
0.007547042035813393,-0.4861319462266139,-0.6251366347185663,0.3907337134339203,SC4002E0-PSG,2734
-0.04735801746614034,0.25611552701997387,0.38682556748143465,0.6599127873605656,SC4002E0-PSG,2735
0.22115126898943957,0.8125545269243077,0.03296600110111262,0.47975195109332525,SC4002E0-PSG,2736
0.6308400663043022,0.5049587096949005,0.29778325197836797,0.5886766571655816,SC4002E0-PSG,2737
0.8814572816271093,1.321814326800581,1.2539861597678195,1.2337288417415997,SC4002E0-PSG,2738
0.6945473523248452,0.7979882231391355,0.8611747157665826,0.637737029856484,SC4002E0-PSG,2739
0.5125169090109964,0.6033434833889676,0.5838927280515855,0.53049508531946,SC4002E0-PSG,2740
-1.3866141037236808,-1.0227211974201529,-0.5920913012171944,0.005150196535570285,SC4002E0-PSG,2741
-0.34200217842517533,0.5805211158296838,0.6520655040762062,0.4472662087097862,SC4002E0-PSG,2742
0.8176869934967337,1.0458245800415684,0.7212235076203632,0.7858390579532019,SC4002E0-PSG,2743
0.8773182452038967,0.5054381600716376,0.45108712813801355,0.8152024260027031,SC4002E0-PSG,2744
-1.1719471697236983,-0.5125066999122814,-0.4913061054573092,0.08813169604543448,SC4002E0-PSG,2745
-0.17919501025403609,-0.3348699637450779,-0.27745898399969904,0.27690293934203436,SC4002E0-PSG,2746
-0.4075851942506106,-0.27128788553131983,-0.7329404178075826,0.21736481440885908,SC4002E0-PSG,2747
0.31255686929424875,0.39361939526187434,0.43698585653834926,0.731720028060507,SC4002E0-PSG,2748
0.06536164816369085,0.947364248127939,0.736421846352412,0.5728795291206925,SC4002E0-PSG,2749
-0.6787063159847547,-0.03535178569834917,-0.6802368906720817,0.26689784725596327,SC4002E0-PSG,2750
0.47052265002829285,0.48148661481048605,0.7906602089033622,0.7656895459257472,SC4002E0-PSG,2751
0.5821132719680906,0.9927883266315213,0.589633784184722,0.784813940482284,SC4002E0-PSG,2752
0.8049391287187876,0.033106764766990676,0.6344612105147902,0.5551665438497596,SC4002E0-PSG,2753
0.1064465820228813,0.07709243707969088,0.1251927195250387,0.38802513917665116,SC4002E0-PSG,2754
0.10606672425250453,0.1077763454797546,0.1689780194920241,0.36657148695293823,SC4002E0-PSG,2755
1.0950106133883928,1.3050646292179393,1.0036890179240778,0.8459260361870683,SC4002E0-PSG,2756
0.5727145945131129,0.16620309295270755,0.7314033989795317,0.8041736137736342,SC4002E0-PSG,2757
0.1649575661888217,-0.6192547722782746,-0.03151713623470829,0.3942661425947944,SC4002E0-PSG,2758
0.5713716080813985,0.8733310119397398,1.2942499982708804,1.6116047417918278,SC4002E0-PSG,2759
0.5568574394492097,0.08944314370185745,0.8560090360831273,0.7663237154647081,SC4002E0-PSG,2760
0.5750016185529172,0.23167359325238043,0.18923744153245572,0.7368749321238941,SC4002E0-PSG,2761
1.0467129874047274,1.5319032717135441,1.0769659103555649,0.8824373506746035,SC4002E0-PSG,2762
1.1576986637571334,0.8477634102911635,1.4368492430473168,1.2265023016939263,SC4002E0-PSG,2763
0.9353540804119618,1.847614776044656,1.1893195672714312,0.9330862866846398,SC4002E0-PSG,2764
1.2804456776294648,1.8855541920245158,2.0791665794059497,1.3897968335439872,SC4002E0-PSG,2765
1.1771914296675263,2.226335861341516,2.558187898301439,1.60718910075763,SC4002E0-PSG,2766
0.5885987665261767,1.18166615178213,0.9561961490612044,0.8450755281915031,SC4002E0-PSG,2767
0.5210740365758056,0.2544243719041604,0.3250022659805353,0.4609589443400563,SC4002E0-PSG,2768
-0.0452170427551028,0.07770292829467006,0.37188337642222996,0.5461135784273955,SC4002E0-PSG,2769
0.5449851751555618,1.0029608892841728,1.1136533471579504,1.0231994824134287,SC4002E0-PSG,2770
1.1304822101702723,1.254810914146294,1.1140626476677291,0.8014412909827248,SC4002E0-PSG,2771
0.19476599752459517,1.2497345814966467,1.074058466032508,0.8261124856946866,SC4002E0-PSG,2772
-0.06561071705010528,1.1445949853428667,0.7279245714612507,0.6322010963525979,SC4002E0-PSG,2773
0.17710914462569377,1.4932498115549715,2.0500903810727666,1.6257406167067001,SC4002E0-PSG,2774
0.8735664699338057,3.3509128968392665,1.9413187044749405,0.9522061805620615,SC4002E0-PSG,2775
0.8624619328881481,2.0511858380996495,2.3703484713988,1.0397759207155404,SC4002E0-PSG,2776
0.8605607953125691,1.4922866895879725,0.79522739410876,0.8910514501088316,SC4002E0-PSG,2777
0.8127529765561307,1.768381787781001,1.693814076757887,1.4199049077965438,SC4002E0-PSG,2778
1.1055142287109845,2.1188756588189546,1.7098641508341557,1.3583111268014196,SC4002E0-PSG,2779
0.1235995163133871,0.9313664599155939,1.4497716174539925,1.2357161315964322,SC4002E0-PSG,2780
0.957784876642666,1.5130129263776313,1.2412385272588125,1.2640142026001355,SC4002E0-PSG,2781
1.0393873300527043,2.2055614057124977,2.9079595450245708,1.3201002072102572,SC4002E0-PSG,2782
1.0254577520096442,0.9215774497182241,1.9227060010566133,1.1628515002039137,SC4002E0-PSG,2783
0.8249289171050141,2.185307421236079,3.067322955255252,1.100576544269212,SC4002E0-PSG,2784
-1.044800101591676,0.4788922223504412,1.011145519081943,1.2137051793340676,SC4002E0-PSG,2785
0.4462257232049399,1.609005427364391,1.3234677055944752,1.171090243083531,SC4002E0-PSG,2786
0.26310098876944227,1.410202504566058,1.4894751624307663,1.210375856602648,SC4002E0-PSG,2787
0.5075554398347037,1.1745523508076678,1.4118662878712993,1.3491517052015467,SC4002E0-PSG,2788
0.13103234976981074,0.35840832372115683,0.9074284930667225,0.853034546185864,SC4002E0-PSG,2789
0.544425777553426,1.5523290335519921,1.4620608145950267,1.5710359108180922,SC4002E0-PSG,2790
0.9067111333308953,1.2738724032711881,0.9143093848674891,1.2538101834870938,SC4002E0-PSG,2791
0.2643597897396423,1.9727980699496759,2.1143093883936404,1.7465858803224816,SC4002E0-PSG,2792
0.4350486795503962,1.337997940200412,1.368078611085322,1.3879891848396784,SC4002E0-PSG,2793
1.1136592962198555,1.8652274980902215,1.7900848753941392,1.346960485269247,SC4002E0-PSG,2794
0.41795789680285417,2.0028419242536306,0.8303243459716073,0.9362642575406842,SC4002E0-PSG,2795
0.7583202382773024,1.7819268888629285,1.9767572436263465,1.5335019755384276,SC4002E0-PSG,2796
0.8764167976982221,1.8808026363131165,2.8253707317698513,1.9703781068579338,SC4002E0-PSG,2797
0.3577806063672563,1.011903939998408,0.7452531315099676,0.8813119211132752,SC4002E0-PSG,2798
0.4215616942918683,1.1806709309739611,1.7181301632069312,1.5479050787628388,SC4002E0-PSG,2799
0.2527275701363504,1.9447408972451323,1.3104344039526057,1.338219981186426,SC4002E0-PSG,2800
0.14931696062363137,1.393148888401804,1.0196951872432987,0.8755167942699603,SC4002E0-PSG,2801
0.014332157636271409,1.5449641592978343,1.1741390207666753,1.2767706748890635,SC4002E0-PSG,2802
1.1216565919259338,1.8491549709844384,1.8130840494895966,1.5427177335582059,SC4002E0-PSG,2803
1.4297654375244013,2.0529265486667576,1.3864817259575355,1.4131107302868913,SC4002E0-PSG,2804
1.3744091716700024,1.9081261651575057,2.270219648784164,1.8860162234323532,SC4002E0-PSG,2805
0.7869133654200039,1.9547173630033832,2.333251267011419,1.497166254595402,SC4002E0-PSG,2806
0.6976789286617251,2.141702528382556,2.1054535031405606,1.4813412060339972,SC4002E0-PSG,2807
0.7210755571456473,2.356488493401354,1.777780352003677,1.6414057513749964,SC4002E0-PSG,2808
0.6432458983317675,1.6406123342120007,1.1465810123515126,1.2392185770221154,SC4002E0-PSG,2809
0.2617116819041671,2.1571528176182797,1.4902970512159637,1.0277620470463371,SC4002E0-PSG,2810
0.39814480725175516,1.4952163424850977,1.1130250146425238,1.3160635568955614,SC4002E0-PSG,2811
0.3948456048626183,2.0772816875134215,1.8683996255859179,1.547219792394003,SC4002E0-PSG,2812
0.19074086026140352,0.9726653713817008,1.0477853398653034,1.1612680300429536,SC4002E0-PSG,2813
0.48850766879430085,1.48237944553738,1.1068277120250118,1.35510821888102,SC4002E0-PSG,2814
0.3834096087853873,0.9942764645976606,0.5026435971354181,0.9092599552365299,SC4002E0-PSG,2815
0.882718861901036,1.0106612783920421,0.8893307107745949,1.026606809594076,SC4002E0-PSG,2816
0.27969640398291123,1.5958248791769456,1.8819196886498604,1.653661868623842,SC4002E0-PSG,2817
0.204768399183359,1.2458299379578757,1.1086016099789997,1.1420096826151829,SC4002E0-PSG,2818
0.37494825267373216,1.6652218467830937,1.5471545230817936,1.2670285229474565,SC4002E0-PSG,2819
-0.03435944209071704,1.0303170349350244,1.6139505503545046,1.5632965247952175,SC4002E0-PSG,2820
1.2700594032033703,2.2598840728706864,1.2639992335403263,1.0946523757201174,SC4002E0-PSG,2821
1.1852958633529795,2.138633526377787,2.1075289099851613,1.555328832076782,SC4002E0-PSG,2822
1.1742444966413992,2.2633115280031513,1.846079734760621,1.4446723451319345,SC4002E0-PSG,2823
1.1728074237293626,2.01412424936529,1.6978192046690388,1.323821352103104,SC4002E0-PSG,2824
1.0081698165187454,1.7904072676684042,1.5846277885549485,1.1839210730625975,SC4002E0-PSG,2825
1.529782394247119,2.06081627828141,1.0664100662979847,1.1153030404053295,SC4002E0-PSG,2826
1.0864180849594398,1.4104972663444129,2.021590232662278,1.3042580778438098,SC4002E0-PSG,2827
1.008104760092874,1.4423775344451444,0.9487077428308475,1.082255516512164,SC4002E0-PSG,2828
0.9975033889395098,1.4931063292239277,0.6795892918280569,0.5587977509490978,SC4002E0-PSG,2829
