delta_rel,theta_rel,alpha_rel,beta_rel,epoch
0.8572900852536222,0.11923241048689211,0.010353986209206897,0.013123518050278829,0
0.8258787036128025,0.0896202460567871,0.022952671996564616,0.061548378333845764,1
0.9117949451515044,0.038390098875293335,0.021306701149624078,0.028508254823578206,2
0.8290238574110997,0.08243584309065445,0.05636986790692842,0.032170431591317473,3
0.7754588187051448,0.15017064382196726,0.047281897808107695,0.027088639664780142,4
0.7527932124815399,0.21539157334118325,0.015557110729016452,0.016258103448260397,5
0.8219301993626047,0.10285981186168221,0.017008353441046092,0.05820163533466712,6
0.9126339139456504,0.06826998022753965,0.007322728873344084,0.011773376953465807,7
0.7749286975297149,0.17703731165475706,0.02144873212572514,0.02658525868980281,8
0.869950920770542,0.07732155464813928,0.014437655526587422,0.03828986905473114,9
0.9144639648388945,0.056470568261913684,0.011912444825924684,0.017153022073267254,10
0.9014897449164346,0.06668780976489984,0.01074476295677804,0.021077682361887447,11
0.8763542293650023,0.09254223350638871,0.012794551409518006,0.018308985719091016,12
0.8453158473514116,0.11268588355026192,0.014842932600812923,0.027155336497513536,13
0.8793631539529564,0.07999100098258329,0.012470726764609957,0.02817511829985034,14
0.8559369454248614,0.08621740233223454,0.021415451450184537,0.03643020079271945,15
0.8170865069719255,0.11346041841476949,0.023648766402465955,0.045804308210839056,16
0.8635198472384554,0.08939999020380032,0.018355653387900146,0.028724509169844047,17
0.875398389451375,0.08509516330990449,0.015812650614656983,0.023693796624063547,18
0.8027379266950629,0.10100392867954751,0.024163559460610128,0.07209458516477935,19
0.8942738521944783,0.057056085575401844,0.015364375354855077,0.033305686875264875,20
0.8007600264985701,0.12026940014857843,0.029759624954096314,0.04921094839875508,21
0.7878370809220462,0.08654967347998214,0.037034087864322565,0.08857915773364913,22
0.7464550291924748,0.11827504228891875,0.04043909093912007,0.09483083757948653,23
0.8463530166163538,0.10310452919287579,0.01676917885736604,0.03377327533340437,24
0.9100874438667572,0.053545146699861115,0.01357226286532422,0.02279514656805754,25
0.8756180105328959,0.06884563952873834,0.01689802688611717,0.038638323052248694,26
0.7860453361233031,0.10835903373643756,0.030459020116702807,0.07513661002355668,27
0.8503024063310968,0.08388367484382007,0.024775207047690952,0.041038711777392156,28
0.8809189534154087,0.07648963956767552,0.014465493236849173,0.028125913780066607,29
0.8559338521733473,0.0809617291499078,0.01922189719227604,0.04388252148446893,30
0.6857208837925564,0.1803669823652914,0.04374282719450205,0.0901693066476503,31
0.8601515094799314,0.07791512463420372,0.01925413735382143,0.04267922853204354,32
0.8068332705112471,0.10158219035439786,0.028229140948909666,0.06335539818544543,33
0.8220554590939125,0.1073695778940894,0.027291978895930047,0.04328298411606806,34
0.8927888725714269,0.07136348961917474,0.013697670335125964,0.022149967474272367,35
0.8708101478526885,0.06490712525511895,0.017800994028969466,0.04648173286322313,36
0.8433450542955354,0.09289264878020871,0.024776645380960888,0.03898565154329493,37
0.717637923973536,0.1510665749940859,0.03414148722062541,0.09715401381175275,38
0.8387392562512863,0.09123661724987427,0.02071419844701311,0.0493099280518264,39
0.8979696021779721,0.06041353842769026,0.0162509458600808,0.025365913534256802,40
0.8980378417689263,0.06270219678316037,0.014616364130883554,0.024643597317029805,41
0.9039337920214946,0.059483688576036,0.011522243346980612,0.025060276055488794,42
0.8462756446064226,0.08716573650955398,0.02016257081593166,0.04639604806809182,43
0.8721677681000468,0.06420086567254345,0.022310635746930516,0.0413207304804792,44
0.7890740176254007,0.12031644958997763,0.027525319885727116,0.06308421289889454,45
0.7850436376556313,0.10566935527168703,0.037942484552168775,0.07134452252051285,46
0.8247894610732989,0.09035126427678328,0.02325686980438043,0.061602404845537445,47
0.8985340543976494,0.056779343952958646,0.016007117252439636,0.028679484396952414,48
0.8874726490890108,0.06980478004869989,0.01589816369187444,0.026824407170415003,49
0.8235824002290539,0.10527118231994388,0.022429601488003492,0.048716815962998795,50
0.8970838327997905,0.05503481364465018,0.01610078571918701,0.03178056783637216,51
0.8402370546711777,0.09035096773834446,0.0223241082993333,0.047087869291144724,52
0.8530548945030435,0.07557015798480202,0.021015102035543153,0.05035984547661149,53
0.78600038706587,0.10358156576024172,0.02860531441143099,0.08181273276245714,54
0.8664065739442742,0.06984233028250349,0.016964499057538347,0.04678659671568379,55
0.7823926309454117,0.10428761257210013,0.028309730660211727,0.08501002582227644,56
0.5405052166593313,0.29919080863218167,0.04626714627860549,0.11403682842988157,57
0.5677345026871198,0.2505498703618466,0.05940659233236563,0.12230903461866792,58
0.8725719293922802,0.07089193414810462,0.01921747987381461,0.037318656585800566,59
0.8262069473755403,0.10087004254285735,0.02368804945534614,0.04923496062625623,60
0.826467441888314,0.10726310504357978,0.023365751599870026,0.042903701468236244,61
0.7718496210777251,0.12194049524149414,0.03130437053497799,0.07490551314580281,62
0.8785049259354833,0.07190027121855662,0.01607062118319833,0.0335241816627615,63
0.867859927057895,0.07435097982421188,0.01599242647980626,0.04179666663808692,64
0.8417327836180607,0.08403576601883267,0.020930328612696707,0.05330112175040998,65
0.8815026809792065,0.07414940290905513,0.014512603766326994,0.0298353123454113,66
0.8975723707197861,0.06589564946213983,0.015168225837474769,0.021363753980599195,67
0.887527785122643,0.08374954732390216,0.014106988111774299,0.014615679441680471,68
0.8740400604596301,0.08262482913784576,0.015558930686317985,0.027776179716206068,69
0.9068976443832228,0.05886299275279244,0.011690301581196357,0.022549061282788475,70
0.9038100705073259,0.051587322923433085,0.017135221977036666,0.027467384592204495,71
0.8986611502686933,0.06499489787419703,0.012597925746015029,0.023746026111094585,72
0.8394121937111585,0.08943307361809878,0.024935061462195415,0.04621967120854733,73
0.8694936277738277,0.0782168517202558,0.021786409345221594,0.030503111160694856,74
0.7865125165061092,0.12740952162938166,0.02760340674764295,0.05847455511686621,75
0.845714061722373,0.08808291058213898,0.026190097202468073,0.0400129304930199,76
0.8851441418154771,0.06895851922608585,0.01666881027805759,0.029228528680379392,77
0.8617029077685985,0.06899420801080149,0.01895125299735406,0.050351631223246,78
0.7492570069632327,0.12865214909560496,0.035354626259752546,0.08673621768140981,79
0.8268259042320831,0.09224074069556921,0.023987717527681147,0.056945637544666534,80
0.8103905433388252,0.08333090600215043,0.029492300099377387,0.07678625055964698,81
0.8853757174253645,0.06276859003748592,0.01979938686699728,0.03205630567015221,82
0.8879395881536996,0.06805308381969692,0.013280665135355503,0.03072666289124801,83
0.9149676357361926,0.05054956984870801,0.0116953551200749,0.022787439295024615,84
0.8679604259277673,0.08658003642065706,0.015345548707061766,0.03011398894451376,85
0.9145110363668216,0.05586692437317558,0.010482701659645894,0.019139337600356854,86
0.8844469256552401,0.07030673255252994,0.015455776723177288,0.029790565069052737,87
0.8719509292933372,0.061996906064479225,0.01463163276704122,0.05142053187514246,88
0.9066872491722819,0.06337917075798061,0.010869366166197512,0.019064213903539934,89
0.8683086430403204,0.08892211218736312,0.01603363186951465,0.026735612902801915,90
0.8760204568014539,0.07839277539942754,0.016543193433926923,0.02904357436519162,91
0.8850714270800374,0.07617309228206952,0.015162141038932665,0.023593339598960282,92
0.8475295135438247,0.10519279894278749,0.017336422963383145,0.029941264550004867,93
0.8502133917478178,0.10345838131979698,0.01652558159864167,0.029802645333743584,94
0.8747711895112519,0.08659390715493073,0.012172838135858089,0.026462065197959333,95
0.8629387819520279,0.10196455176544333,0.011927582815210096,0.023169083467318687,96
0.8622250497721825,0.08946958707197805,0.01652346125460135,0.031781901901237884,97
0.8791307564268629,0.08418878719953046,0.013649047179709372,0.023031409193897262,98
0.8626606024437812,0.09600425268787896,0.015933059682520023,0.02540208518581968,99
0.9068700996004841,0.06643288651410448,0.010842658128134093,0.015854355757277283,100
0.8159825770267808,0.14730353275283317,0.015331618806529838,0.021382271413856197,101
0.878601927427349,0.08563499192465379,0.01190470897562526,0.02385837167237197,102
0.8901090401191099,0.07590564985717578,0.011533582419869083,0.022451727603845267,103
0.9133035041252584,0.054798637366296775,0.012003540451729324,0.019894318056715436,104
0.8878038700949301,0.058131221650741506,0.014316753822802819,0.03974815443152545,105
0.9190014692382231,0.047031476744220986,0.00960401026422145,0.024363043753334573,106
0.9021353512011281,0.07263691123824058,0.009570599652289702,0.01565713790834155,107
0.8438490765006739,0.10612255957733326,0.019767585292629383,0.030260778629363477,108
0.8524674083396667,0.10027082567320043,0.01778499614247689,0.02947676984465586,109
0.8155583916656579,0.11697467802608691,0.02032772014692685,0.04713921016132827,110
0.9117888653677693,0.06277433865803697,0.011327514765928299,0.014109281208265436,111
0.9211269026701155,0.05106217273597758,0.011939020809317396,0.015871903784589456,112
0.9139100756457901,0.06026320105220435,0.011713628811008034,0.014113094490997598,113
0.9147371846982709,0.04290820812298327,0.013050853704911328,0.029303753473834456,114
0.8712867988487338,0.08864456873232525,0.019794874682173422,0.02027375773676748,115
0.7937571358123684,0.13534944351835526,0.023101446389911868,0.04779197427936445,116
0.8796827217068149,0.07174610620110772,0.015411132616509124,0.03316003947556817,117
0.8786991050446805,0.07926763628029711,0.014409590569848557,0.027623668105173832,118
0.8851863812964655,0.08417943385179054,0.012427273811979745,0.018206911039764184,119
0.8130516112257414,0.1027903466751432,0.029459173841795198,0.05469886825732025,120
0.8117823081649406,0.10772396016575474,0.02371146579704975,0.05678226587225495,121
0.8724855658691584,0.09232342650468266,0.012081949218111971,0.023109058408046966,122
0.8626523413802464,0.08841937307667774,0.015575384588733492,0.03335290095434245,123
0.8357191414982257,0.1025945530683858,0.01922018439893889,0.04246612103444958,124
0.8267478691225679,0.11481729382620974,0.024091600241200523,0.03434323681002177,125
0.870344467707453,0.08559593122780655,0.01778099597436458,0.026278605090375783,126
0.8492173059697299,0.10353694995968833,0.016752008255061374,0.030493735815520406,127
0.8996789061781307,0.0683909261252868,0.011775220424471359,0.02015494727211106,128
0.8644256220985281,0.10035199051972442,0.012258891748029518,0.022963495633718033,129
0.8785961031739757,0.09222613994766057,0.01076945086316541,0.01840830601519832,130
0.8391556575955395,0.10680321995528182,0.01696151143351517,0.03707961101566345,131
0.8266827634676487,0.1141579604185393,0.019119033885185512,0.04004024222862649,132
0.8078650001794632,0.11658822506516277,0.02540836784967365,0.05013840690570034,133
0.8305069705217055,0.12866202219588696,0.015574163321337849,0.025256843961069524,134
0.8921394419971506,0.06645226167966392,0.013679444048277074,0.02772885227490842,135
0.8824118484131112,0.08017552549789132,0.014815260589784449,0.022597365499212995,136
0.8086310222447172,0.13487099926609794,0.02139560483396889,0.035102373655216075,137
0.8384486000959335,0.10455078773542477,0.020443711937569414,0.03655690023107245,138
0.8389661673681548,0.08245623489518003,0.029478558692623398,0.0490990390440418,139
0.8559510531822395,0.08671847521422595,0.01756208437789954,0.03976838722563506,140
0.8494305702556246,0.08994323053728541,0.0185178060160509,0.04210839319103906,141
0.8736948931818352,0.08541607664443028,0.013014813487015093,0.027874216686719303,142
0.8734789167973925,0.08031086699054167,0.015924110480979962,0.030286105731085852,143
0.8426997515454551,0.09387553553778305,0.020302412642742133,0.04312230027401958,144
0.8787348328780463,0.07401151619164154,0.015640554032825462,0.03161309689748675,145
0.854232216175501,0.08611292370152775,0.019808867127635906,0.03984599299533517,146
0.8855843349130987,0.0727347403333465,0.013970789933874917,0.027710134819679936,147
0.8412802980729652,0.10448183167067514,0.021357883911515805,0.03287998634484378,148
0.8392981320017463,0.09779306387278983,0.016984027292411184,0.045924776833052655,149
0.9122987825075037,0.0455672213853083,0.012295716930820365,0.029838279176367506,150
0.844352146703223,0.09453755941157574,0.020494839171693317,0.04061545471350793,151
0.8213131927188698,0.09033448607588644,0.028651172900967456,0.059701148304276336,152
0.7560374726553526,0.13629126729561283,0.02806819451972728,0.07960306552930735,153
0.8869862021352927,0.06752653601458372,0.01790722802478282,0.027580033825340817,154
0.8978056729894369,0.05919762621486363,0.014063804085574694,0.028932896710124854,155
0.8942687508544216,0.06617662830930793,0.012709367204638134,0.026845253631632208,156
0.8660476296948076,0.08301811930382344,0.017803793816055506,0.033130457185313426,157
0.8402482512248632,0.11373060432400173,0.018351307854589025,0.02766983659654612,158
0.8537427869317405,0.10333877649893485,0.016427207887563577,0.026491228681760987,159
0.8898464790420815,0.07121887080954077,0.014187446996339914,0.02474720315203783,160
0.8758841140955784,0.08438672221809311,0.013823258853579911,0.02590590483274844,161
0.8700457422398975,0.0664350093105381,0.019340532035366252,0.04417871641419816,162
0.8675132367273989,0.07708862329699923,0.014969805438670084,0.04042833453693172,163
0.875905137180337,0.07673238384798575,0.01703512008816038,0.030327358883516974,164
0.8801845719934746,0.08206985501851786,0.01402567906346711,0.023719893924540485,165
0.8501337823193976,0.09288091444100238,0.016301594166434032,0.040683709073165965,166
0.8353713852234338,0.1137713926464632,0.01702002180186109,0.033837200328241966,167
0.7982299059076634,0.13060397229669946,0.023073260976066812,0.048092860819570454,168
0.8310229750801763,0.12438240063966798,0.018012823350641142,0.026581800929514524,169
0.8176996752989235,0.12412427709233013,0.02068842354640795,0.03748762406233836,170
0.8401933003828097,0.10589628822925984,0.02168986184923544,0.03222054953869506,171
0.7766685671011092,0.14790149337110925,0.029291386336179406,0.04613855319160207,172
0.8601306746946283,0.07468051271362297,0.024210271739579035,0.04097854085216944,173
0.8732925528767405,0.08876085483380677,0.01470205967301546,0.023244532616437347,174
0.8519904615282278,0.10281553127128207,0.01575111959304118,0.029442887607448925,175
0.8792153827593214,0.07976265155868541,0.013923858610972607,0.027098107071020606,176
0.8795930740784252,0.08760815218497946,0.012871486747721624,0.019927286988873718,177
0.8766630352652542,0.07197525059607893,0.02156503851264431,0.029796675626022583,178
0.8356505144542465,0.09780069485727573,0.021980425618758338,0.044568365069719444,179
0.8512523798457104,0.08258286222223761,0.021868398988286332,0.04429635894376559,180
0.9076048019423654,0.04744010955575413,0.0127094407204108,0.03224564778146958,181
0.8671294840942222,0.0792126145746092,0.01742375073510499,0.03623415059606372,182
0.8777984756497527,0.07509485044828693,0.01842723658991495,0.028679437312045343,183
0.860825151929378,0.09033766514788057,0.016734534121213885,0.03210264880152756,184
0.8742615148718622,0.07935714438600144,0.015324488378856516,0.031056852363279867,185
0.8924858663177533,0.0656948791134467,0.02002937793557173,0.02178987663322822,186
0.9082498453163041,0.059696679688545695,0.012845087367981851,0.019208387627168262,187
0.8705084153373974,0.07204354846819949,0.02082854934742515,0.036619486846977814,188
0.8533568425909963,0.0931732831639251,0.020543683922219988,0.03292619032285869,189
0.8866312625933167,0.07305418804369364,0.015726471563518182,0.0245880777994713,190
0.9075405867506664,0.057785425750177546,0.011927569875172,0.022746417623984088,191
0.898082563221235,0.06624915091567483,0.009645757082451785,0.026022528780638387,192
0.8648421672582451,0.09176039186280423,0.018646023204283064,0.024751417674667497,193
0.9103395224369464,0.05232546641529255,0.01094728972345776,0.026387721424303286,194
0.9315926384391907,0.05165469107287729,0.006123127629817438,0.010629542858114615,195
0.8614835422709657,0.07752572952809575,0.015900747523621406,0.04508998067731701,196
0.8454693162081561,0.09502339635649291,0.01924129783437759,0.04026598960097343,197
0.8594343030991134,0.09269955743481798,0.017529099600241446,0.030337039865827094,198
0.9118743008295058,0.0560475380454452,0.012223854435009715,0.019854306690039344,199
0.928852561961484,0.050140289392327224,0.007773574708005861,0.013233573938183028,200
0.8778740449524596,0.0827253284020141,0.013843749115669988,0.025556877529856338,201
0.9038348513071092,0.05864338817674582,0.011986268314361802,0.02553549220178321,202
0.8648481589249744,0.07987965835355346,0.015017819409088357,0.04025436331238387,203
0.8469444607721842,0.10079549967203907,0.01835048951210365,0.03390955004367305,204
0.8499332361811177,0.08973135513910657,0.02161861637609875,0.038716792303677035,205
0.8818199760072335,0.0730027542168086,0.015191700711632894,0.029985569064325,206
0.8665133008271309,0.08880565937653086,0.015601628468099682,0.029079411328238648,207
0.8368240851167513,0.09233097154767621,0.025024071757107576,0.0458208715784649,208
0.8472184248918977,0.09041446943969747,0.022484704420565094,0.03988240124783973,209
0.8775010886971943,0.07315178461622049,0.0161937411877173,0.03315338549886796,210
0.8800532042235933,0.0806534251661732,0.01270356553286543,0.026589805077367974,211
0.8723689418446999,0.08023798781312483,0.013674314580019198,0.033718755762156015,212
0.8510379064767649,0.09461615520547131,0.016294026001798294,0.038051912315965386,213
0.8513758006460452,0.08705849723800006,0.0217133783845032,0.039852323731451554,214
0.7629805330008212,0.1298790058846737,0.02542344525744988,0.08171701585705501,215
0.8195937590129417,0.10099967766119203,0.02467017057414378,0.05473639275172238,216
0.8457959095562916,0.10138388816239909,0.020036553148869405,0.03278364913243994,217
0.8833060157500322,0.07098004199197498,0.014913528952516946,0.030800413305475803,218
0.8669660137601064,0.08049852620494988,0.016971990183394466,0.03556346985154937,219
0.814069503750595,0.12055087540463369,0.02540778557739933,0.039971835267371976,220
0.8444197314432764,0.10580843105613694,0.01545881158812706,0.03431302591245951,221
0.891868245767611,0.06247711502537399,0.012323441195148962,0.0333311980118661,222
0.7989404207533407,0.09686667133299917,0.03085159489691626,0.07334131301674392,223
0.8422747927120171,0.09335928390843685,0.017519590556671367,0.04684633282287461,224
0.8853815755730975,0.0756348347774651,0.01441341691919698,0.024570172730240536,225
0.8470177318967116,0.10205136796073555,0.014621478169894325,0.03630942197265849,226
0.9102648089853866,0.05348871043292687,0.011547269150999524,0.024699211430687002,227
0.8816614183880627,0.0705112453705769,0.016235399101446796,0.031591937139913484,228
0.8409814132570512,0.10505107648376591,0.016945212478291442,0.037022297780891444,229
0.8687539017631235,0.08272050586154407,0.017018421129884748,0.03150717124544775,230
0.8731959214934473,0.07668935002972586,0.016780391397375225,0.03333433707945167,231
0.898519224649251,0.05865494955326027,0.01581817142866026,0.027007654368828432,232
0.829282317700422,0.11294017083887323,0.021370860210725675,0.03640665124997905,233
0.8161252484231496,0.11636166026737484,0.023314500557743936,0.044198590751731694,234
0.8771159316464799,0.08131937291199803,0.01482575148482151,0.026738943956700418,235
0.8762638230017851,0.07730428927395062,0.01484253989234005,0.03158934783192416,236
0.8917130335187693,0.06691003269301725,0.012635838219978926,0.028741095568234648,237
0.8374358499837344,0.09371158455030706,0.021952158997218547,0.04690040646874004,238
0.8861567130387207,0.07860902022995858,0.01204154998372689,0.023192716747593704,239
0.8984242460161076,0.057878442312096996,0.012328453877854764,0.03136885779394056,240
0.8826229205777767,0.07422260740486938,0.013774860820534494,0.029379611196819398,241
0.9039801582482649,0.04844524384980564,0.012735975987321369,0.034838621914608035,242
0.943836373784737,0.036065115321416964,0.007278438296289021,0.012820072597557073,243
0.9227219028069789,0.048487536327171635,0.009401343128158383,0.019389217737690995,244
0.882108096128441,0.0579758654354171,0.015936661312189324,0.04397937712395258,245
0.9151207948696126,0.05182570162597192,0.00978265668168239,0.023270846822733178,246
0.9137705236707346,0.05342805863116519,0.010236066488243198,0.022565351209857018,247
0.9161402393321649,0.05807588884632629,0.009433274949797222,0.016350596871711528,248
0.8947097480186306,0.04349586644314697,0.015416698855751448,0.04637768668247105,249
0.9256344602506,0.040459863749290816,0.009871687460612965,0.024033988539496207,250
0.9199029503184092,0.05005082264857824,0.010487882021595389,0.01955834501141721,251
0.9362609767309407,0.03588446279207009,0.008412735593384516,0.01944182488360463,252
0.8896040112166383,0.08201228352094196,0.011906903246393586,0.016476802016026224,253
0.8743159325157869,0.06909821617486457,0.012099871663722929,0.04448597964562563,254
0.8693260328060223,0.08587024386745934,0.014822259992562606,0.029981463333955762,255
0.9095925572729318,0.053600992502155304,0.011007630845039603,0.025798819379873272,256
0.8512267699925458,0.08309038186814334,0.02058015815758563,0.04510268998172524,257
0.8854942964258228,0.07499148340937785,0.0133186405286222,0.026195579636177014,258
0.8061754683452853,0.1276186247742161,0.023719707964922943,0.04248619891557561,259
0.8292112267719116,0.10215334244305004,0.01714383327551011,0.05149159750952801,260
0.840192675892359,0.07769823761873212,0.024370596787499445,0.05773848970140932,261
0.8841498205773677,0.07528993602056568,0.012291292982350974,0.02826895041971579,262
0.885923476674374,0.0617042170847978,0.016781438587830336,0.035590867652997966,263
0.8823435184081226,0.07313608180046989,0.013818221179242524,0.030702178612164965,264
0.9169163686656053,0.04895448974693136,0.010546844216389883,0.02358229737107348,265
0.8910738186831808,0.06839201084549665,0.014634125792029025,0.025900044679293452,266
0.8982988350978018,0.06763150436840915,0.015096337137701308,0.018973323396087715,267
0.8840446224363367,0.07732833110969528,0.016002300957763838,0.022624745496204107,268
0.8916873082797707,0.06416105315329594,0.01514243750252914,0.029009201064404293,269
0.8203983395568858,0.11289623981137298,0.021390858581848034,0.045314562049893314,270
0.9275744957681101,0.03753398411475771,0.010460873138270823,0.024430646978861388,271
0.8760327425510923,0.07112038814071181,0.01695009542585894,0.03589677388233695,272
0.8964463949423896,0.05440552656346628,0.013024325237470828,0.03612375325667333,273
0.8662914632742249,0.0827221291225934,0.017303665534463004,0.03368274206871866,274
0.8993684436163522,0.055805335039298944,0.014649005933694434,0.030177215410654535,275
0.9023490587379045,0.054299007779698975,0.011769976619991976,0.031581956862404566,276
0.8114472465031383,0.12063067025673184,0.020880250634193215,0.047041832605936626,277
0.7848575663044978,0.1276423764682514,0.03543676443136427,0.0520632927958865,278
0.929287512798442,0.04585172107085532,0.008649756025161263,0.016211010105541324,279
0.8965861586630727,0.06186164474184155,0.012789012796440942,0.028763183798644766,280
0.9207985830773084,0.04824331473312676,0.010935246622535809,0.020022855567029107,281
0.9220040035226843,0.04490398445722122,0.009654225541903391,0.02343778647819102,282
0.9132976700605032,0.04781783041225011,0.01121400737669981,0.02767049215054686,283
0.906699498988169,0.06357834924528774,0.012213604508126976,0.017508547258416277,284
0.8982869088305834,0.0683073130278742,0.01117219883033181,0.02223357931121047,285
0.9175032498226692,0.047244793873391734,0.00977941157030895,0.02547254473363033,286
0.8762377723806963,0.07217109799676683,0.015432691200624639,0.03615843842191212,287
0.8737412810138863,0.09260256345934399,0.01301199086490918,0.02064416466186058,288
0.9108459165340286,0.056289788687579057,0.007989674903819653,0.02487461987457272,289
0.8982339863201556,0.0648626464803302,0.012537661174407279,0.02436570602510695,290
0.8819401063950927,0.07158795745095693,0.01299587911971227,0.03347605703423815,291
0.9132250462753125,0.05402328244628105,0.008551528859786356,0.024200142418620042,292
0.8725842773037567,0.08137351481030335,0.01752135393673977,0.028520853949200207,293
0.8735784882338178,0.07136304770725022,0.017737694028127787,0.03732077003080432,294
0.8247581857897037,0.10723295060943015,0.02501507143882719,0.04299379216203898,295
0.9263379133737875,0.04860531459658192,0.009120612993474962,0.015936159036155736,296
0.9099597405639394,0.052907301460267356,0.013414405704165975,0.02371855227162742,297
0.8752120533449141,0.0805405786485716,0.015427067363028592,0.028820300643485678,298
0.8560788121043055,0.0701045712626812,0.020630051843171873,0.053186564789841385,299
0.8155488578822158,0.0932048100726669,0.024009312198901952,0.06723701984621533,300
0.831414263599139,0.0840392316319539,0.02332221866700956,0.061224286101897556,301
0.8785692633972032,0.05752225645293284,0.017637290482202663,0.046271189667661285,302
0.902690624936075,0.0644812412964527,0.013464097136135205,0.01936403663133702,303
0.8935466866349325,0.07239620155938434,0.011976909353103372,0.02208020245257971,304
0.8929710710163726,0.07168971271362753,0.01303260331418045,0.022306612955819236,305
0.873389680905012,0.08068850157287812,0.015749536342359757,0.030172281179750127,306
0.8634346853157602,0.07734713199513252,0.017558964122550137,0.041659218566557334,307
0.8766136191454901,0.08002363541531068,0.0159352423926174,0.027427503046581942,308
0.8715274900064507,0.08314939881016012,0.014469846341101518,0.03085326484228763,309
0.8892019082224504,0.065566072750888,0.015434262286084476,0.029797756740577223,310
0.817170285348573,0.12022057209209615,0.017541948173944184,0.04506719438538658,311
0.8949609036235303,0.071058689719326,0.01192221058276215,0.02205819607438165,312
0.8640572746043644,0.08654891933039924,0.017099247749608956,0.032294558315627324,313
0.884627745463549,0.06415802640357363,0.016155036504732156,0.035059191628145255,314
0.8593836619935031,0.09518283334289548,0.017553679953818273,0.027879824709783133,315
0.8694834346374563,0.0773863333586862,0.01441981278151424,0.03871041922234329,316
0.8986321412330041,0.06670785175412902,0.009937012842763989,0.02472299417010299,317
0.8912125622374852,0.06600256153007533,0.014614046563539524,0.028170829668899926,318
0.7974312160540568,0.11954431677531976,0.02676504776489495,0.05625941940572856,319
0.8676127373464833,0.08037200928883571,0.01660128089838129,0.035413972466299626,320
0.7010439393072427,0.2063094034363179,0.03963210952613006,0.053014547730309364,321
0.7935559405933832,0.14092382504162376,0.01409282917639036,0.051427405188602615,322
0.8487417661495578,0.10287284532784677,0.019437749405350757,0.028947639117244694,323
0.8603439792555717,0.07935884201094962,0.020614760546406537,0.0396824181870723,324
0.7917854574982075,0.11427401688104494,0.02670128582564811,0.06723923979509946,325
0.8620563236199458,0.08566698663829407,0.019715043185578655,0.03256164655618161,326
0.9141284069634796,0.049126579532606726,0.011818498715279424,0.024926514788634304,327
0.8452484584541183,0.08206673527202774,0.016636424374643664,0.05604838189921022,328
0.8609584644040998,0.09374974706748951,0.017091994727322896,0.028199793801087766,329
0.8974570934349049,0.0684779414584448,0.01322864052281856,0.020836324583831743,330
0.8828454932422479,0.0695207854869343,0.01575864281608638,0.031875078454731365,331
0.8708107152288582,0.06674132150233478,0.01979203096200852,0.042655932306798434,332
0.8614186948040089,0.09155904334543118,0.017201461714726453,0.02982080013583353,333
0.8586813307222957,0.08386934430531325,0.02183953960848162,0.03560978536390931,334
0.8899034129358565,0.07849860560350291,0.010858427323932236,0.020739554136708357,335
0.8867086781905119,0.07764432290267197,0.013714475568559146,0.02193252333825688,336
0.8772763802119169,0.06451995900728107,0.015282510595069472,0.042921150185732594,337
0.8894561449667121,0.06605465487567727,0.01359633124321983,0.030892868914390782,338
0.8725945781937393,0.07713325110248305,0.014585012414080419,0.03568715828969726,339
0.8900249305285909,0.06743635479260884,0.014992286019660754,0.02754642865913953,340
0.8606162162606557,0.09875757667127129,0.016145070813573633,0.024481136254499273,341
0.8620826642936148,0.09888936594585453,0.01586203673727186,0.023165933023258783,342
0.901678760189636,0.06414210840042,0.012289520675374713,0.021889610734569194,343
0.8868233353061566,0.06418842562734405,0.01623179117641159,0.03275644789008773,344
0.8810782832254271,0.06777966374647977,0.017869694117723812,0.03327235891036926,345
0.8980475873228082,0.05536579364516597,0.0144492337863372,0.032137385245688675,346
0.8896838915050046,0.0747244863156423,0.01083487183623971,0.024756750343113493,347
0.8899774040277914,0.06586756111642098,0.015435382179396953,0.028719652676390716,348
0.8510877514662613,0.09949560584572134,0.018694791377826668,0.030721851310190864,349
0.8792450390068138,0.07890249132119365,0.013766240023815395,0.02808622964817714,350
0.8778679606952404,0.07107640971720203,0.01702737395584399,0.034028255631713536,351
0.8539839505433692,0.09610223275296893,0.017426204692701244,0.03248761201096067,352
0.8420166595997809,0.0846296534217508,0.02124175644886539,0.05211193052960288,353
0.8623743539138559,0.08990005173129202,0.017128053696959352,0.030597540657892757,354
0.8921829765972114,0.06520626254819047,0.014827021932572921,0.027783738922025233,355
0.8734204363499325,0.08591685476955553,0.015878156780584688,0.024784552099927217,356
0.8675960435423955,0.08108706636554697,0.016859983181311846,0.03445690691074577,357
0.872573836785004,0.08567462158566229,0.016215141805826918,0.02553639982350684,358
0.8843306400096799,0.08024821040498353,0.013058487514675967,0.022362662070660722,359
0.8855703182281782,0.0782929961323081,0.014258043138817969,0.021878642500695697,360
0.8475676186309071,0.10448289854101694,0.014667628782714453,0.03328185404536154,361
0.8695788666143766,0.08333896197993673,0.017363040706211218,0.029719130699475505,362
0.8917954975758985,0.06892241203168305,0.01255234341683819,0.02672974697558023,363
0.8785190824916592,0.07180227185663088,0.013917669519361391,0.03576097613234851,364
0.845516358453651,0.09779045628946124,0.01914764356551743,0.0375455416913702,365
0.886051437093146,0.07230617449031836,0.012926713958633006,0.02871567445790256,366
0.8846295696662138,0.07441427277755777,0.013879757026409976,0.027076400529818523,367
0.8328851144137529,0.07351272809304975,0.02047667367878108,0.07312548381441625,368
0.8398148337802479,0.1017242818761651,0.020025776091964383,0.03843510825162264,369
0.8814071062453507,0.07554249467888463,0.013682959640339646,0.029367439435425063,370
0.8828284373487678,0.07540861294801574,0.012856822124796281,0.028906127578419986,371
0.8259093103129368,0.09259707935103674,0.02257258585680926,0.058921024479216995,372
0.879348537839102,0.0741027955279681,0.01344750672674302,0.033101159906186894,373
0.8906555215957094,0.06601272944606713,0.011737229647385753,0.03159451931083766,374
0.8499852396673805,0.0712108285653356,0.018660836141523987,0.06014309562575983,375
0.8800465356485009,0.06768657347117832,0.014144903709713302,0.038121987170607385,376
0.8354518929370832,0.10419859391900214,0.018170920819251733,0.04217859232466298,377
0.8045439010002595,0.1067542303053693,0.02803252006659364,0.06066934862777746,378
0.8830409827671571,0.06549110333379762,0.013104988434732002,0.038362925464313094,379
0.902508489889579,0.04443308001491292,0.011471155874101382,0.041587274221406643,380
0.8925241459071468,0.06335958980746524,0.012356851989182517,0.03175941229620535,381
0.8808583046953874,0.0710421005816777,0.01116200763442207,0.03693758708851283,382
0.8755011998251271,0.07132806375954018,0.015541032943886902,0.03762970347144571,383
0.9113277562012497,0.054453445094976315,0.011728145344882101,0.022490653358891905,384
0.9309588812702173,0.04408929125461173,0.00971029035011908,0.015241537125051698,385
0.8945516063556698,0.0747053656582466,0.012037811226538917,0.018705216759544858,386
0.9231341100329568,0.05395199346643745,0.00798208514677796,0.014931811353828017,387
0.919215326068755,0.052946030260660755,0.009531040402887324,0.01830760326769688,388
0.87999351213602,0.07259772175888848,0.014748673120760615,0.032660092984330966,389
0.8698659652032841,0.08376247653871664,0.016208617299446584,0.03016294095855268,390
0.8725622435385324,0.08190286107486412,0.01430558156423634,0.031229313822367013,391
0.8980950104539689,0.06548179672005687,0.011315139830531975,0.02510805299544213,392
0.8924035734713144,0.06831264131208349,0.01539125283156294,0.023892532385039234,393
0.9034945348037843,0.058239489143678935,0.01439744282002492,0.023868533232512017,394
0.9051522462706939,0.06152697663029627,0.012748188779158199,0.020572588319851464,395
0.8910375410018104,0.0701635385679212,0.012329624747650925,0.026469295682617317,396
0.755264301131491,0.16578116318203648,0.023032077816709167,0.05592245786976339,397
0.7824397011269184,0.11995358267907422,0.02801119250760702,0.06959552368640039,398
0.9238608099228304,0.04332201489610628,0.009493943534706367,0.023323231646356916,399
0.8554377008806013,0.08985574430978718,0.019372222664950547,0.03533433214466083,400
0.8088286068064813,0.11684856935453992,0.023796450276869795,0.05052637356210898,401
0.803775545851592,0.12326967793372823,0.023696190442136996,0.049258585772542496,402
0.8409105218304747,0.07346157442086865,0.025318175418446033,0.060309728330210685,403
0.7404001896539949,0.15312868141850175,0.02876717244137189,0.07770395648613142,404
0.8280266883280394,0.1168031591123784,0.01990983261191981,0.03526031994766238,405
0.7910150874740711,0.1236425780131889,0.027228552066108865,0.05811378244663113,406
0.8750367772430074,0.07063429147589992,0.014725430143875166,0.03960350113721747,407
0.8476881649123761,0.08978126165786199,0.019161144747474292,0.04336942868228775,408
0.8457598756670027,0.09249885503529497,0.01764734738933611,0.044093921908366154,409
0.7397853564450356,0.1565660565849051,0.026504037090927395,0.0771445498791319,410
0.7902681222002136,0.1459532911365959,0.021361101169502555,0.04241748549368779,411
0.6342382912040407,0.19340121271856262,0.04111470911459954,0.13124578696279707,412
0.8621540325904713,0.07338399354881142,0.016290322581048802,0.04817165127966852,413
0.8740223219431037,0.07849902960115163,0.014259025784134655,0.03321962267160999,414
0.8613350252114597,0.06619855423461302,0.020059829593234903,0.05240659096069237,415
0.7818306689500896,0.13208732461780526,0.023925716381831802,0.062156290050273386,416
0.7523455939085631,0.15472532979462233,0.025034391144364454,0.06789468515244995,417
0.8141939172719818,0.1226149518383099,0.01896467668562596,0.04422645420408229,418
0.7793219525421801,0.12917575618522006,0.026484855912786796,0.06501743535981319,419
0.712851417633613,0.15371565612719892,0.04108312594853276,0.09234980029065544,420
0.8655980802801223,0.0683197370539344,0.015606250743120035,0.05047593192282323,421
0.7706619929806146,0.1652211026423494,0.018417733937085946,0.04569917043995011,422
0.8176201283497732,0.1237408997452267,0.01933051280280473,0.03930845910219542,423
0.8558210160704433,0.07979184502807543,0.01470545097314906,0.04968168792833237,424
0.8092001253908233,0.13279630639002787,0.019411097705682914,0.038592470513465864,425
0.8609733380512603,0.09592494034718185,0.013671915731199646,0.029429805870358254,426
0.8455595407613573,0.0922067135090811,0.018434377530231614,0.04379936819933014,427
0.8632413317404537,0.07330986549982733,0.01966939990120928,0.04377940285850973,428
0.80987240656223,0.11365347194204016,0.021506431324957685,0.054967690170772056,429
0.861381580287649,0.09166001753673432,0.013206877037731614,0.033751525137885006,430
0.879277813063781,0.06727071184769387,0.017808022050371783,0.0356434530381532,431
0.8704083584530693,0.09181413045203037,0.018927703380290126,0.018849807714610204,432
0.8818397001839928,0.07424844066426423,0.016920192109057302,0.026991667042685567,433
0.8489227358507213,0.11121559090285689,0.01188961160348435,0.02797206164293746,434
0.7867718481429745,0.14398018959494058,0.02029090580296682,0.04895705645911801,435
0.7063963132621457,0.15632433048001942,0.03247182124423008,0.10480753501360472,436
0.7742154139915287,0.14020713632581822,0.03247256614588848,0.053104883536764465,437
0.8379267132543342,0.1118448911745102,0.01773773451580584,0.032490661055349646,438
0.8533077373989699,0.11341029579217067,0.014165771126892037,0.01911619568196726,439
0.8975292533491287,0.07537387234062609,0.011508336652412958,0.015588537657832198,440
0.8629636282550152,0.08202304638852234,0.017545039033556073,0.03746828632290645,441
0.8848319672800125,0.06814225739162726,0.017345278518848338,0.029680496809511826,442
0.8352964531195168,0.11457248876903199,0.018625933675561875,0.031505124435889306,443
0.8824852283233456,0.0721380534536985,0.016180082679802168,0.02919663554315377,444
0.8379467668877579,0.08830185024204688,0.02046426503254191,0.053287117837653296,445
0.727907097233557,0.1540830897074488,0.0313605083171961,0.08664930474179806,446
0.8566657518037564,0.08838746066321071,0.015944078369488655,0.03900270916354426,447
0.815324965758808,0.10229553104217859,0.02795851497968219,0.05442098821933122,448
0.8678979681034521,0.08246509802088144,0.02026964902684021,0.029367284848826274,449
0.8099685796618946,0.12603249967989183,0.02125564270757274,0.042743277950640785,450
0.8380923270807218,0.09322604297619595,0.021808223679873468,0.04687340626320875,451
0.8587628636413311,0.09428170159790676,0.015753993440307427,0.03120144132045473,452
0.8824523254010977,0.07919557925414869,0.013212575633794235,0.02513951971095932,453
0.7756778672094454,0.1542580887573976,0.024431636806783067,0.045632407226373926,454
0.8717772836397332,0.08943694963043958,0.014863486452914566,0.02392228027691268,455
0.8464155488759176,0.11013297647901622,0.01614075838275556,0.027310716262310464,456
0.8920585801906513,0.06415006493691851,0.015066845117402014,0.028724509755028153,457
0.8931506745529824,0.06525168127178296,0.013968367199033988,0.02762927697620068,458
0.7946824175574981,0.13689382251625612,0.02536182890221835,0.04306193102402759,459
0.762510106665614,0.15798571703667882,0.028544048637629778,0.0509601276600774,460
0.7709887247774823,0.14436546101514094,0.025256127932188895,0.059389686275187856,461
0.8599189518422019,0.09129837648059089,0.014985407355690443,0.03379726432151664,462
0.8407442516478375,0.08049971653225543,0.025806172240449787,0.05294985957945735,463
0.8674373075234658,0.08775180268955746,0.015188153965755435,0.02962273582122138,464
0.8646591863506845,0.07334300501143984,0.014778493365356266,0.04721931527251945,465
0.8453184566415267,0.08899685945136762,0.023564718469492436,0.042119965437613184,466
0.7332311275903152,0.1493716217862109,0.033740740404856424,0.08365651021861761,467
0.8496118395169057,0.09202191263837838,0.01588691044694314,0.04247933739777296,468
0.767580981326161,0.14725980795510887,0.022462654988630183,0.06269655573009993,469
0.8351248976877464,0.09954072276351726,0.015089671193372027,0.05024470835536439,470
0.8506412319945366,0.0973333535750023,0.01844602462778383,0.03357938980267739,471
0.833781799407132,0.11250272853251982,0.0157876345620312,0.03792783749831691,472
0.8186579813066792,0.12651960043772315,0.014746110352460092,0.04007630790313752,473
0.8146407861276803,0.11826470945013488,0.01584368561878532,0.05125081880339946,474
0.8366313788377491,0.12088615111520176,0.012085221833177423,0.030397248213871592,475
0.7859443519369181,0.1433877139830316,0.020902999647945175,0.049764934432104974,476
0.8964243593082457,0.06333255987649544,0.010318761557439684,0.029924319257819104,477
0.8950900685765097,0.0674294213670542,0.014140280134342842,0.023340229922093128,478
0.9231561381406584,0.052274336012321565,0.010072555489512768,0.014496970357507112,479
0.8517779721511909,0.10945053514380432,0.0106753495803562,0.028096143124648608,480
0.8527001257406035,0.0948812732953624,0.017414446553920184,0.03500415441011395,481
0.7704470165896609,0.13588808102861935,0.029681948709989588,0.0639829536717301,482
0.8584865768911659,0.10718496144190442,0.011611920217791675,0.022716541449138015,483
0.8346301733506772,0.11825714209647975,0.011159334200718365,0.03595335035212484,484
0.9096786963668756,0.05480707037176547,0.010523631141573307,0.024990602119785505,485
0.8679729413378978,0.09243747072791972,0.012656454796777726,0.026933133137404905,486
0.8138458731193733,0.1250735537506532,0.022268605480388455,0.03881196764958498,487
0.7646244336263532,0.16902044180337292,0.017265191866042487,0.04908993270423132,488
0.88042811440742,0.06179640770410183,0.01690771169222099,0.040867766196257246,489
0.8663492810758167,0.08767054781731005,0.015644131586360202,0.030336039520513013,490
0.9026300635588689,0.061114563385945196,0.01170088246086665,0.024554490594319293,491
0.7573886483825071,0.15101276577232622,0.026977876934858522,0.06462070891030798,492
0.7789531522184258,0.12672910862091308,0.026894919556118866,0.06742281960454229,493
0.7144753252861875,0.14881664040990666,0.045217764148187886,0.09149027015571792,494
0.8060398655181138,0.12222181484530081,0.026217354694042867,0.04552096494254249,495
0.8888610821632432,0.06818524372205978,0.013668795627922737,0.02928487848677437,496
0.84992343334517,0.09369760932069945,0.01971250178594312,0.0366664555481873,497
0.8471956468008331,0.09685653633875584,0.019282284298138205,0.03666553256227287,498
0.8639776567484473,0.08905452759818598,0.015386904048661852,0.03158091160470488,499
0.8276371473546706,0.09623001225085255,0.018462630360793257,0.05767021003368371,500
0.9211530927489375,0.047632696476389035,0.009862650548607204,0.021351560226066237,501
0.8768776674847243,0.06352273214773771,0.01589846041331053,0.04370113995422746,502
0.8729257200746285,0.07256146682124978,0.016810013234559395,0.03770279986956225,503
0.8472824383911427,0.10496834094963037,0.013758568962331182,0.033990651696895725,504
0.8865849814752627,0.08114444223056971,0.012306099946399363,0.019964476347768333,505
0.8683081475869208,0.0801881449408004,0.017339707686043593,0.034163999786235334,506
0.8796257147406177,0.08051713080289687,0.015678813232360193,0.024178341224125266,507
0.8675119230627287,0.07891883381116745,0.01697382322080083,0.03659541990530298,508
0.834417315372228,0.09842188055593627,0.024032391470131805,0.0431284126017041,509
0.8886511542723583,0.07125755437105948,0.01618339487605582,0.023907896480526294,510
0.8868358463955043,0.067655212334139,0.014580846188098557,0.03092809508225819,511
0.840068228474052,0.08131298752251803,0.021620001665906198,0.05699878233752353,512
0.8655528399978895,0.08145040938698189,0.020177148359749014,0.032819602255379596,513
0.9000188462188069,0.05317505578054399,0.015440111939269165,0.03136598606138008,514
0.7935051463336067,0.1315346492172789,0.021426741118878993,0.05353346333023533,515
0.9288467436514903,0.04012805620617147,0.010432356124175854,0.020592844018162297,516
0.8812256869409584,0.08071004924780525,0.012438727470644945,0.025625536340591386,517
0.8583385976179481,0.09958929532257267,0.015995251568835873,0.02607685549064333,518
0.9036009647655625,0.07974065470186169,0.0063618841377765896,0.010296496394799235,519
0.912465632941046,0.07092823730866842,0.007323325204931598,0.009282804545353962,520
0.9321930723469757,0.04672425620818292,0.00860328668644523,0.01247938475839629,521
0.8567159400041338,0.10400884241477287,0.01661541676393496,0.022659800817158307,522
0.9127145056959837,0.06376047406859657,0.009732737290506055,0.013792282944913789,523
0.8614884949216867,0.11043926837696372,0.009953858218463656,0.018118378482885954,524
0.8338085332608915,0.1258081621769455,0.015435271330723208,0.02494803323143961,525
0.8349613933037553,0.10505977790539635,0.019576799915091876,0.040402028875756474,526
0.8037614241760271,0.14148106878468544,0.02514621659097032,0.029611290448317045,527
0.8259824648318252,0.11726052176420736,0.01899955937323866,0.03775745403072865,528
0.7701404954957907,0.11211944462285096,0.03351371745879172,0.08422634242256678,529
0.8853290707243242,0.061593284843094856,0.014855443168874103,0.038222201263706866,530
0.8583779133767452,0.05554529042084747,0.016821107652432297,0.06925568854997484,531
0.8905946750893949,0.07196639132870322,0.013569664376198253,0.02386926920570351,532
0.8623843695159955,0.07788825536902162,0.01598535976315522,0.043742015351827715,533
0.8760483409545851,0.07236588923908606,0.01688282662723149,0.03470294317909738,534
0.8430953033527385,0.10291264839770438,0.016714666309538394,0.0372773819400188,535
0.9046754491456719,0.06497874549704985,0.011920617865865617,0.018425187491412632,536
0.8669178052136821,0.07577187122402576,0.01537231346637035,0.041938010095921636,537
0.8545305839835091,0.08693026988211235,0.019503120585088407,0.039036025549290164,538
0.8525127486262666,0.08983840331002778,0.018364175087302887,0.039284672976402646,539
0.8423328099888424,0.11217303881805453,0.017382876459394805,0.028111274733708266,540
0.8971401058245756,0.07492931123750547,0.010451315947990905,0.017479266989928122,541
0.8479454047628483,0.10293270395944301,0.015152867249296454,0.03396902402841221,542
0.7995390856524798,0.14726594346329322,0.019676740209541035,0.03351823067468592,543
0.8075969373858495,0.13261429492254598,0.02133421195167271,0.03845455573993193,544
0.8565612096152907,0.10736264650897216,0.017861653505719707,0.018214490370017475,545
0.8391189679034937,0.11035743876375693,0.020089452136120012,0.03043414119662941,546
0.8237088847632926,0.10746167933677088,0.02314534163703756,0.0456840942628989,547
0.852161576488926,0.10313339856151102,0.015516844721601978,0.02918818022796116,548
0.7967657018568489,0.16220417648552868,0.015949919615435706,0.025080202042186524,549
0.7953120370170594,0.14813998450761748,0.021475301907240885,0.03507267656808209,550
0.8263959722735784,0.1330164861960752,0.015216115459593008,0.025371426070753378,551
0.820641437648448,0.12619781492370843,0.01959316670229289,0.03356758072555077,552
0.8392279431741044,0.12899147090524482,0.012111284102644919,0.019669301818005705,553
0.8538404772700022,0.10282962367822869,0.0149820175111575,0.028347881540611564,554
0.8812446176595738,0.08754710659019897,0.01148449695742192,0.01972377879280526,555
0.8313044274113766,0.1051094342021326,0.019544985468496673,0.04404115291799426,556
0.8422362531133791,0.1063657881993384,0.017344789899980867,0.03405316878730151,557
0.8181955266811537,0.12639754751828228,0.017571502563925426,0.03783542323663871,558
0.8665519313097491,0.09760953233064953,0.013176900596292148,0.022661635763309144,559
0.776368475758463,0.17245873292079966,0.032157877311067645,0.019014914009669707,560
0.8584464897623842,0.12074786854935793,0.010976948209676856,0.009828693478580985,561
0.8302062865691898,0.12633406683827128,0.018637481801686652,0.024822164790852273,562
0.8633657500095862,0.10809238538652031,0.012280999464698433,0.016260865139195068,563
0.8385585755276146,0.1282058145821967,0.01683109001971855,0.01640451987047023,564
0.8889052344349374,0.08849447194912632,0.00918363632024787,0.013416657295688425,565
0.8502276775724925,0.11245018581941241,0.012357147167100638,0.024964989440994338,566
0.8448618689882907,0.1239532688801017,0.012574464954771164,0.01861039717683649,567
0.8256399846810535,0.12390925984520136,0.019276045061339498,0.0311747104124056,568
0.8683625554124331,0.09462796258152775,0.011483327646824065,0.02552615435921501,569
0.8731063651770873,0.09027683664161096,0.014104851684531742,0.022511946496769988,570
0.8569682068723691,0.11102902391268386,0.009361064440122642,0.02264170477482434,571
0.8435726391362802,0.12231808739473729,0.013318942548336273,0.020790330920646367,572
0.8303265157357032,0.12215288365503905,0.018397604349889362,0.029122996259368573,573
0.8576705417254655,0.10960653232432516,0.013018675718746889,0.01970425023146241,574
0.8299795961654703,0.11253882532798405,0.028811742317926207,0.028669836188619333,575
0.885494485303803,0.088129089981822,0.012021738462468514,0.01435468625190657,576
0.8691871476050776,0.09734644969188055,0.01212087887744262,0.02134552382559921,577
0.8301618931532434,0.13104486297839235,0.01632210610799956,0.022471137760364693,578
0.8328779961794994,0.11880485925750088,0.015359781436918985,0.03295736312608079,579
0.8643705980007855,0.09828707257456783,0.013565499251032311,0.023776830173614222,580
0.833783930151605,0.11837895823194494,0.016509368842766343,0.031327742773683734,581
0.8282979324071201,0.12978634206336115,0.015821435121944852,0.02609429040757385,582
0.8140630903804095,0.13508414617199266,0.019227890433706055,0.03162487301389185,583
0.8259354090868853,0.12650906725010427,0.01807277652955849,0.029482747133451795,584
0.8325706563423325,0.12959696028411263,0.01622218038123089,0.02161020299232396,585
0.8156860759524659,0.14183496234896076,0.014430093202128109,0.028048868496445375,586
0.8415779508733778,0.11566362843017512,0.015582862637044002,0.027175558059403235,587
0.8583840548981193,0.09991885290066388,0.014211711127703886,0.027485381073512873,588
0.8963771341927337,0.0775073065787992,0.009514441872462713,0.01660111735600421,589
0.8720338261559354,0.094172144663218,0.01160063333432274,0.022193395846524043,590
0.8289648898407439,0.11576962616679255,0.015984660006871005,0.03928082398559246,591
0.7985689741180921,0.1296929158388109,0.02369711155715556,0.04804099848594133,592
0.8483668065300906,0.10220555559189347,0.016412611603647712,0.03301502627436829,593
0.7930991764601197,0.12888504350899746,0.027025005831398854,0.05099077419948389,594
0.8091241264487714,0.11741802766781123,0.019515442528849274,0.0539424033545681,595
0.7755499505107186,0.16327257941833392,0.019102153787309117,0.04207531628363831,596
0.7829949172057113,0.15764911297239056,0.025635601095581374,0.03372036872631692,597
0.8637498918577906,0.10047641046134524,0.013612110122896976,0.0221615875579672,598
0.8370976879908639,0.11774111591107488,0.0162054106401764,0.028955785457884634,599
0.8325232536922889,0.11823646314708568,0.02231012109790333,0.026930162062722033,600
0.8337478392472686,0.11167920342704611,0.016977078676214265,0.03759587864947095,601
0.8382767319936743,0.1058545987114513,0.01993325316387666,0.03593541613099779,602
0.8413973285890838,0.11725783519507983,0.01766424397001506,0.023680592245821277,603
0.846083274185647,0.12182286926514097,0.01358319155451662,0.018510664994695475,604
0.8717772276803749,0.09852684077837197,0.01158405851385669,0.018111873027396436,605
0.8328128959644718,0.11916450110710358,0.020119121000272536,0.027903481928152108,606
0.822464975694118,0.13620156378013973,0.017396202405943736,0.023937258119798396,607
0.8349565949488128,0.12965430938429426,0.015635673304026217,0.01975342236286664,608
0.797579086540805,0.14589947757347219,0.020833216669937878,0.035688219215784904,609
0.7821450791612904,0.1327518854819779,0.025741294180668922,0.05936174117606284,610
0.8645269622852062,0.07813248512604393,0.020544012516494535,0.036796540072255364,611
0.9117883671220944,0.04153052446473763,0.011993631163328888,0.0346874772498391,612
0.8889425669113853,0.0691834546705004,0.012599548732941578,0.02927442968517257,613
0.8932197339734066,0.06604530545462686,0.009797140821982452,0.030937819749984226,614
0.8602102820080537,0.07689424798737403,0.017725491489356583,0.04516997851521563,615
0.8618620549281735,0.0891968962380395,0.01861913244892569,0.030321916384861296,616
0.85457566808967,0.0956154866963481,0.015390994868730756,0.03441785034525117,617
0.8607321067899893,0.08275303890320865,0.017896329389050607,0.038618524917751494,618
0.8314762598132662,0.10923962891593775,0.019045684851972382,0.04023842641882367,619
0.8633771842206024,0.05456835436796653,0.02041044510217626,0.061644016309254826,620
0.8591470221014708,0.09113844332240786,0.017098229841104564,0.032616304735016796,621
0.8542644667500069,0.09758448927287709,0.01668893281682447,0.03146211116029151,622
0.8659300263255995,0.07245639676813306,0.021218226745546624,0.04039535016072092,623
0.853303707200464,0.09079918085615024,0.01933038822438262,0.0365667237190031,624
0.8411307454190243,0.09744329024641005,0.020580223951209967,0.04084574038335562,625
0.8625747433633656,0.09240767772284397,0.012518802437216597,0.032498776476573774,626
0.8716442841651012,0.08246690505334342,0.01512317940621588,0.030765631375339542,627
0.8600011516104487,0.08822205756921132,0.016664847335683314,0.03511194348465673,628
0.8934300145133777,0.04880628652091355,0.015234159606732297,0.042529539358976444,629
0.9289436624042174,0.049868801086904994,0.007470814801299055,0.013716721707578466,630
0.9038931636868073,0.05028667006588299,0.01140131773262683,0.0344188485146831,631
0.8799538458994055,0.06225423162455815,0.013361835219502486,0.04443008725653386,632
0.9325784005478684,0.03716996469603914,0.009434766676337745,0.02081686807975471,633
0.8972176179729359,0.055467245932897875,0.010063678281193015,0.03725145781297315,634
0.8647150867258547,0.05645189561667468,0.018289607954544363,0.06054340970292623,635
0.8448132895714048,0.10211593347187037,0.019466758330629202,0.0336040186260957,636
0.874557761369935,0.09356827525938376,0.012933959295572653,0.018940004075108655,637
0.7928255614868621,0.1516219643591263,0.020254601696605243,0.03529787245740618,638
0.825030084779228,0.11717033420517237,0.018199260535104875,0.03960032048049462,639
0.8986067224606239,0.06555443083373143,0.010607642090219157,0.025231204615425575,640
0.8502212079088811,0.1063981551837451,0.017824613599024697,0.025556023308348892,641
0.8357791730723412,0.10873471648461283,0.018011094559817954,0.0374750158832281,642
0.7791580961063608,0.12221269809354231,0.028826617749044117,0.06980258805105284,643
0.732833998111007,0.1308195077873755,0.030712839681926903,0.10563365441969051,644
0.7766015742175313,0.11640235840153888,0.024407775442088546,0.08258829193884129,645
0.8551054549704875,0.0961671193256688,0.016925567365816626,0.03180185833802721,646
0.7813397943980903,0.1366676316351519,0.027955270797216093,0.054037303169541764,647
0.7229459136904303,0.1863853811814328,0.023441756476108716,0.06722694865202823,648
0.7550781288400988,0.17126335175822746,0.01722740175873379,0.056431117642939926,649
0.7735578346146731,0.14381410098861916,0.021015475989357404,0.061612588407350226,650
0.7841992667239683,0.14323150138247573,0.02583718371949434,0.04673204817406159,651
0.6862479288761999,0.21347579730992755,0.02827927694081695,0.07199699687305566,652
0.7236710829524131,0.19098151097205845,0.02820908967537275,0.057138316400155584,653
0.7075232616759488,0.19255963789717953,0.028587264408656613,0.07132983601821499,654
0.7639478669110271,0.1347385770187616,0.025502220134835763,0.07581133593537556,655
0.8432411709761811,0.07851580803067967,0.018784823759940065,0.05945819723319926,656
0.822304430213046,0.09709756605704617,0.018925229588977573,0.06167277414093041,657
0.78051408175229,0.11969969677125118,0.022871173032191116,0.07691504844426783,658
0.7461339247097928,0.14953358957101878,0.03112690707240645,0.0732055786467819,659
0.8071697616705906,0.10342947630710048,0.021392226303631336,0.0680085357186775,660
0.7700846733305582,0.09777041054255445,0.02493111138404871,0.10721380474283862,661
0.8174965142754326,0.12171299797022654,0.015140300239636922,0.045650187514704184,662
0.8211282986740764,0.08656163478798211,0.023248934908096746,0.06906113162984467,663
0.8025969710771742,0.12325183453863839,0.018988163738193002,0.055163030645994426,664
0.8544622922447992,0.09763420438091831,0.013486748825717114,0.03441675454856531,665
0.8746139727689568,0.08597614377249602,0.012591984290284592,0.02681789916826265,666
0.8524865104029236,0.11680070921357094,0.013801697200841963,0.01691108318266353,667
0.8792691443024561,0.07893223134770377,0.012329070964976778,0.02946955338486341,668
0.8310384607507464,0.12455983388358788,0.017161727320307216,0.02723997804535845,669
0.8304691726287167,0.11332352459377175,0.017323698495726347,0.03888360428178539,670
0.8606951067576052,0.10397350151417513,0.01157901597945688,0.023752375748762825,671
0.8469663364046365,0.09822496841834373,0.019099400886484257,0.0357092942905355,672
0.8399447888612824,0.06922678506696449,0.01624913573333387,0.07457929033841917,673
0.832712186913372,0.1118588892524291,0.019128091120510164,0.03630083271368869,674
0.8673236028944339,0.09978005718575864,0.014200668476321825,0.01869567144348577,675
0.8512993896924147,0.10829205720328715,0.012804181061193567,0.02760437204310456,676
0.8796903225075013,0.08600738751555756,0.012496471461933405,0.021805818515007538,677
0.8704444333655685,0.087431949494182,0.01634232150961652,0.02578129563063289,678
0.8260348428691833,0.12848254196082784,0.017565694088028865,0.02791692108196008,679
0.863568395535327,0.09683644359555098,0.015192192129307135,0.02440296873981485,680
0.8673397200593915,0.09500610528868181,0.01225271286988529,0.025401461782041435,681
0.8745046592872391,0.0871496218761002,0.012723585827352182,0.025622133009308636,682
0.8391559248132691,0.0964806134933877,0.018503857532314986,0.045859604161028196,683
0.7579930452942977,0.14498187578816438,0.03160156811980394,0.06542351079773397,684
0.8413848829909764,0.08874438866001194,0.015382841860276799,0.05448788648873494,685
0.841293654284715,0.09306290573363078,0.019277490369299703,0.04636594961235441,686
0.849127192283604,0.10304170459098892,0.012667786643127656,0.03516331648227941,687
0.804718301389234,0.10393838435713433,0.02323465729728475,0.06810865695634709,688
0.7839086791947348,0.1300443150835977,0.025788906927516616,0.060258098794151047,689
0.8355943653847446,0.09647723040250938,0.014983124450015801,0.052945279762730245,690
0.7381736554258596,0.14904866003597628,0.02367548813687074,0.08910219640129338,691
0.8413510515346626,0.09169386826892896,0.018800998525639243,0.04815408167076931,692
0.8652577051783541,0.09162659203963022,0.016569922113362386,0.026545780668653204,693
0.8231647445648478,0.11345480703453087,0.01707702375733455,0.04630342464328693,694
0.7415611391783251,0.16914837872404953,0.02606832606304856,0.06322215603457687,695
0.8380661977789279,0.1301758219090732,0.013264134313681508,0.018493845998317437,696
0.8431708442689505,0.1142918651454559,0.017145140154957886,0.02539215043063561,697
0.8429237930544868,0.10886490924207981,0.014159495641321414,0.03405180206211202,698
0.8460013716949033,0.1052170148206534,0.01822369964543655,0.030557913839006703,699
0.7790386453441133,0.1579970513574918,0.022946890159622573,0.04001741313877247,700
0.8085436702308458,0.1336430919781115,0.01810979739804226,0.03970344039300051,701
0.8546485916003065,0.0978050613304283,0.01650953554730706,0.03103681152195836,702
0.8097728324831538,0.11223696883616047,0.021522082865882364,0.05646811581480329,703
0.7967183358828774,0.1340700746682199,0.02460664379631461,0.044604945652588025,704
0.8119178111646972,0.11775681749585691,0.020574960025912296,0.04975041131353345,705
0.7690101560813654,0.16820882033452292,0.02247901552224314,0.040302008061868476,706
0.7680557761378778,0.16368203574953813,0.018780717535014698,0.04948147057756946,707
0.7907781619344387,0.12068752092958604,0.022521336281223697,0.06601298085475157,708
0.7268818964668888,0.19006340256374438,0.025884366510711514,0.05717033445865542,709
0.8326793804682829,0.11688573349445754,0.015449972386583705,0.034984913650675825,710
0.8415470159780442,0.08802288531705815,0.016866278344498158,0.05356382036039964,711
0.808580201516387,0.09083332463328941,0.019525661531980605,0.08106081231834304,712
0.8003687170742723,0.13288529851355468,0.021393281230808206,0.045352703181364834,713
0.7839350815001143,0.16772823952476085,0.019514258518462738,0.028822420456662237,714
0.7741044383281753,0.14842344261489007,0.023893107707408687,0.05357901134952589,715
0.8111482243563395,0.13963748109493754,0.018263354953287,0.03095093959543598,716
0.8119827183702265,0.12704129389329466,0.019875524499570366,0.04110046323690839,717
0.8406004812081918,0.1012753141697531,0.014440946114569378,0.04368325850748578,718
0.8633334898133025,0.09275450802326851,0.012210339101641984,0.03170166306178702,719
0.8223967159672836,0.13049200164302738,0.018406645868438706,0.028704636521250198,720
0.8961687873778376,0.07723124461933319,0.010522896420396171,0.016077071582433138,721
0.8093521945357868,0.13854195149758258,0.019607122406691116,0.03249873155993959,722
0.7292399178067722,0.21527708675257437,0.022353018468380798,0.03312997697227268,723
0.7583429721707589,0.17411914012254476,0.025591468232816432,0.041946419473879906,724
0.8052455663490068,0.13157670187865952,0.022499131505914764,0.04067860026641888,725
0.7617552790326356,0.1668140482914545,0.023088049349506142,0.048342623326403725,726
0.762364573191568,0.16353007429137134,0.022140996794254273,0.0519643557228063,727
0.7680609047506518,0.16997765142547308,0.02143208562790158,0.04052935819597349,728
0.7514637601286713,0.17085129759442758,0.024561465639986388,0.0531234766369148,729
0.8250054108592424,0.11441105671303672,0.014010228223388226,0.04657330420433264,730
0.7484377992994045,0.1842189073787701,0.02677688591133386,0.04056640741049149,731
0.7670150761254643,0.16908723417306595,0.02142311908826329,0.04247457061320672,732
0.7929967622145992,0.1571402563341926,0.02004915781108666,0.029813823640121574,733
0.8064563627081547,0.14276511348607226,0.020214362030391064,0.030564161775381956,734
0.8752702924219762,0.09536315111208275,0.01581167363535955,0.013554882830581618,735
0.807215491945506,0.15344320153759955,0.014623558756924707,0.024717747759969752,736
0.9305033269881036,0.04752918106795812,0.006957723317705374,0.015009768626232912,737
0.9012914516870084,0.06912384207172449,0.011554337542810492,0.01803036869845673,738
0.8087479969633432,0.1541026392224051,0.01938825124446769,0.01776111256978388,739
0.8651057462100357,0.10322772833083145,0.013699301807898337,0.017967223651234654,740
0.8006760420962419,0.09075803121082145,0.0216321391194562,0.08693378757348043,741
0.8091652187847476,0.09399891955793109,0.02760177307357929,0.06923408858374187,742
0.8362948976285861,0.08681276545104678,0.018552669045761205,0.058339667874605865,743
0.8706663898400505,0.07526341315682303,0.014303944245048036,0.03976625275807852,744
0.7619676234347188,0.1628594320370981,0.023661530835081265,0.051511413693101867,745
0.7510745501650696,0.16486849227643188,0.022610783328006406,0.061446174230491916,746
0.804783482168832,0.14660502337425174,0.017518720762508832,0.031092773694407425,747
0.7904646691602618,0.12882253030021854,0.022657257694194605,0.05805554284532506,748
0.856092640415014,0.10830035466227496,0.013576509624718819,0.02203049529799238,749
0.8081547721771137,0.1478302592931923,0.019988488321041192,0.02402648020865284,750
0.8179942386247401,0.14126564505591493,0.016818113143161142,0.02392200317618404,751
0.8238883908587785,0.11542773748770709,0.01912190947938559,0.04156196217412876,752
0.7925478788954555,0.16787603655515784,0.01677940777932008,0.022796676770066512,753
0.8260939822716964,0.12882518255231734,0.016198934115513704,0.02888190106047263,754
0.7703139040091825,0.12104958298189712,0.029149612554347566,0.0794869004545726,755
0.8020606893887702,0.1477451218133273,0.02112838196764891,0.029065806830253657,756
0.7828694626495988,0.13353386535049,0.020574771914357724,0.0630219000855536,757
0.8565992299006746,0.0920370952734949,0.017151732747205557,0.034211942078624887,758
0.8218187754465262,0.14386965519355602,0.016528995288156625,0.01778257407176106,759
0.8238773948825296,0.13924578927700745,0.01695279330633801,0.01992402253412492,760
0.7930352927030467,0.16401681549382693,0.022483436508096716,0.0204644552950296,761
0.8432788782760713,0.12652582665466933,0.015169447129504922,0.015025847939754517,762
0.873043414390617,0.09461032970646305,0.016209357819001652,0.016136898083918338,763
0.8462490440106928,0.10997863830981872,0.015728047163587788,0.0280442705159006,764
0.8163712966879406,0.13918412703212865,0.018729558497266346,0.025715017782664412,765
0.8540554047531992,0.11873738962476253,0.011142841851487433,0.016064363770550944,766
0.8965457593966416,0.0672228127350695,0.01059736513721273,0.0256340627310762,767
0.9096687052455562,0.05934835394193132,0.009660412332071575,0.021322528480440694,768
0.8524710618366472,0.09872436155496231,0.016788801040518844,0.032015775567871545,769
0.7859267016399933,0.14875860397598561,0.022050491778511535,0.04326420260550955,770
0.8255891027171229,0.12648200119710162,0.01566289435121704,0.03226600173455835,771
0.8808461870129487,0.07542811734336721,0.013159410326555581,0.03056628531712863,772
0.8201444482448775,0.1133213151646985,0.021318835714228976,0.04521540087619504,773
0.818375827998887,0.11828290926864775,0.019393280842661138,0.04394798188980413,774
0.8068670451758507,0.14476901399897762,0.01637787641510992,0.03198606441006175,775
0.8594092820850194,0.10498427632390822,0.011924389361081924,0.023682052229990518,776
0.8583517933047393,0.10090154192911134,0.014341261967908301,0.026405402798240968,777
0.8713359585454659,0.08746317626736205,0.013415854169820185,0.02778501101735198,778
0.770240033100927,0.1481061489602507,0.02373174525628668,0.057922072682535616,779
0.8593546062745246,0.10346068311058831,0.016076911890286476,0.02110779872460051,780
0.8992787034118068,0.06945247872652495,0.009899885499974479,0.021368932361693706,781
0.7843336219732737,0.14800125348351045,0.02302435093773963,0.044640773605476185,782
0.804384612480824,0.12081567451420504,0.02171024413083803,0.053089468874132933,783
0.884375355101211,0.07845721819739072,0.01088660732170624,0.02628081937969186,784
0.7764853367845813,0.1505991086146576,0.02614889057508448,0.0467666640256767,785
0.8172196266172317,0.12892668741909952,0.017087229613841903,0.03676645634982696,786
0.8044492836515014,0.1521367373307633,0.020123660574521498,0.02329031844321394,787
0.855196181673531,0.09045711478593117,0.014023062423051628,0.04032364111748621,788
0.8895893418980789,0.0739144644073579,0.011479735823919989,0.025016457870643206,789
0.7847726507328786,0.11894191859045408,0.024941937925822232,0.07134349275084488,790
0.8182610301217378,0.10041257883067255,0.025540996207826717,0.05578539483976287,791
0.8959722561774883,0.06713364319691549,0.010028997804220518,0.026865102821375813,792
0.8838392002341265,0.07384270479201381,0.011913470855463138,0.03040462411839651,793
0.8342282651727133,0.07409322927948304,0.019783033894013778,0.07189547165378987,794
0.9075864800071858,0.05634814473694776,0.011506095664275953,0.024559279591590526,795
0.9348194083020765,0.04115198766985222,0.007788880337513823,0.016239723690557213,796
0.8682736026428818,0.08556347155098531,0.015374037232923472,0.030788888573209404,797
0.863148247607414,0.10163361017922945,0.01597369267196982,0.01924444954138662,798
0.8557456384282917,0.1113767408137607,0.01600155993267403,0.016876060825273525,799
0.8605012001181895,0.10195636607881543,0.01517839641918834,0.022364037383806684,800
0.8906212914857552,0.07528877902315959,0.012173010923208789,0.021916918567876486,801
0.8590086647259163,0.09675763433086218,0.01812237081965864,0.026111330123562846,802
0.8992748714705919,0.0688853729918708,0.010757937444390311,0.021081818093146926,803
0.9338145454776803,0.04294018195731244,0.00757196273909858,0.015673309825908716,804
0.8767911539457832,0.08169320221185981,0.016013437829780278,0.02550220601257671,805
0.8067017613895705,0.11570270930981287,0.021236875874130742,0.05635865342648593,806
0.8458056332361217,0.10527853247797252,0.01747919018653238,0.031436644099373426,807
0.837609466383741,0.0934116573450146,0.016056957537888703,0.0529219187333558,808
0.87257553652397,0.09017565837009202,0.014348262974527121,0.022900542131410854,809
0.8795474361403874,0.08700630301808587,0.01193406610220226,0.021512194739324524,810
0.902333601164281,0.059452505706672557,0.011133753782869167,0.027080139346177246,811
0.841456114755308,0.08210386593889711,0.017348242331553004,0.05909177697424184,812
0.8861055345681161,0.06933106574000411,0.014085684104489748,0.03047771558738989,813
0.8816298969280013,0.05562070158027404,0.01576332769765562,0.046986073794068994,814
0.8471447366875011,0.09005260856926797,0.0180685951369734,0.044734059606257454,815
0.8293577672189694,0.10031252403240563,0.018524324892838586,0.0518053838557864,816
0.886667201657601,0.07074517334534422,0.011944693282446316,0.030642931714608402,817
0.8315813222664425,0.11429349542033666,0.019075565046965167,0.03504961726625565,818
0.8213713174784564,0.12211065030996528,0.015307983750750986,0.04121004846082727,819
0.8824394825037112,0.06837752460060259,0.014120757755971514,0.035062235139714765,820
0.8762347972188168,0.05834763407487847,0.015195886370751399,0.05022168233555343,821
0.9059106339547571,0.03949642041397295,0.013907048342473855,0.04068589728879604,822
0.8997764184293264,0.06283665683478547,0.010076089434301445,0.027310835301586633,823
0.8208633804728697,0.1332855618432763,0.017881977427115926,0.027969080256738114,824
0.8196946592021594,0.12885363051586443,0.016850102652894838,0.03460160762908121,825
0.7671090759054409,0.16898810492226066,0.017484457714897452,0.04641836145740097,826
0.8380706963324295,0.10990505816333768,0.014396712768811593,0.037627532735421264,827
0.8243238942359384,0.13338060003647767,0.014163384063066102,0.02813212166451789,828
0.7681679592941458,0.15139414155060155,0.02139498419131597,0.0590429149639365,829
0.8139629278189559,0.13036384469195972,0.01666430875812154,0.03900891873096295,830
0.7562892940218402,0.16580198416325753,0.021396917173783607,0.05651180464111852,831
0.8122519743940912,0.12100136175573482,0.01807118431573768,0.048675479534436336,832
0.8052047600119098,0.129507623886757,0.01533583243650958,0.049951783664823585,833
0.8556462154790012,0.10064070528259964,0.017333426267511005,0.02637965297088816,834
0.7747518364175784,0.15901108677974973,0.024994520661520428,0.04124255614115139,835
0.8532060581111914,0.09640677836177895,0.01579431544706673,0.03459284807996291,836
0.8457517942641081,0.10411518791100388,0.015780722093640186,0.03435229573124797,837
0.8537894659585964,0.10576090213006031,0.014408994271598748,0.026040637639744527,838
0.8172464326258466,0.11982778391232578,0.016979709820495053,0.0459460736413325,839
0.8169719863593539,0.12201155351993172,0.018598421855269824,0.04241803826544479,840
0.7419604843200348,0.16652587814804823,0.025791814393190504,0.06572182313872642,841
0.8039857308696283,0.12204646267536068,0.02003366499837272,0.053934141456638295,842
0.8498686976767307,0.10412711849698714,0.01585506799646506,0.030149115829817223,843
0.8249426009474071,0.11374393506383602,0.02002296483053714,0.04129049915821975,844
0.9019195858312541,0.05947255817289747,0.010299630769881782,0.028308225225966738,845
0.8203151253201371,0.09528700882450765,0.016139518990753013,0.06825834686460229,846
0.8639796377603958,0.08641344961830978,0.014193716860197417,0.03541319576109705,847
0.8790232029581218,0.07926470002017938,0.013256792653491152,0.028455304368207597,848
0.7564681217000061,0.15579206685564304,0.024690035909948883,0.06304977553440196,849
0.7452969312059115,0.17032505058966535,0.0252874229164357,0.05909059528798743,850
0.7774110556946878,0.14488657821240275,0.02155452619515658,0.05614783989775288,851
0.8193119896554195,0.11624554171787259,0.019604751234317982,0.0448377173923899,852
0.7989081890470165,0.11789643990341132,0.02189213660663778,0.06130323444293418,853
0.7872591747686083,0.13737456669787182,0.01974162764194575,0.05562463089157416,854
0.8453191809628563,0.09730604424031679,0.018185813692288295,0.039188961104538594,855
0.8259573808340305,0.11598880680163819,0.01869307499343628,0.039360737370895,856
0.9009198185486099,0.07012945265184624,0.010071886506109766,0.01887884229343409,857
0.8466350534938655,0.12082386200412627,0.013040830097260427,0.019500254404747817,858
0.8593179690509211,0.100281478975086,0.012200075183753373,0.02820047679023936,859
0.8802824010154845,0.0788205446501949,0.01290086853642233,0.0279961857978982,860
0.8596285827228645,0.1112802208955951,0.012798633418654398,0.016292562962886063,861
0.8675818322137061,0.07364754518224145,0.012037781860184144,0.04673284074386835,862
0.8651382959300896,0.06664775086337771,0.016160592546015286,0.05205336066051735,863
0.9219306455430315,0.04715699759305683,0.009913198046986357,0.020999158816925326,864
0.9246264989629911,0.04252357958805486,0.00937314948013634,0.023476771968817634,865
0.8892098715168117,0.06550611152407751,0.015787705577109186,0.029496311382001556,866
0.9096310958985361,0.06245492052231424,0.009235345549189394,0.0186786380299603,867
0.9416828064230909,0.03730138703180248,0.007537750132486019,0.013478056412620554,868
0.875193489058502,0.09361613289798072,0.011674560351257218,0.01951581769226019,869
0.8892608544060144,0.0800027549908814,0.010943916480623697,0.019792474122480554,870
0.8850699249457592,0.07556424825596712,0.014938545632613674,0.024427281165659905,871
0.8784287229785522,0.08024733146656636,0.015011399811125944,0.026312545743755373,872
0.863209461557224,0.09003571580184756,0.014257055982180833,0.03249776665874754,873
0.911564781167351,0.05339104668882411,0.010500193197437167,0.024543978946387875,874
0.909576748403659,0.06040316632367977,0.00958522693552562,0.020434858337135705,875
0.8206302721145085,0.08821787145038637,0.023297598670745587,0.06785425776435962,876
0.8708920520474484,0.07068770008101626,0.017707115857549652,0.04071313201398571,877
0.867917840834281,0.08618331369844172,0.014662754154078457,0.031236091313198863,878
0.8397510215766909,0.06320470323544423,0.024255172462478748,0.07278910272538633,879
0.8361457007726442,0.07914311997948496,0.01688778967375402,0.06782338957411693,880
0.8578999823543446,0.06942753364975915,0.016142928781055516,0.05652955521484067,881
0.879399900484493,0.06876883136732666,0.014451754271965895,0.03737951387621443,882
0.8487634638682168,0.10466485573702371,0.017319643129214014,0.029252037265545552,883
0.8817593070547229,0.07213962306805131,0.01374271610606811,0.03235835377115765,884
0.8995683380266389,0.06634535749990099,0.012037005836434495,0.022049298637025608,885
0.8716829663168982,0.06607231384961954,0.015281001999709115,0.04696371783377305,886
0.917960838875066,0.04588909117043334,0.011572429815485777,0.0245776401390148,887
0.8864185745614103,0.06826501764268302,0.014556899628503005,0.03075950816740385,888
0.8733571271437832,0.06339345896026528,0.013786845729771234,0.049462568166180346,889
0.8868359790834796,0.056417984799710684,0.014020187175412516,0.04272584894139701,890
0.8927691109172416,0.05274821153566057,0.011454437013769291,0.04302824053332846,891
0.9100431416071405,0.054295753811800164,0.010367296905432552,0.025293807675626903,892
0.9053099498517209,0.04734205735154809,0.009908880992642909,0.03743911180408795,893
0.912237808156464,0.05410585294561403,0.01141597792995884,0.022240360967963155,894
0.9172669935798666,0.046328164164133157,0.00905685224672332,0.02734799000927679,895
0.9448603787552972,0.03382432658854127,0.007601776123870002,0.013713518532291698,896
0.9376257598825262,0.03756273350317393,0.007187275519535961,0.017624231094763937,897
0.9361300981095867,0.044559709860143265,0.007395751448423667,0.011914440581846254,898
0.9127669271899188,0.060913060290659425,0.009612058510050918,0.01670795400937087,899
0.9389391337429018,0.036572941245605166,0.007286808741258533,0.01720111627023454,900
0.8886501871156606,0.07269680826192186,0.011151198246280953,0.027501806376136445,901
0.912508903805171,0.06312904799767756,0.008589144530276767,0.015772903666874505,902
0.8709825243191707,0.0966686704678003,0.012551570635214185,0.019797234577814796,903
0.8492713520071247,0.11499180423905397,0.011499768748889399,0.02423707500493193,904
0.8693528622423772,0.0949255175310669,0.013067931289127609,0.02265368893742831,905
0.8842730369831282,0.08091803022442541,0.013257358670583134,0.021551574121863332,906
0.8500733657523162,0.1091377910236385,0.01566823870287655,0.025120604521168793,907
0.8249043020992071,0.12282142008525018,0.016296473141275147,0.0359778046742676,908
0.895455519700843,0.06757575228825254,0.012093955988348178,0.02487477202255621,909
0.9342353696416129,0.047779795722336614,0.007054285978048251,0.01093054865800214,910
0.9431596266581254,0.03032626054136276,0.006898350893832054,0.01961576190667989,911
0.9117933193562253,0.06148483114456127,0.0105590534744222,0.016162796024791218,912
0.9098723319783255,0.06506048622238124,0.009730882717955058,0.01533629908133822,913
0.8877734781059043,0.09185397024298951,0.00752426866927602,0.012848282981830111,914
0.8901943154374944,0.06787176935510297,0.011195702101941029,0.03073821310546168,915
0.8744280920619909,0.08600461040521008,0.01304788609510291,0.026519411437696136,916
0.8929854033265353,0.07163812260826255,0.011494098576904914,0.023882375488297216,917
0.8544989383367299,0.11104887625146113,0.010397574088128423,0.024054611323680482,918
0.8938578875380062,0.0865563178536131,0.008390903301613373,0.01119489130676737,919
0.888778244450971,0.08575798670091707,0.01078399330658956,0.014679775541522326,920
0.9046500521242044,0.07822040126033304,0.008887587763071208,0.008241958852391469,921
0.8910294224370949,0.08648669311596646,0.010499901201870047,0.011983983245068512,922
0.8964332147098089,0.07301703660829596,0.009763030324283575,0.020786718357611627,923
0.8406383872204574,0.10727924441830915,0.015848822049500704,0.03623354631173286,924
0.8310848099762902,0.11599585825958382,0.01599147467344564,0.036927857090680555,925
0.8851266753984441,0.09009530612428036,0.010277628888408672,0.014500389588866777,926
0.7767971554080525,0.14271671667728955,0.025606121646307645,0.05488000626835037,927
0.8639936934112057,0.09166343081250329,0.016063005481915926,0.028279870294375106,928
0.892550661059997,0.07327429935356962,0.010887150637143971,0.023287888949289324,929
0.8744833470851158,0.08441444912033252,0.014419315817035991,0.02668288797751558,930
0.8639024238874579,0.08730258000066392,0.017101924297225863,0.031693071814652245,931
0.8678536208144991,0.09203317300994715,0.013110440150826755,0.027002766024726878,932
0.8639167131947644,0.09279715060178276,0.013207685496591067,0.03007845070686184,933
0.8338288043974981,0.11495256614869928,0.01271028771261553,0.03850834174118713,934
0.831905377062809,0.11700675474072723,0.01860684204448239,0.032481026151981465,935
0.7738292851599465,0.14795460599427313,0.024882888475952096,0.053333220369828266,936
0.8620835903511167,0.09575245173708619,0.009142052579727061,0.03302190533207003,937
0.8409742554296138,0.10570528863441568,0.0144119077452474,0.03890854819072314,938
0.8688774621450547,0.08423489725381633,0.012057607079666749,0.03483003352146214,939
0.8654101979099427,0.09080338575267385,0.011819471707256581,0.03196694463012682,940
0.8594832189816014,0.08094304085032879,0.015408135145493393,0.0441656050225764,941
0.8604356717237599,0.07166465805343673,0.014400941105783289,0.05349872911702012,942
0.789437836707034,0.10687875644353872,0.02386450987904026,0.07981889697038705,943
0.8347689300039457,0.0712305466772037,0.01513528328617618,0.07886524003267449,944
0.8162013251687122,0.09947067541543855,0.014052989492588439,0.07027500992326091,945
0.8150104082080036,0.07891247496035567,0.01591926646995941,0.09015785036168134,946
0.864399272163539,0.08289671669705945,0.011823071222954961,0.040880939916446486,947
0.8333664361330815,0.08296675281411212,0.016552915974848786,0.06711389507795754,948
0.7541454083341405,0.1024320458799951,0.02569746134092452,0.1177250844449397,949
0.7169625909990934,0.08435665839850645,0.02927152456790223,0.16940922603449787,950
0.8334683818296212,0.06430448886143358,0.016186912984311005,0.08604021632463435,951
0.8083081529442467,0.0732916504987331,0.023082663633800394,0.09531753292321966,952
0.8074060112502831,0.07830108236495507,0.022101922146504197,0.09219098423825757,953
0.824079147256131,0.08423096593123645,0.018225366183093037,0.07346452062953951,954
0.8706011967065792,0.07605670288871512,0.012487726329588679,0.04085437407511698,955
0.8959086507883783,0.0722824651725525,0.010614379399744692,0.02119450463932434,956
0.8914775830415728,0.07541633009446844,0.011164111903340804,0.021941974960618026,957
0.8831614708691402,0.08586555215737225,0.009117951227700932,0.02185502574578651,958
0.8889804737768964,0.09021190988892504,0.007892960860990844,0.01291465547318779,959
0.8986645425934533,0.07597802759288177,0.009023748482942828,0.016333681330722116,960
0.8807531064843507,0.08261711272170409,0.0104295021950574,0.026200278598887784,961
0.896543570581062,0.07731535450856106,0.0075569233770368125,0.018584151533340094,962
0.9081927843120775,0.0760220795141647,0.005481330552767005,0.010303805620990847,963
0.8868947289694691,0.07718218442508813,0.00848858239193581,0.02743450421350707,964
0.8921109682606362,0.07910702009096178,0.008649719596044514,0.02013229205235756,965
0.8874836721225114,0.07994128773527032,0.010390309791994392,0.02218473035022376,966
0.9031484331902221,0.06964728225955474,0.0068962923033894985,0.020307992246833568,967
0.8972227602421529,0.07446193841798375,0.01038652633912838,0.017928775000734847,968
0.896829248707723,0.07572743538193545,0.010266911246270804,0.01717640466407064,969
0.8878676322881193,0.08419426117028643,0.010936581622016694,0.017001524919577588,970
0.8345175615251372,0.13304500905422886,0.017439935225016103,0.014997494195617729,971
0.8558489987948228,0.10569028664697802,0.01307103812683076,0.02538967643136842,972
0.8053289910804531,0.12893554630120668,0.017787248180157936,0.04794821443818227,973
0.8565449857481616,0.1002941581223277,0.013043731446210355,0.030117124683300373,974
0.8598515639644454,0.10408326689273813,0.011232521295308882,0.024832647847507636,975
0.8764498812056927,0.08744029994490299,0.010484515264387135,0.025625303585017124,976
0.836136151409303,0.11187792455756446,0.012497900344428242,0.03948802368870439,977
0.8407471878153165,0.11433326197703962,0.014164817959039209,0.030754732248604536,978
0.8442546713360922,0.09366420076491655,0.019303668003839473,0.042777459895151825,979
0.8536342283917087,0.08155161555929044,0.016261681893716885,0.048552474155283944,980
0.8630260647143072,0.08135366570881955,0.02099640459884657,0.034623864978026615,981
0.8790630355827634,0.07911814652185596,0.014359740750351168,0.02745907714502958,982
0.8232370719863081,0.11080267365329534,0.023304772846167315,0.04265548151422904,983
0.8897245350802595,0.07292868133462835,0.009970642895414442,0.0273761406896976,984
0.8352725108334589,0.09228409197800419,0.01983230359807338,0.05261109359046359,985
0.8468466303187923,0.10490094850186214,0.017216822665062966,0.03103559851428252,986
0.8398684236744404,0.12202970962045842,0.015934498813396005,0.022167367891705026,987
0.889066419767159,0.072802138593006,0.010078904836768297,0.028052536803066554,988
0.8833606238021497,0.07273676870885182,0.014225201638107034,0.029677405850891438,989
0.8645010697999587,0.08245098583485738,0.016667686239494602,0.036380258125689305,990
0.8937632188819067,0.06434017503163611,0.011655155541051326,0.030241450545405713,991
0.8898798891972467,0.06855810602580845,0.013397857168361737,0.028164147608583132,992
0.8899855977988768,0.07076894514392354,0.012268519627311677,0.026976937429888062,993
0.908298224803489,0.05401637484426274,0.01278979948456738,0.02489560086768096,994
0.8948938047919125,0.07554677598646235,0.010735294457147375,0.018824124764477885,995
0.9214069637438203,0.048779532134616554,0.008671777390072808,0.021141726731490455,996
0.8486879371464342,0.10088904174089319,0.017522160662986546,0.03290086044968608,997
0.8426296037804951,0.09868871820512565,0.0170493577993297,0.041632320215049444,998
0.8651243608636955,0.07037387662501243,0.013659817446498199,0.05084194506479397,999
0.9187027576035786,0.04896279142360077,0.00974697160752475,0.02258747936529585,1000
0.8803372014660198,0.09151981730806791,0.010278676335879445,0.017864304890032746,1001
0.8821265208317232,0.08634157928941504,0.013728029916621252,0.017803869962240645,1002
0.8580130799093131,0.09259692201229186,0.019929069762991972,0.029460928315403208,1003
0.9118221246892997,0.05870383644214278,0.012824208290292507,0.016649830578265187,1004
0.9063470630354293,0.06102877510179242,0.011539219716559962,0.021084942146218498,1005
0.8934948628322094,0.06938340978061455,0.013214588276037439,0.02390713911113863,1006
0.8866773885314818,0.08550426978902716,0.01137327501328792,0.01644506666620307,1007
0.887298717620948,0.09340251081543159,0.009593780652200403,0.009704990911419966,1008
0.8953653842083457,0.07542726788163089,0.011087908320058576,0.018119439589964887,1009
0.9621705308401882,0.022542128741576448,0.005293944525074411,0.009993395893160978,1010
0.8143184162002164,0.06787200477629447,0.07298000203419373,0.04482957698929536,1011
0.7848646694722311,0.11297884643735945,0.07432772822706567,0.02782875586334365,1012
0.5746664741724307,0.28305997179134573,0.0928199328037214,0.04945362123250225,1013
0.3492090110933707,0.4526207303507137,0.15074776214291855,0.04742249641299705,1014
0.48696868240666935,0.3713155372995227,0.09415904598486488,0.04755673430894299,1015
0.2726796039544875,0.5873015137261082,0.10292445830436535,0.03709442401503897,1016
0.22734062459858,0.6686431010866365,0.07194319161384283,0.03207308270094077,1017
0.25774367586173424,0.567010471822787,0.13443660713833427,0.040809245177144515,1018
0.3167039060505177,0.5078085040929884,0.13384214615109827,0.041645443705395684,1019
0.38496741338168944,0.41433179689152744,0.15205636033642747,0.04864442939035562,1020
0.569124943691329,0.2590285757972439,0.12223006935096414,0.049616411160463024,1021
0.5853903338277894,0.3107726852657137,0.04910870198647633,0.05472827892002051,1022
0.705282181422761,0.2258766819586,0.03676526667946659,0.032075869939172476,1023
0.7875066043667626,0.1792052948678658,0.017683683925449837,0.01560441683992179,1024
0.8329772830208697,0.13864632882536138,0.015063311158575272,0.013313076995193452,1025
0.7692864265680188,0.20618465340278957,0.012431974692096113,0.012096945337095552,1026
0.814237559471259,0.15563315910022785,0.012627137982363623,0.01750214344614956,1027
0.7928163136736224,0.16759741244094398,0.01746980004527997,0.022116473840153802,1028
0.8354812758044001,0.1260327155858454,0.01641420427364669,0.022071804336107736,1029
0.8338353101551342,0.12011224143799627,0.021850291717443925,0.02420215668942558,1030
0.8403152527305191,0.11252250862828185,0.020106204021911298,0.02705603461928773,1031
0.8662472630399307,0.10146113491614298,0.019389050721252916,0.012902551322673301,1032
0.7671866835246266,0.1564128534973405,0.033010971029524744,0.043389491948508316,1033
0.8061413735516835,0.14746268943655588,0.022302455344398908,0.024093481667361756,1034
0.8448087952504526,0.11491409388365978,0.024336909451045725,0.015940201414841728,1035
0.8620285677654187,0.09902996489317013,0.022599979418818725,0.016341487922592542,1036
0.8675443429945435,0.09658998938804463,0.01925984183847214,0.01660582577893963,1037
0.8537266729384719,0.11713585058034744,0.018937571294128437,0.010199905187052088,1038
0.8449852214101137,0.1179530423678489,0.02288552376275697,0.014176212459280524,1039
0.8545810728384581,0.10681408675726035,0.0268046704216955,0.011800169982586086,1040
0.8934640315822499,0.08600045554406316,0.013039271322423392,0.007496241551263637,1041
0.9022828269278179,0.07499668934163162,0.016140968146484427,0.006579515584066094,1042
0.9006439725205053,0.07596831495479034,0.016282894654332896,0.007104817870371548,1043
0.8907182613595693,0.08640303917572777,0.014598291010238662,0.00828040845446422,1044
0.9257672926378911,0.05810743571136271,0.009907583175167779,0.006217688475578389,1045
0.9151520607435857,0.06354991134983413,0.014301296088682676,0.006996731817897616,1046
0.8944590516062185,0.08327996120828385,0.01596917877633286,0.006291808409164622,1047
0.9233354040353495,0.060875488296039906,0.010785432884864986,0.005003674783745591,1048
0.9286500859685272,0.053346563685797294,0.013354769752283042,0.004648580593392389,1049
0.9257618370414237,0.05744353957015134,0.013021031285318884,0.003773592103106111,1050
0.9286917386588921,0.05460149074820935,0.011229374313423673,0.005477396279474806,1051
0.9307810320586144,0.055705530404436814,0.00943998669102887,0.004073450845919967,1052
0.9231114588910183,0.06128258222829951,0.011450682133035468,0.004155276747646698,1053
0.9444662329047853,0.04313347822833828,0.00940272100229695,0.002997567864579445,1054
0.9173005638279942,0.06433335080148637,0.013735545137042254,0.004630540233477343,1055
0.9486188784011107,0.041664430103099816,0.006743796106739506,0.002972895389049893,1056
0.9241000290019269,0.06494686138778849,0.0069730417782404375,0.003980067832044241,1057
0.9349863938797771,0.051625502157665704,0.009901653827788823,0.0034864501347683214,1058
0.9493358141714715,0.038498254669433796,0.009399165618122186,0.0027667655409725294,1059
0.7401325365456415,0.1748325324406965,0.033996277259550775,0.0510386537541113,1060
0.8912714562566549,0.08805277511231087,0.010898349387150605,0.009777419243883622,1061
0.9041301348979021,0.07686458640915203,0.011066483057014607,0.007938795635931374,1062
0.8769424269691137,0.08497834153477742,0.02201135298548977,0.016067878510619162,1063
0.9054588790956862,0.07611661460840183,0.010076184514305937,0.008348321781605982,1064
0.8995924858361154,0.07936137895817426,0.014421431590495021,0.006624703615215353,1065
0.8898012167611934,0.0820608439182397,0.020130294583719496,0.008007644736847473,1066
0.9291020984460239,0.05699770255975274,0.009458978771581347,0.004441220222641991,1067
0.9264710904708325,0.0560724204122022,0.010651341279098085,0.0068051478378671525,1068
0.9104288511816532,0.07280324922433372,0.01125665341803605,0.005511246175977028,1069
0.9048556822609528,0.07579296151993896,0.012825325360994972,0.006526030858113372,1070
0.9104295026434064,0.07013784299714725,0.01488351085798263,0.004549143501463698,1071
0.9206074016622382,0.06665463722276557,0.00871411420732762,0.00402384690766865,1072
0.9164100226924246,0.06736020457060655,0.009887752713348722,0.006342020023620251,1073
0.9494087453601668,0.03967476355224339,0.00711247152862148,0.0038040195589684276,1074
0.8354668262292497,0.1215210404634781,0.023148304586381476,0.019863828720890573,1075
0.9246156217298005,0.060808598886315894,0.008807173372318412,0.005768606011565361,1076
0.8583067968001139,0.10377977664629168,0.0242692538476857,0.013644172705908815,1077
0.8792102788484194,0.09221226252260574,0.012986872020410182,0.015590586608564543,1078
0.7545969801310234,0.20703398933011086,0.024106729545422437,0.014262300993443383,1079
0.895639537438284,0.08244582938030792,0.011880679699305289,0.010033953482102911,1080
0.7997483114379341,0.1582550107289474,0.020207041891873587,0.021789635941244785,1081
0.8818978311227038,0.09326476653776514,0.01113586329626056,0.013701539043270592,1082
0.8387275210373958,0.1170303663327157,0.02397361057020082,0.02026850205968768,1083
0.8692617678392607,0.08804519839242303,0.02176449149406827,0.02092854227424802,1084
0.8858161750591986,0.08288451099455267,0.016943634078315905,0.014355679867932788,1085
0.9013065439198864,0.07417788201924594,0.013805302314837998,0.010710271746029587,1086
0.8910649547364471,0.07988053591272729,0.02021571711090578,0.008838792239919773,1087
0.8584534485102862,0.11427161239413443,0.019322465942433403,0.007952473153146043,1088
0.6908956641066349,0.17965927363364909,0.04921890301284155,0.08022615924687455,1089
0.8694024403783317,0.09133062098243903,0.01543103823100301,0.023835900408226127,1090
0.9060982643597636,0.06842436640952136,0.011815278965549268,0.013662090265165763,1091
0.8720618419678525,0.09868275590186802,0.015464023690101213,0.013791378440178123,1092
0.8830415582681386,0.08843642678644376,0.017067744137750182,0.011454270807667585,1093
0.8952074778690907,0.08269904579087099,0.014109137187609637,0.00798433915242875,1094
0.904486924141475,0.06687717658304035,0.015905587203571322,0.012730312071913158,1095
0.8832925396022755,0.0788873810555699,0.028510781963761472,0.009309297378393104,1096
0.8917990461634984,0.08345815641561553,0.0134105679310716,0.011332229489814586,1097
0.9172430096434451,0.0572527725188125,0.014447655445787903,0.011056562391954636,1098
0.8676825495754923,0.1072280599409442,0.017949857787018932,0.0071395326965446645,1099
0.9310125639794923,0.0517901460470745,0.012196789459587734,0.00500050051384546,1100
0.9197463564811241,0.06458063508558783,0.010323364034411895,0.005349644398876077,1101
0.9024642011660927,0.07811759479806041,0.013028084336173106,0.006390119699673793,1102
0.8923444556148533,0.08449341122913075,0.016464118037796283,0.006698015118219627,1103
0.9317392376225534,0.05286960843524583,0.011208972374467972,0.004182181567732877,1104
0.9365826973693939,0.04775394986622928,0.01137781185583976,0.0042855409085371995,1105
0.9384809468933111,0.04961217775592427,0.008937053342578659,0.002969822008185865,1106
0.949831475094334,0.04028338431864428,0.007455182196612988,0.0024299583904087156,1107
0.9224597546166455,0.06317950664292313,0.010626645638502605,0.003734093101928857,1108
0.9060611961680957,0.07272437017834486,0.017027725978509954,0.00418670767504951,1109
0.9347959719039761,0.05123659078571936,0.008503422172620697,0.005464015137683578,1110
0.9186477802061653,0.06337765385746845,0.010460539976751898,0.007514025959614313,1111
0.9079155452324327,0.06745202201439847,0.014155070257581809,0.010477362495586943,1112
0.9256330810575675,0.05735213824882847,0.009805890903183333,0.007208889790420609,1113
0.8871503712193352,0.08387889420183302,0.02002782887761529,0.008942905701216496,1114
0.9152115271899269,0.06593669717089636,0.013136465477534848,0.005715310161641985,1115
0.9224618913388921,0.06116928783449321,0.01265250974673237,0.003716311079882203,1116
0.9462034012935371,0.04196905685773936,0.008826462515113107,0.0030010793336104555,1117
0.9304504858831454,0.057276830805707384,0.009813645753683526,0.0024590375574635713,1118
0.9350916878675883,0.05293936016404455,0.008534541363670779,0.0034344106046962685,1119
0.9551577626697156,0.034909490353749725,0.007991313966614053,0.0019414330099205462,1120
0.9410367974555064,0.044589568077387655,0.01142203616737202,0.002951598299734028,1121
0.9394171197853088,0.04810290028097719,0.010576483192200172,0.0019034967415138928,1122
0.9362421815382989,0.04585092509977573,0.015314159384211809,0.0025927339777135506,1123
0.9508828282773285,0.03910655593222232,0.008187335840149853,0.0018232799502993374,1124
0.9631731896696686,0.028406659494992038,0.0065621521910156026,0.0018579986443237207,1125
0.9579948203409276,0.03263051668218143,0.0070699868952117445,0.0023046760816791798,1126
0.9460183590206032,0.03969726099693362,0.012151692826436685,0.002132687156026694,1127
0.9604886204500083,0.028187861762259774,0.007364260668568133,0.0039592571191636484,1128
0.9616629842424631,0.02837991875553042,0.00826380406928407,0.0016932929327224554,1129
0.9506058324209273,0.03925423260929927,0.008122258251561267,0.002017676718211963,1130
0.9542492703981622,0.03573228463621381,0.007884682027273084,0.002133762938350892,1131
0.9646514898603464,0.026804065250263912,0.006766742130070894,0.0017777027593186968,1132
0.958233067689364,0.031611412746191316,0.008527294655771898,0.0016282249086727173,1133
0.9660783768600498,0.026329071280919568,0.005933742140517754,0.001658809718513012,1134
0.9535161508111899,0.03526958678608937,0.009267881691623106,0.0019463807110976842,1135
0.9449390278038958,0.040877322463096645,0.012340634954834643,0.0018430147781729228,1136
0.9670928583960884,0.02235915034178175,0.009149733160207686,0.0013982581019222015,1137
0.9601109141079893,0.030143238429613483,0.007926735603428362,0.00181911185896881,1138
0.9553650514486338,0.03195915103270496,0.0109669838315621,0.001708813687099087,1139
0.9395825525846863,0.04591749075421647,0.012593500228790754,0.0019064564323065733,1140
0.9501082791485757,0.0355424945238593,0.012129465162977018,0.0022197611645879763,1141
0.9608118340111288,0.02979387340303872,0.007903869228473866,0.0014904233573586495,1142
0.9603368001379917,0.029695513453595817,0.008449783867356203,0.0015179025410561263,1143
0.9616447638059651,0.029516382016825642,0.007715766019216258,0.0011230881579929396,1144
0.9656610401285215,0.02731655750736667,0.005854186127343123,0.001168216236768535,1145
0.9644654085103682,0.027054318113353706,0.007199995451277645,0.0012802779250004634,1146
0.9629402169506073,0.028347289315338916,0.00753532888244198,0.0011771648516118581,1147
0.9723706133010346,0.022181534577883105,0.004382603419436148,0.00106524870164614,1148
0.969841234366133,0.022900743222986113,0.005540544653746759,0.0017174777571340996,1149
0.9617331207710136,0.02967393002816868,0.0064716363227577,0.00212131287806005,1150
0.9723565525663956,0.022705674504015762,0.00382518098736165,0.001112591942226951,1151
0.9563994803582514,0.0354354295953909,0.0067845497778646945,0.0013805402684929286,1152
0.9614104766339336,0.03146011815385707,0.005760379550113578,0.001369025662095774,1153
0.9522270251142734,0.0372404612080902,0.008856848716576486,0.0016756649610598408,1154
0.9613206442870383,0.02985487039572072,0.007063912330679424,0.0017605729865616067,1155
0.9548400345825505,0.03649203588761035,0.007181681133937883,0.001486248395901331,1156
0.9589000346722845,0.03294262388887465,0.006620371789715431,0.0015369696491255563,1157
0.953695992803509,0.03292257638766602,0.011296460903891005,0.002084969904934061,1158
0.9540045079437792,0.034461927448732714,0.009503895480503718,0.002029669126984452,1159
0.9568828126543684,0.03202322047948361,0.009662256889482385,0.0014317099766656034,1160
0.9663903581544807,0.026817047532705453,0.005441265364048978,0.0013513289487649424,1161
0.9619345556568638,0.0303056555137491,0.006161521623883179,0.0015982672055039036,1162
0.967252804164596,0.022625721834638186,0.008881210783580916,0.0012402632171848857,1163
0.9632457629280162,0.030840784153161604,0.004844788143694854,0.0010686647751271914,1164
0.9628437372802008,0.028510365732030026,0.006842743732658337,0.0018031532551108442,1165
0.9617129614920352,0.03142052129518467,0.0055225695222323665,0.0013439476905477699,1166
0.9694282422958678,0.024715024608427193,0.004395647517821016,0.0014610855778839618,1167
0.9690882617960417,0.025653941888549706,0.004125034946048889,0.0011327613693596877,1168
0.969505305632649,0.024119023462893508,0.005288818339066681,0.0010868525653907038,1169
0.9679284711168119,0.024141519393556635,0.005991483721303289,0.0019385257683281834,1170
0.9650970612421929,0.026158971251040674,0.00737779572514185,0.0013661717816247062,1171
0.9516525743766794,0.03580817869510047,0.011030291365528362,0.0015089555626919277,1172
0.9642146659929403,0.028111373626663272,0.006202743654997052,0.001471216725399459,1173
0.9635900270829443,0.027121298066678325,0.007758407066798161,0.0015302677835791869,1174
0.9698814705855061,0.023455238317224993,0.005489505381413778,0.0011737857158551502,1175
0.9655335736304522,0.026714855696644328,0.006271379050210048,0.0014801916226933347,1176
0.9685244097333111,0.02541003661639311,0.004579711177956214,0.001485842472339548,1177
0.9661193449603013,0.02737808509368524,0.005048922915825079,0.0014536470301884025,1178
0.9328287049948906,0.044508639385373285,0.011542893187290367,0.011119762432445893,1179
0.7937190139824835,0.1482582298535543,0.02557403249815375,0.03244872366580848,1180
0.9190827877556023,0.06893822235544446,0.006681587902084912,0.005297401986868423,1181
0.9120310896912184,0.07251213981826088,0.009625697678802472,0.005831072811718222,1182
0.8827444382032852,0.10576478188748144,0.006996587300077568,0.004494192609155791,1183
0.8659718444209028,0.11797717823101486,0.009987632265197052,0.006063345082885272,1184
0.8621795019802214,0.12189208739421475,0.009454306667532724,0.006474103958031194,1185
0.8559126874763041,0.1291467481051026,0.008198272448854306,0.006742291969739044,1186
0.9101314636126372,0.07555674889882347,0.008302867442151269,0.006008920046388092,1187
0.8784960837751289,0.0968850514919316,0.015100626940218107,0.009518237792721491,1188
0.8815136286057279,0.09169727557846945,0.015153151874949757,0.01163594394085279,1189
0.9049917368066912,0.0766565723415015,0.009518954112100476,0.008832736739706816,1190
0.821136216118449,0.15611470218717471,0.011633121634671362,0.011115960059704846,1191
0.8612426403331527,0.12434837006400755,0.008865348743796799,0.005543640859043098,1192
0.7740112209447858,0.20373860372938277,0.014376215714537253,0.007873959611294138,1193
0.7636094442337978,0.2079526848314328,0.016830366341911623,0.011607504592857676,1194
0.7586446534190057,0.21100689439613557,0.015078539506816462,0.015269912678042353,1195
0.6236037140950788,0.31521541937643627,0.025816169367189393,0.03536469716129575,1196
0.8480942483464471,0.12497574123577646,0.015005690384432073,0.01192432003334443,1197
0.7260978303519396,0.24594053671508714,0.015850331169836196,0.012111301763137013,1198
0.6518326933571159,0.3138011092824419,0.0215746241774714,0.012791573182970892,1199
0.6124876673525973,0.3479423160353668,0.024035533085799633,0.01553448352623637,1200
0.6556495216859749,0.3006348925356217,0.029757685205383633,0.01395790057301981,1201
0.6275229331582667,0.295970311353638,0.05266596306988574,0.023840792418209522,1202
0.6271325157769185,0.30870063222570504,0.03964222532208588,0.024524626675290564,1203
0.6717122013129543,0.23597346340921693,0.06704203070565447,0.025272304572174303,1204
0.5287871656903614,0.4270883862830246,0.028140831707718774,0.015983616318895257,1205
0.5748447023611608,0.32733647683254646,0.06726434086540165,0.030554479940891183,1206
0.6688895768942779,0.2476055564979403,0.05601383286441401,0.027491033743367768,1207
0.6624263260868254,0.23835819587696333,0.06123674754330703,0.03797873049290434,1208
0.7899482785619479,0.1348160224806845,0.05432630146264244,0.020909397494725195,1209
0.5757549091115559,0.3265186235994621,0.062110554051703036,0.035615913237279105,1210
0.5546850467887012,0.36599082697528174,0.05062614893326559,0.028697977302751452,1211
0.7053260700255746,0.21408064165340016,0.05573203202030992,0.024861256300715232,1212
0.624174157967393,0.253848247564335,0.08449733046391197,0.037480264004360254,1213
0.6842897672584938,0.21685984758246488,0.058340307718522985,0.040510077440518225,1214
0.61135899592575,0.2639898315307617,0.08615546099839261,0.03849571154509574,1215
0.674483806199459,0.21504137489042235,0.07720889093957102,0.03326592797054781,1216
0.6900071324738772,0.20278842845701062,0.08044112555100721,0.026763313518104737,1217
0.6075448987502092,0.29025677089524676,0.06226289183827725,0.03993543851626694,1218
0.6951524791128633,0.20541182942477856,0.05798387611146197,0.04145181535089615,1219
0.7786125072619793,0.17876983040822386,0.023263274698442762,0.019354387631354195,1220
0.6761223848975206,0.22981556072797268,0.05425895667711128,0.039803097697395484,1221
0.6620589353967701,0.22795309350390705,0.07598050103991208,0.03400747005941082,1222
0.6650125790392784,0.24035050071295888,0.06813449758895039,0.026502422658812374,1223
0.5826094644960867,0.29975917426544746,0.06096467342659748,0.05666668781186845,1224
0.7154245243904059,0.20302137047376673,0.0537308369685244,0.02782326816730288,1225
0.66670516213368,0.2722705906812421,0.03949024010790214,0.02153400707717575,1226
0.6364732889503419,0.2672054088589534,0.057443090739429395,0.03887821145127524,1227
0.4593101090570804,0.3822876431689544,0.04676206204286487,0.11164018573110038,1228
0.8179126317389261,0.13488034228426105,0.01989230446684451,0.027314721509968352,1229
0.724774967135709,0.1793375991632812,0.05611631017709834,0.03977112352391156,1230
0.7690365403786811,0.1679447202603556,0.031560948938916214,0.03145779042204711,1231
0.8218747422186532,0.12303726949047411,0.029458963951065186,0.025629024339807467,1232
0.8174895719541755,0.11451259816961407,0.03504489363305176,0.032952936243158856,1233
0.808185776102632,0.14983737320927146,0.02470540026557218,0.017271450422524388,1234
0.8151968341709525,0.11388846210434056,0.03383502249943093,0.03707968122527599,1235
0.8405823870058082,0.08939432980726399,0.03744785788609947,0.032575425300828256,1236
0.8090078795344082,0.11829271368702463,0.04069238271331668,0.03200702406525051,1237
0.859314733093287,0.09228460921966053,0.031833748303428167,0.01656690938362434,1238
0.7949521611553771,0.15185713007507423,0.03167693483153114,0.02151377393801749,1239
0.8094232432027004,0.1226599612758141,0.04278720441009827,0.025129591111387267,1240
0.8477290172312696,0.11631729750426367,0.023283400218231574,0.012670285046235193,1241
0.9269794628155694,0.05415077693150539,0.01223923179261713,0.0066305284603081095,1242
0.7239832252052013,0.213276682785611,0.03335798586218162,0.02938210614700613,1243
0.57156076275408,0.3456315094791637,0.04638517885487398,0.03642254891188234,1244
0.5940497294415124,0.3059705652334285,0.0662755070175753,0.033704198307483856,1245
0.656353127733113,0.26719851359395863,0.03445379635181722,0.041994562321111074,1246
0.9062098025530129,0.06958144137613444,0.011648371370901679,0.012560384699950999,1247
0.7988342026839628,0.15831144023449728,0.02448229390823552,0.01837206317330441,1248
0.6199042606672747,0.2946074454181974,0.048685381544070816,0.036802912370457144,1249
0.5438822880579434,0.34248504492239257,0.06842351414871814,0.04520915287094604,1250
0.7929309284819432,0.14875886221622892,0.03479997766427552,0.023510231637552413,1251
0.8757619537864715,0.09252642493109768,0.01641748132927505,0.015294139953155808,1252
0.8675488785106101,0.08607413776032119,0.0242853472797733,0.0220916364492953,1253
0.8325498144458733,0.1231461530815992,0.022484875530905012,0.021819156941622463,1254
0.8578630510954607,0.08025476603481073,0.032032644246850504,0.029849538622878133,1255
0.8319664119845775,0.09922490241526702,0.03532036497205235,0.033488320628103134,1256
0.8781746637216687,0.0763990042838927,0.026356180488490925,0.019070151505947656,1257
0.8703971938277065,0.09038703176400416,0.023338088574072543,0.015877685834216736,1258
0.8906743449882316,0.07525536768131115,0.02012613415947776,0.013944153170979447,1259
0.7908340539877827,0.13709163097979563,0.047277725934419305,0.02479658909800244,1260
0.8679338929359938,0.09280856552710304,0.025510813371835993,0.013746728165067158,1261
0.7822450842103869,0.14282004017470573,0.04805630559746025,0.026878570017447218,1262
0.8331181318975456,0.13131343101266685,0.022454893744229373,0.013113543345558235,1263
0.8591928449624641,0.09446628806056968,0.02705611965830122,0.019284747318664974,1264
0.8393731639025761,0.12345443583448985,0.02186206225885279,0.01531033800408126,1265
0.8567840725523386,0.09823992834915819,0.03127245302229002,0.013703546076213123,1266
0.8304340940260087,0.13344562383521574,0.025410683827240578,0.010709598311535097,1267
0.8574743120329473,0.10393271384057218,0.022494459785613666,0.016098514340866826,1268
0.8652071638285486,0.10664825343937837,0.016998529179203536,0.011146053552869715,1269
0.8595393800433421,0.10337236794969383,0.02037297196698702,0.016715280039977066,1270
0.8712699798426481,0.09395289658578025,0.021841481841938973,0.012935641729632637,1271
0.8901066967881612,0.08518872653201273,0.013497400968320564,0.011207175711505578,1272
0.8834384792272717,0.08999811710215902,0.015303069809282876,0.011260333861286581,1273
0.852424474322498,0.11542522827845128,0.02068535181542011,0.011464945583630495,1274
0.8813676677897211,0.08526311196640948,0.023042371562899996,0.010326848680969584,1275
0.8868359800494768,0.08600056400818869,0.018338127917247087,0.008825328025087356,1276
0.8682593513623457,0.09529652811728954,0.027612904956691234,0.008831215563673615,1277
0.9052453776216861,0.06833208462775794,0.01784854285505931,0.008573994895496626,1278
0.9137431407975226,0.06266804585343183,0.01727049198955404,0.006318321359491503,1279
0.8665370258582242,0.10929726158654758,0.01855918859868867,0.005606523956539362,1280
0.8905499417136588,0.08259167003237447,0.02030423589673583,0.006554152357230919,1281
0.91093485766174,0.07191142239413247,0.012509218929017093,0.004644501015110505,1282
0.9009953588644976,0.07441574070232303,0.019011714965708804,0.005577185467470527,1283
0.9034329691305106,0.07974414653703144,0.012308664831048794,0.004514219501409155,1284
0.9383699939937847,0.04924962815685051,0.009372165245973063,0.003008212603391707,1285
0.938759846897647,0.04787936199147466,0.009689117417301007,0.0036716736935772814,1286
0.9183934228471113,0.0653380607329642,0.012194384000730495,0.004074132419193983,1287
0.9484063556977615,0.04112709985014012,0.007758852890746699,0.0027076915613516933,1288
0.9381624941663262,0.046828064140904437,0.011554580914107715,0.0034548607786615672,1289
0.9369791013582989,0.04957080487094347,0.010925656435126663,0.002524437335630874,1290
0.9087135094758435,0.06390220560317253,0.010907640803459224,0.016476644117524638,1291
0.8804541469031291,0.08746615757507019,0.015928802744303732,0.016150892777496952,1292
0.8237180931791362,0.1446185303611135,0.01852736347255282,0.013136012987197503,1293
0.9029169913106453,0.07448615086441081,0.01597433754129415,0.006622520283649891,1294
0.9156030659009076,0.06399651000284247,0.012322945687008577,0.00807747840924143,1295
0.8703120772326229,0.1067465718584656,0.01541183068514587,0.007529520223765471,1296
0.9083986126422678,0.07519733528752302,0.012524648546861247,0.0038794035233478403,1297
0.922862076036193,0.06015869300421273,0.01151202674659274,0.00546720421300157,1298
0.9251413052984655,0.06067701990940014,0.010822841900886,0.0033588328912483156,1299
0.9464690686497451,0.042698294654716425,0.00831779301493105,0.0025148436806074446,1300
0.9433837467546742,0.04562713200172096,0.00852279119366115,0.002466330049943781,1301
0.9375661820896639,0.048782632082195146,0.008127534733032267,0.005523651095108687,1302
0.9416247743156121,0.04565678804956486,0.008903021971181787,0.003815415663641175,1303
0.9430268858449099,0.045111104140324425,0.007956106951157345,0.0039059030636082554,1304
0.9458563918529079,0.044421973917381626,0.007136131298579513,0.0025855029311309297,1305
0.9554873687721185,0.03501679448098646,0.0069647950587603084,0.0025310416881347076,1306
0.9303786361089534,0.05861253090784687,0.007997214878695855,0.0030116181045038463,1307
0.9526447821628687,0.03818068646737173,0.006264111749703831,0.002910419620055681,1308
0.9550102269183424,0.03636301399589699,0.006104345485593542,0.002522413600167131,1309
0.9516275028729015,0.03732516903880785,0.008331693572030546,0.002715634516260128,1310
0.9493385452695755,0.04211912702881447,0.006117515287414803,0.00242481241419517,1311
0.9666961475229184,0.02759520012996299,0.00393810108437415,0.001770551262744334,1312
0.9704891726860772,0.0233183266654195,0.0038727226001652555,0.002319778048338162,1313
0.9556434758012889,0.03572475556028116,0.00675186233960146,0.0018799062988285127,1314
0.9550946787089877,0.03337815590684414,0.005439710250544134,0.006087455133624009,1315
0.9509879102068547,0.040129793125263526,0.0061451704584135035,0.0027371262094682386,1316
0.9520981721860977,0.03848098831169911,0.00666292145665167,0.00275791804555154,1317
0.9538559650295317,0.037430288927142875,0.005647328187035212,0.003066417856290334,1318
0.9439493299952056,0.044851134579008745,0.008156426722938336,0.0030431087028473178,1319
0.965409745342661,0.02567752138490928,0.006768450044737152,0.00214428322769257,1320
0.9615305856752547,0.03220365295757433,0.004282477808621713,0.0019832835585490223,1321
0.966564910568653,0.025480708729260258,0.004804082305281343,0.0031502983968053917,1322
0.9568286428444468,0.03249698491955557,0.007592550178223132,0.003081822057774365,1323
0.9669590363406351,0.02683702741463397,0.004725023276131229,0.0014789129685997663,1324
0.9632279199381024,0.027341705613539637,0.005600111214427567,0.003830263233930373,1325
0.9692644085588583,0.02441526917376704,0.004049171708357512,0.0022711505590170657,1326
0.9724626566084358,0.021798315236121295,0.00425592329619365,0.001483104859249311,1327
0.949844728603001,0.034879607233841536,0.007309591897707274,0.007966072265450224,1328
0.8536424673842405,0.11331546279548046,0.019487553452861583,0.013554516367417465,1329
0.932097557822285,0.05384837612254454,0.0080908830926904,0.005963182962480219,1330
0.9284924329712794,0.04844476188211935,0.013895086163807871,0.00916771898279345,1331
0.8828359091565151,0.06484210106586463,0.015516339437473822,0.03680565034014644,1332
0.9315711729629144,0.05134286414372433,0.00923456334497301,0.0078513995483882,1333
0.8863289893946155,0.09172180866878382,0.011853892317002674,0.010095309619597932,1334
0.8603007810215444,0.1190671133623086,0.013014273053924387,0.0076178325622226085,1335
0.8476065753434263,0.10621247287442186,0.02190781040698643,0.024273141375165463,1336
0.83135295618487,0.12840946017612975,0.024345398426179193,0.015892185212821063,1337
0.8662279671114571,0.09577202129294594,0.020329981675036322,0.017670029920560625,1338
0.8967387945936534,0.08399950620453608,0.012350430528694577,0.006911268673116038,1339
0.8502479340320793,0.1214671826733554,0.01770366691075942,0.01058121638380592,1340
0.9012897233619221,0.07221543596311457,0.013367667075441627,0.013127173599521558,1341
0.9141897602900185,0.061112612559462695,0.014692692271875906,0.010004934878642853,1342
0.8291852184266593,0.1339851011909303,0.022101386675136787,0.014728293707273576,1343
0.8892061902954739,0.06941963412202935,0.017780540434323498,0.023593635148173177,1344
0.8946995226851914,0.07629399984124732,0.012789817892123214,0.016216659581438295,1345
0.7692669910024384,0.18560980681700934,0.02449755471842684,0.020625647462125432,1346
0.7772461017409814,0.19443880749563305,0.013764612888268399,0.014550477875117223,1347
0.8670542060311653,0.11242886725619189,0.011647179418961116,0.00886974729368171,1348
0.7714671732852886,0.18827676781430933,0.022968951254310394,0.017287107646091666,1349
0.6266846353079016,0.31894589070584617,0.032562650387856856,0.021806823598395277,1350
0.6952314373730495,0.2584518725323756,0.029417965315189327,0.016898724779385577,1351
0.7007408194106142,0.1904085384865681,0.07819366883707461,0.030656973265742984,1352
0.5686782394733058,0.33337594008140364,0.05533248072743049,0.042613339717860216,1353
0.6991854241717673,0.23711386166220308,0.04006858562457446,0.023632128541455227,1354
0.5936137510582853,0.2860997950955665,0.08747046027691255,0.032815993569235584,1355
0.6186721069967717,0.239898610405229,0.10127877361431746,0.0401505089836819,1356
0.632906172749921,0.2533776822626125,0.07023602091797984,0.043480124069486724,1357
0.6450345106061175,0.2390147679690663,0.0840852543913727,0.03186546703344372,1358
0.8318411739116653,0.11054139981891646,0.04046736250964012,0.017150063759778088,1359
0.688041470434302,0.20619237811446886,0.06417980829233234,0.041586343158896776,1360
0.6714337608051125,0.21720674310687588,0.07555411284280612,0.03580538324520549,1361
0.7165185191914519,0.17443991698913028,0.07313275901168477,0.035908804807733,1362
0.6270603274210289,0.24544304211772708,0.08591270892854813,0.041583921532695946,1363
0.7442029274993999,0.15794180158937082,0.07124089411952257,0.026614376791706737,1364
0.7313808468396288,0.17048310447693169,0.06361516837934797,0.03452088030409148,1365
0.797157036811282,0.11680086217405178,0.05346175934738286,0.03258034166728342,1366
0.6333714573083219,0.25928909026001556,0.06982911228283104,0.03751034014883153,1367
0.641252606192354,0.25671827001211067,0.06078408093728327,0.04124504285825205,1368
0.6331432759297205,0.23942484646079684,0.0861050070902881,0.04132687051919457,1369
0.6498266405976182,0.23660102587471385,0.076539670407066,0.03703266312060202,1370
0.6892102448456664,0.20604359164169778,0.07125867932503675,0.03348748418759912,1371
0.7337764995181667,0.18949961385866973,0.04468016980428564,0.032043716818877764,1372
0.725812614914048,0.16823358322986565,0.07220655950845542,0.03374724234763099,1373
0.7414504648201191,0.1816648192400237,0.04186504599063529,0.03501966994922203,1374
0.754158220705948,0.17331441887222976,0.036412269621995834,0.03611509079982657,1375
0.6569283366204136,0.21929597830562367,0.07840798060873234,0.0453677044652304,1376
0.4599136898248936,0.4021670884772661,0.08110065936689988,0.05681856233094044,1377
0.6981600814056933,0.23303715376777615,0.04704104029783969,0.02176172452869074,1378
0.9260498301736624,0.03398308397332422,0.013148968074870655,0.026818117778142664,1379
0.6260400612837874,0.19797415992102207,0.11628184579017324,0.059703933005017265,1380
0.7356116303946869,0.17645725808292742,0.04459787156931034,0.04333323995307537,1381
0.7602803061989349,0.07583089003669619,0.06336028484626809,0.10052851891810083,1382
0.4807375511453815,0.3345530739887777,0.1346582666495433,0.05005110821629751,1383
0.4390499064186587,0.3638582024841424,0.15048648546888624,0.046605405628312786,1384
0.645062135184884,0.23922862286955282,0.0629224783943338,0.052786763551229486,1385
0.8445882890629639,0.11092718429876332,0.024273074437258294,0.02021145220101456,1386
0.7226231611660148,0.21581917319613433,0.03813854338210908,0.023419122255741946,1387
0.8619385279119185,0.1059124885664274,0.01739552663673643,0.01475345688491759,1388
0.8047822451724835,0.14373120531753633,0.025474682077777432,0.02601186743220261,1389
0.7972065483270184,0.14732277786493983,0.0248366283640342,0.030634045444007673,1390
0.8277488170381367,0.12342925242510235,0.025083550907442548,0.0237383796293183,1391
0.7632295466709216,0.1843366893378583,0.02694744329137964,0.025486320699840533,1392
0.8249531992150496,0.1228677062161686,0.03012657052796639,0.0220525240408155,1393
0.7704426426903127,0.15391758500842362,0.04337597199143625,0.03226380030982745,1394
0.8519725965906932,0.09997180031968848,0.023802674806159243,0.024252928283458965,1395
0.8274585308126273,0.1223909212454026,0.025880272101128993,0.024270275840841182,1396
0.8508687161315539,0.11099794342701923,0.025410261328557986,0.012723079112868699,1397
0.8603948366873685,0.10142951868091896,0.020094322329454822,0.018081322302257778,1398
0.8391239261662691,0.11241139957018591,0.024636409102356534,0.023828265161188578,1399
0.7991559713246633,0.13853521677139488,0.03992348913695931,0.022385322766982522,1400
0.8453803228867328,0.11815086963140656,0.02078593797499457,0.015682869506865975,1401
0.876541278661477,0.09262496345508214,0.018024243749030475,0.012809514134410333,1402
0.77656551086058,0.1542919772371099,0.03818649123507261,0.03095602066723758,1403
0.8536724132391094,0.09717464026049726,0.023769918601317132,0.02538302789907617,1404
0.8803033644479019,0.09149885888615304,0.015321719297614344,0.012876057368330689,1405
0.8958496549227226,0.08152281172011593,0.013094471666028349,0.009533061691133174,1406
0.8499148273440662,0.115507287969209,0.022429055057245753,0.012148829629479118,1407
0.8852815024246764,0.07314038942094404,0.02323727062860612,0.018340837525773326,1408
0.8973270595747423,0.07857512262095737,0.01407064720415512,0.01002717060014509,1409
0.910032914737109,0.06540049749812397,0.015911258289633533,0.008655329475133512,1410
0.8838807984939105,0.08229308998589509,0.016714538605725044,0.01711157291446936,1411
0.832999814906952,0.10476395552031355,0.031472873412113654,0.030763356160620828,1412
0.8530628219022577,0.08775327118762147,0.0314048368332461,0.027779070076874583,1413
0.7723569180590131,0.1774569109492713,0.030954722653552477,0.019231448338163242,1414
0.8268533365253629,0.13201111063883927,0.024131914819848815,0.017003638015949223,1415
0.7217783010327887,0.1780109418413798,0.03715559984778882,0.0630551572780426,1416
0.7758710843416812,0.11782413047245645,0.05483241507236815,0.05147237011349427,1417
0.683845474704133,0.2064363169191223,0.073293916028284,0.03642429234846077,1418
0.8098562607442397,0.12195102672593841,0.03700610879527127,0.03118660373455073,1419
0.8150195974595871,0.1133910622022529,0.027428698107845963,0.044160642230313865,1420
0.8457114501439916,0.10560377361817193,0.022578400472986194,0.02610637576485017,1421
0.880544146666574,0.07956849641477833,0.02130427905866078,0.01858307785998687,1422
0.8835098167028017,0.07556781711433164,0.021944143831509295,0.018978222351357217,1423
0.8563737955516438,0.10399230953303974,0.023704327199750765,0.015929567715565657,1424
0.8927281843147338,0.07496492507373659,0.019381509664472378,0.0129253809470573,1425
0.8055310757696794,0.14112561852011038,0.030660551063539977,0.02268275464667018,1426
0.8675406678398108,0.09777369610245708,0.02194790756992307,0.01273772848780906,1427
0.8373169753816745,0.12914599885122752,0.021174485976443502,0.01236253979065452,1428
0.9447044262325666,0.0458569981898858,0.006404215465661052,0.003034360111886602,1429
0.8828966744331079,0.08408648948896406,0.017052070216455547,0.015964765861472486,1430
0.8149754753934156,0.13526859151186027,0.019980427817450505,0.02977550527727352,1431
0.8391706883464716,0.11074230482617442,0.025134372611563226,0.02495263421579084,1432
0.8933614034154427,0.07486786421089117,0.020810055088495438,0.010960677285170679,1433
0.813392153032634,0.13612500691136079,0.030448489327411597,0.020034350728593695,1434
0.8190397732066196,0.11891799806426011,0.037194669189375015,0.024847559539745368,1435
0.8743026247468989,0.09148797850827803,0.02246125407015976,0.011748142674663163,1436
0.8298357122150827,0.12971008642164508,0.02307136658592307,0.017382834777349174,1437
0.8634190507731877,0.09954052765467308,0.025060558721250212,0.011979862850888905,1438
0.8408358345246272,0.1184338264191799,0.0275670219720591,0.013163317084133886,1439
0.8830053798746602,0.086143357216915,0.02009528556512333,0.010755977343301512,1440
0.8994276770027613,0.07160070012715736,0.019183016868020496,0.00978860600206084,1441
0.8891304630494452,0.08020067810093438,0.019868350396549207,0.010800508453071211,1442
0.9153557445784987,0.0666516989725227,0.012174086726559532,0.005818469722419047,1443
0.897990483111635,0.08482249930860948,0.009660849339484136,0.007526168240271259,1444
0.9076967405044638,0.07301169953026951,0.014408952932967983,0.004882607032298576,1445
0.9077264986415344,0.07387019781949088,0.01259922361824306,0.005804079920731557,1446
0.9064647613821833,0.07436252079812149,0.011367460357952558,0.007805257461742589,1447
0.9316953025506708,0.05381482116934704,0.00968133085417917,0.004808545425802897,1448
0.8964095894693889,0.07907073041474068,0.019681969001910826,0.004837711113959677,1449
0.9226337497288993,0.06026697602217778,0.010909799871328849,0.0061894743775940215,1450
0.9352390118568086,0.047201808038501346,0.012639646150698342,0.004919533953991658,1451
0.9161725156681497,0.0628550192802805,0.016119995434919134,0.004852469616650606,1452
0.9465366035512891,0.04378165581021063,0.006785052241090069,0.002896688397410277,1453
0.9290160404305837,0.05850715538227448,0.00918474589064554,0.0032920582964961523,1454
0.9461789797014692,0.04192213694490666,0.008359636942107045,0.0035392464115170177,1455
0.9305067274554668,0.043203699142356354,0.016347584624780476,0.009941988777396363,1456
0.9173323026273102,0.06380545744556149,0.0124254397003706,0.006436800226757651,1457
0.8904419796109604,0.06839589094474004,0.016032673817590156,0.025129455626709384,1458
0.8610570264525428,0.10957040572537685,0.016468589559832703,0.012903978262247677,1459
0.8727346492608624,0.09755118200010184,0.018826240846704374,0.010887927892331447,1460
0.8947851363228284,0.08170285027943704,0.013966570074469576,0.009545443323264933,1461
0.8916719260850592,0.0790452556145972,0.019076956608384717,0.010205861691958881,1462
0.9288379629850587,0.052072727597745394,0.012187553420569321,0.006901755996626677,1463
0.9198899182249289,0.06490223161898229,0.01038814777023226,0.004819702385856421,1464
0.9185206487513723,0.06637725643673151,0.009532389000685674,0.0055697058112105695,1465
0.920810741140621,0.058400323448562955,0.012576656325651353,0.00821227908516472,1466
0.9642684190173502,0.027148716905829998,0.006600286106527132,0.0019825779702926857,1467
0.9383069536689925,0.04818097008862907,0.008844350456907794,0.0046677257854704154,1468
0.9306054257759231,0.05441071895081971,0.008867818153783798,0.0061160371194735955,1469
0.9332699599381256,0.04882057621803672,0.01057095766758474,0.007338506176253093,1470
0.9407161505822922,0.0444908604464747,0.009315028744848743,0.005477960226384372,1471
0.941061127562069,0.04701519594387219,0.00843002469937134,0.0034936517946874404,1472
0.9245037960086475,0.05923619881049039,0.01226254653200578,0.003997458648856305,1473
0.9451307196851206,0.04467425726471525,0.0066563187721101575,0.0035387042780539277,1474
0.9601523241195252,0.030967697405730982,0.0055888822222693625,0.0032910962524743846,1475
0.9505599272370013,0.03812002732177004,0.008116770070989612,0.003203275370238966,1476
0.9581863672246006,0.03300461017792425,0.006682607323170104,0.0021264152743048883,1477
0.9492615425264854,0.039555432389666696,0.007239356551033799,0.003943668532814006,1478
0.9584138788158045,0.03515855551668278,0.004456941541242678,0.0019706241262700884,1479
0.9404728362632354,0.04742468027989883,0.007223544016818999,0.004878939440046734,1480
0.9233544350108404,0.04118106910434518,0.013401096980118573,0.022063398904695733,1481
0.9062969602591973,0.07443265068687939,0.013845766757749392,0.005424622296173968,1482
0.9363800440152055,0.048106461354212794,0.009793912129432238,0.005719582501149552,1483
0.7680989941222203,0.18115852161255602,0.024878605755116356,0.02586387851010743,1484
0.8345408128745511,0.120369546335289,0.02167339425056063,0.023416246539599277,1485
0.8750773277171253,0.09912572710770148,0.016046288342835526,0.009750656832337548,1486
0.9092262766034461,0.07562108181145448,0.008813594762096933,0.00633904682300259,1487
0.8690958036912283,0.11224282639041969,0.011380421100359642,0.007280948817992513,1488
0.8732914894453415,0.10886507598666965,0.012791554596940405,0.005051879971048411,1489
0.770609329771166,0.19053241095291065,0.02661698314963735,0.012241276126285831,1490
0.7026241432721099,0.24174049168103906,0.03642793268417211,0.019207432362678866,1491
0.6789651689535312,0.222097130522886,0.06674149344416505,0.03219620707941783,1492
0.7080933956544612,0.20758355640114692,0.0526602641595723,0.031662783784819654,1493
0.6697644045309694,0.26086557920704306,0.04020258043199594,0.02916743582999164,1494
0.7905698614872563,0.13339840739648143,0.040284450466814746,0.03574728064944739,1495
0.6539903213742766,0.20192337193005636,0.10580641179517174,0.03827989490049528,1496
0.6531785119778356,0.21313016242313357,0.09227872269733219,0.041412602901698625,1497
0.6058299226122631,0.26066972125224036,0.05757493929640157,0.07592541683909496,1498
0.4618818204662506,0.3771909491269984,0.08763881836179463,0.07328841204495638,1499
0.565686999483428,0.30358058150262995,0.06776816062088373,0.06296425839305847,1500
0.6417678391614986,0.22882122677012817,0.08318222325278625,0.04622871081558707,1501
0.6268557608225904,0.27969633761495566,0.06223001213065936,0.031217889431794533,1502
0.688173644799554,0.24125213102042392,0.041296160023063855,0.029278064156958113,1503
0.6826564779647148,0.23267460564469744,0.05157132073691676,0.03309759565367099,1504
0.7255977551765199,0.18776564929990092,0.053339059818764106,0.03329753570481504,1505
0.691009980752758,0.2070629326419354,0.06502552689755588,0.0369015597077507,1506
0.6964203970117546,0.2024340821510645,0.059915702635163395,0.041229818202017356,1507
0.6427384532795145,0.25300641728858086,0.06953646400874011,0.03471866542316445,1508
0.6610809608354283,0.2334369432099338,0.06693131409371288,0.03855078186092505,1509
0.5824618577874063,0.3094462588871375,0.06023793861589201,0.0478539447095641,1510
0.7186995874006993,0.18609850901157063,0.05274984578775434,0.042452057799975844,1511
0.6571821642061688,0.24915320106748354,0.061774675947057045,0.03188995877929072,1512
0.6875475602457437,0.21302990813456246,0.05709920484156602,0.04232332677812806,1513
0.8407740774748982,0.11516351506308706,0.03000033091816321,0.014062076543851668,1514
0.7681090012893228,0.14016437047717442,0.05364740785843537,0.03807922037506744,1515
0.7615096498001727,0.14038847603172366,0.05144919505739727,0.046652679110706405,1516
0.9079108577153029,0.034556416662279474,0.025439460095067104,0.03209326552735049,1517
0.5015985007052765,0.2654108777322435,0.1799001512520148,0.05309047031046526,1518
0.5168400779645542,0.29368484378680515,0.12828502483181978,0.06119005341682077,1519
0.5713156962075027,0.27278694171848367,0.0903970388832044,0.06550032319080924,1520
0.9300187013774905,0.03134245738966885,0.015047394544670379,0.02359144668817009,1521
0.9294643264982068,0.03970639927696485,0.009163701139287031,0.021665573085541213,1522
0.9059064336331295,0.07148358493914775,0.009364734105707057,0.013245247322015838,1523
0.9331153512267413,0.0494956566760285,0.007664993549041925,0.009723998548188258,1524
0.913653453471138,0.06623657957651853,0.009648392412393614,0.010461574539949862,1525
0.9299021962597585,0.04450182208008189,0.008951773101896586,0.01664420855826297,1526
0.9577996038716968,0.021666879580890305,0.00991903874786799,0.010614477799544908,1527
0.6655480539838766,0.1959340234001716,0.10372716017683484,0.03479076243911683,1528
0.3270656585831646,0.44719747437489926,0.1834449116219872,0.04229195541994892,1529
0.35814093607893,0.4289532065861237,0.17291450141934947,0.03999135591559682,1530
0.41348828718720204,0.33027305301149135,0.21017517733416366,0.046063482467142924,1531
0.3722143308662099,0.3796009431806105,0.20093186049079878,0.04725286546238074,1532
0.3837781405011609,0.37697414752292685,0.18788711843527328,0.05136059354063906,1533
0.5159617474081774,0.250030684199922,0.18862163839436502,0.04538592999753554,1534
0.50107376712867,0.2445527091881598,0.19490372403464234,0.059469799648527784,1535
0.47315898642406023,0.2927686008983199,0.17673524385992073,0.05733716881769916,1536
0.5199370564711772,0.26984598591532016,0.1605535748529206,0.04966338276058196,1537
0.5528555799666441,0.2549984405594464,0.12829510511342698,0.06385087436048253,1538
0.5131801849635689,0.3221883973039099,0.1042806587253627,0.06035075900715848,1539
0.5625450572111512,0.17979660380102097,0.125631377797389,0.13202696119043875,1540
0.5204389326576849,0.26621061436513793,0.16978545648690055,0.04356499649027658,1541
0.5524916251426265,0.22876122420469333,0.1733630939475666,0.04538405670511367,1542
0.6183158809032535,0.23643280986115592,0.09138331363338341,0.053867995602206994,1543
0.6785333769505387,0.18365101319756866,0.08816212174127763,0.049653488110614964,1544
0.7674639714071736,0.1909279697312459,0.0198233706383346,0.02178468822324595,1545
0.8174992150592612,0.1406816059950553,0.02236891502014905,0.019450263925534377,1546
0.7991517060814461,0.1264893736653056,0.04993639880752288,0.02442252144572532,1547
0.7934423809820503,0.15713208748408358,0.02219634973720219,0.027229181796663848,1548
0.8505039026579697,0.10551746157642858,0.025766594416791005,0.01821204134881069,1549
0.7692530990477112,0.16504215241313908,0.03948772139741319,0.026217027141736456,1550
0.8790447979745786,0.07640670568450837,0.021026034661246532,0.023522461679666446,1551
0.7703428642904823,0.16360705724573144,0.030766274521293067,0.0352838039424933,1552
0.8180852360203338,0.11219031821871461,0.03728765522360037,0.032436790537351205,1553
0.7427065702746752,0.15907483203883166,0.03696336567766937,0.06125523200882359,1554
0.8527076380605109,0.09999939442690012,0.01890255215697474,0.028390415355614176,1555
0.7545558866962477,0.16924224862117365,0.044677086163998424,0.03152477851858013,1556
0.7591602336721431,0.1711627318327376,0.023454690840116182,0.046222343655003134,1557
0.8264831832390873,0.08021509389407332,0.0391363346470467,0.054165388219792845,1558
0.8191879329132797,0.122399696775553,0.03000463778707711,0.02840773252409011,1559
0.712868694799885,0.23015023986729954,0.023221424354954914,0.03375964097786055,1560
0.7704202094642769,0.14950810056237931,0.02936986818060469,0.05070182179273895,1561
0.8428680098210561,0.10783295874858383,0.015491457273581177,0.033807574156778784,1562
0.6854068960826827,0.17695931039928114,0.059065911448655924,0.07856788206938016,1563
0.8045823101183064,0.1197734511928568,0.03229808492438394,0.04334615376445299,1564
0.8153552374844162,0.12404547911560926,0.02620302824813594,0.034396255151838744,1565
0.7842453269918493,0.1430098738459331,0.034300690267898275,0.03844410889431918,1566
0.7540358903572317,0.16169932481790916,0.03712197654777428,0.04714280827708463,1567
0.7784375746759017,0.15534584525368395,0.027617984021511874,0.038598596048902395,1568
0.8743579726714746,0.027149699683252537,0.03695834848960472,0.06153397915566815,1569
0.6250717629259259,0.18032592531466765,0.13257400465016914,0.06202830710923741,1570
0.8401486991638957,0.10697900757723457,0.026682351400334828,0.02618994185853498,1571
0.8734125205313336,0.0850214916496583,0.0200575221710142,0.021508465647993927,1572
0.8643333339643248,0.07546800774813543,0.028877891087384467,0.03132076720015527,1573
0.7442537122707819,0.17280395319597905,0.04628883764426112,0.03665349688897794,1574
0.8284368638305033,0.10781938235094703,0.029405797063347755,0.034337956755201966,1575
0.784320586107017,0.12364735527270998,0.0371030589666038,0.05492899965366929,1576
0.8113311844375873,0.13662028150222985,0.02542974090645034,0.026618793153732407,1577
0.8197894639376202,0.12432503306223364,0.02279654967075794,0.03308895332938821,1578
0.7960487365957709,0.1255092829265142,0.034550982485000305,0.04389099799271461,1579
0.8001007998806848,0.1424433353921369,0.03158380857511093,0.025872056152067453,1580
0.8378277737559122,0.09524354111625431,0.03172679715080319,0.035201887977030215,1581
0.8302822262878676,0.12141009895955311,0.021376455442491806,0.026931219310087393,1582
0.835731361763162,0.11424738842011539,0.02245029186754532,0.02757095794917725,1583
0.8335488591983259,0.11097011201174788,0.02852581140273624,0.026955217387189985,1584
0.8127675334045465,0.12166463649028636,0.030197213927424228,0.03537061617774285,1585
0.8352194142450508,0.11400883242080453,0.027741966979569446,0.023029786354575293,1586
0.8872398838910147,0.08028208916283071,0.018565105820969763,0.013912921125184859,1587
0.820252487764861,0.09972483872668357,0.04447865859456763,0.03554401491388769,1588
0.856185847887245,0.11368759482723254,0.013184318141573996,0.016942239143948313,1589
0.8247785443642528,0.12904804552471089,0.01846754736662278,0.027705862744413556,1590
0.8844059786934678,0.0775817687869942,0.02093927576874821,0.01707297675078988,1591
0.7788116522282196,0.15688859804478603,0.03222876418083317,0.032070985546161376,1592
0.8171800800355087,0.11108626281491495,0.030890217868039686,0.04084343928153669,1593
0.8615888876508415,0.0943045884011704,0.022260575545062326,0.021845948402925846,1594
0.8277604674946958,0.12498672553774495,0.028938814469460238,0.01831399249809913,1595
0.7792502689245531,0.1604599067405885,0.04141992184518573,0.018869902489672734,1596
0.824027653047345,0.10662758707527055,0.027511736660463824,0.041833023216920534,1597
0.8679213147544563,0.08175649390705879,0.021191758015270717,0.029130433323214154,1598
0.8190161491868707,0.10500054620655327,0.02896058750821457,0.04702271709836166,1599
0.8409475479637518,0.11294318284649228,0.019675638395175984,0.026433630794579957,1600
0.8697610040836654,0.09744106501023973,0.020471475334663328,0.012326455571431527,1601
0.8519413986546492,0.10814668653690875,0.023919912163357822,0.01599200264508433,1602
0.8383015361590845,0.11654933093503837,0.024684742728313985,0.02046439017756307,1603
0.8517921954784295,0.0994305273720164,0.024610658496780024,0.024166618652774086,1604
0.9347399911073103,0.0473986246395707,0.010434814103995846,0.007426570149123166,1605
0.8518517470683279,0.10862403787183307,0.024992739855034453,0.014531475204804736,1606
0.9167890336000241,0.0639093556825366,0.013283193363287742,0.006018417354151616,1607
0.9223354923891217,0.05947697107839789,0.010812495985677113,0.007375040546803326,1608
0.9024141719818374,0.07523717078631299,0.013627291585001021,0.008721365646848582,1609
0.885075904979866,0.08136813712282823,0.016758426494685293,0.01679753140262048,1610
0.8510931456528754,0.1097284421380769,0.025686240895089463,0.01349217131395831,1611
0.8348869244530879,0.12204667741865813,0.021982781444532053,0.02108361668372199,1612
0.889455391328626,0.0808891740135103,0.015059652589051243,0.014595782068812487,1613
0.9270400519739195,0.058071625860167606,0.009498208560839208,0.005390113605073713,1614
0.9370593329749008,0.047111722763285256,0.008807204919236986,0.007021739342576938,1615
0.9127848174114783,0.06554145128789463,0.013468943359123447,0.008204787941503616,1616
0.8971785369263495,0.07468758833687655,0.014819911188203121,0.013313963548570779,1617
0.9218889397635112,0.06007165436344393,0.010873143167249293,0.007166262705795773,1618
0.9092426384123807,0.06863429063777189,0.012153501541231642,0.009969569408615818,1619
0.910123630205446,0.07034461170966692,0.011999196626735235,0.007532561458151911,1620
0.8983425683942684,0.07390663345263354,0.020231567489987695,0.007519230663110266,1621
0.9469774979503331,0.04068612997740601,0.007796940968830562,0.004539431103430393,1622
0.9367437430147312,0.050474656381666996,0.007791916023984524,0.0049896845796172755,1623
0.9546493944702882,0.028631740850519997,0.008093824734464796,0.008625039944727044,1624
0.9086316092399962,0.06682648235461133,0.01133304217678473,0.013208866228607875,1625
0.8817758969220851,0.09418525641213138,0.01418523870553644,0.009853607960247117,1626
0.9061651990944122,0.07225691795215666,0.012428234265591536,0.00914964868783973,1627
0.8355282796811896,0.10956233757589773,0.02545901193341301,0.029450370809499662,1628
0.8849596968899047,0.07884376196280844,0.017527256856285034,0.018669284291001727,1629
0.8945838697304385,0.06723144921060546,0.01832389123621416,0.019860789822742007,1630
0.7807341628571481,0.1764111523048787,0.02432666669140778,0.018528018146565354,1631
0.8870572455799618,0.08621812588369976,0.013915677106017696,0.012808951430320762,1632
0.8856483954932161,0.09300444808936002,0.014234792876455052,0.007112363540968765,1633
0.8432682570148026,0.12108378017881788,0.020519936693579495,0.015128026112800159,1634
0.806789443226531,0.15388905404424955,0.022025042963381092,0.01729645976583852,1635
0.7677736826029152,0.19022194761207437,0.025895567016881588,0.01610880276812874,1636
0.7125604374184346,0.2088555825763103,0.043206389148734495,0.0353775908565207,1637
0.6342116416425885,0.19558486798672947,0.08778977314934018,0.08241371722134185,1638
0.67183553541185,0.24208311389443699,0.056593034812796345,0.029488315880916657,1639
0.7325992412984735,0.19600267344013889,0.03788089080629354,0.03351719445509399,1640
0.7355570816708483,0.17895936178096228,0.05003046640404234,0.03545309014414706,1641
0.7068411426555926,0.1994653800569175,0.05869114204371564,0.03500233524377416,1642
0.6786932494687009,0.243157527294263,0.04355502862004801,0.03459419461698805,1643
0.7241116494174805,0.20772386827019762,0.04271248361426761,0.02545199869805441,1644
0.7473813745162636,0.15913806900446717,0.05725929498106925,0.03622126149819989,1645
0.7009503849229524,0.212597250856568,0.05586567417137903,0.03058669004910068,1646
0.7069559621019247,0.17711310484520126,0.06173969135615075,0.05419124169672326,1647
0.7493929296082568,0.16677552931530237,0.05215380521152136,0.031677735864919565,1648
0.8537654438695822,0.10024990147629206,0.028920018247085323,0.01706463640704049,1649
0.771684409551804,0.15452618805503904,0.040525907206915,0.033263495186242026,1650
0.7106309613817041,0.20917953887090512,0.046464933344185215,0.03372456640320571,1651
0.6797144141434208,0.2129720588041849,0.06883372004494658,0.03847980700744772,1652
0.7249283947191312,0.18663998974727025,0.05037274060104174,0.0380588749325567,1653
0.7759779725641707,0.15120478789633635,0.04236769706729157,0.030449542472201427,1654
0.7980358101481224,0.13132427467283744,0.044824060562810415,0.02581585461622967,1655
0.6631644220247882,0.2143760694584692,0.07588216709641783,0.046577341420324755,1656
0.6566556414238195,0.21611369949544443,0.08555401908580051,0.04167663999493551,1657
0.6605070859404939,0.16571199204360682,0.07171767799415633,0.10206324402174284,1658
0.7099175394991787,0.19363027720643458,0.061216645719073294,0.035235537575313426,1659
0.6723083305606283,0.22273931519860915,0.057192814036597706,0.0477595402041649,1660
0.6209290885983437,0.28113193538545145,0.05079339018942564,0.047145585826779364,1661
0.7260672507506816,0.1735075984239926,0.06154472761541867,0.038880423209907124,1662
0.6248568317337063,0.24474342951189976,0.07718745764149736,0.05321228111289672,1663
0.6299560078608873,0.26345655183939853,0.05981171007274456,0.04677573022696958,1664
0.5841054138685833,0.292183974702536,0.08224738797492584,0.04146322345395494,1665
0.6388022685649535,0.2683803612564962,0.05466107862748996,0.03815629155106044,1666
0.8797754803843868,0.0830861101815834,0.02075862237808853,0.016379787055941338,1667
0.666857614367254,0.2040882634034047,0.07312088670035245,0.05593323552898893,1668
0.6974033085137977,0.16461536076069333,0.09101226137820483,0.04696906934730403,1669
0.640149706884468,0.24112844708964132,0.07060394950622736,0.0481178965196633,1670
0.7981799593826273,0.11297044707386852,0.05535103256807775,0.03349856097542632,1671
0.7421444732385162,0.1051076425010404,0.05392516804937081,0.09882271621107275,1672
0.43876185412387136,0.3171276833256884,0.11177836452495861,0.1323320980254816,1673
0.6680464194981708,0.21195662941498664,0.05284797409562935,0.06714897699121315,1674
0.6663434798098402,0.22306615639085878,0.04902419459898734,0.061566169200313776,1675
0.6836234250006658,0.2222819775683079,0.05567858224279796,0.03841601518822858,1676
0.6494237769011614,0.2421529079815658,0.06614770182866392,0.04227561328860897,1677
0.6340698019946751,0.22549407153852324,0.07728139461173934,0.06315473185506229,1678
0.5066953433421406,0.3339132860397496,0.10234055793005904,0.05705081268805082,1679
0.8386275700986648,0.09679517885138901,0.03570989899890784,0.02886735205103837,1680
0.6269614113886326,0.25080731253423966,0.057171899190740734,0.06505937688638692,1681
0.5923469172233697,0.3056194461877491,0.05485072185017376,0.04718291473870744,1682
0.752375395447673,0.16992484770748587,0.03706376528684932,0.040635991557991885,1683
0.7023952147183194,0.20103206417814418,0.04268804695516027,0.05388467414837599,1684
0.6777182678982674,0.24798350038900469,0.04560397385831841,0.028694257854409606,1685
0.608573762676959,0.22597792680715145,0.09351961505503172,0.0719286954608579,1686
0.9119684045778689,0.03893239885968575,0.01834175582823674,0.03075744073420877,1687
0.948169981752616,0.01947443729727081,0.009425782921746948,0.022929798028366217,1688
0.7758892739959188,0.1193362575932939,0.07902519400175896,0.02574927440902834,1689
0.33228313584442265,0.4004680714172153,0.2192558989770021,0.047992893761359935,1690
0.8099960134011206,0.07664825470979741,0.06799014837524035,0.04536558351384167,1691
0.8726153148878213,0.0681506279367447,0.030891758770273937,0.02834229840516003,1692
0.9257882427154914,0.03934730557782705,0.013202052112873874,0.02166239959380764,1693
0.9341442889841453,0.049797913360639184,0.008502469182544662,0.007555328472671041,1694
0.8966634155242982,0.0793009324424732,0.012916714078578926,0.011118937954649653,1695
0.7116272922863421,0.1921376909010685,0.07254202073536191,0.02369299607722748,1696
0.6198520175048935,0.20091608092936467,0.14336933340752614,0.03586256815821559,1697
0.43762146375480654,0.3617837516666309,0.16055398033060794,0.040040804247954635,1698
0.534099941283894,0.18587527386353556,0.22644577983546635,0.05357900501710412,1699
0.34778640967364727,0.3235974990663988,0.27553439141300573,0.05308169984694831,1700
0.4029749119672033,0.3886015510453874,0.16667215708045321,0.04175137990695606,1701
0.39252478645769234,0.34271218314454965,0.20266178840633978,0.062101241991418255,1702
0.8218143469811144,0.06644200757600427,0.0374442081735662,0.07429943726931508,1703
0.4023109049516883,0.30177964067541585,0.19452019730402018,0.10138925706887572,1704
0.5109272138442659,0.25220760389543995,0.1191299717404015,0.11773521051989248,1705
0.5388569598348092,0.2026103353856084,0.14376429735305649,0.11476840742652607,1706
0.693682024215842,0.14988038053778843,0.07642322308422295,0.08001437216214652,1707
0.9653972978325333,0.01976009336659795,0.0042881727213732,0.010554436079495536,1708
0.8695806855209828,0.061291584038285024,0.035882263667926274,0.0332454667728059,1709
0.8391126476937245,0.0718470295548583,0.030331390871488118,0.058708931879929184,1710
0.9136283884794806,0.045220663492227295,0.01752188947758082,0.023629058550711367,1711
0.935179536423244,0.04619031311335983,0.005945669536329429,0.012684480927066751,1712
0.8851136898563676,0.05133648243856027,0.025842824659216296,0.037707003045855794,1713
0.9441639097787292,0.03579091762448245,0.007621137050391625,0.01242403554639666,1714
0.930855046237683,0.045495760907846114,0.010905500755815006,0.012743692098655907,1715
0.9458718240573615,0.03688275708564991,0.010028025991223197,0.007217392865765466,1716
0.570748541638019,0.17650635940540124,0.1808706818546194,0.07187441710196042,1717
0.5264153849550512,0.246111048618709,0.15274532543425676,0.0747282409919831,1718
0.8525039208896574,0.09150536661630752,0.036607486397214374,0.019383226096820732,1719
0.915538156659667,0.06406715130512637,0.010309301554868866,0.010085390480337799,1720
0.9416812255469963,0.047422193764037834,0.006137804138161097,0.004758776550804943,1721
0.9528866051223481,0.026327721837556734,0.011745499989718886,0.009040173050376403,1722
0.9418716567100776,0.04102338794130299,0.005771102082668608,0.011333853265950825,1723
0.938279276355851,0.04043185160233429,0.00879917479937707,0.012489697242437583,1724
0.8898379545696392,0.06939177474014119,0.02806906932227354,0.012701201367946096,1725
0.8528149717332094,0.08043791340060988,0.046654667970688644,0.02009244689549192,1726
0.897496206329238,0.0745486515793157,0.019053030338632516,0.00890211175281374,1727
0.7084721632300542,0.10191864266864648,0.1532936288643011,0.036315565236998255,1728
0.4316383339849037,0.33387758554278285,0.1693653703845294,0.06511871008778405,1729
0.8260403494772214,0.10152804858337912,0.051213933449674245,0.021217668489725307,1730
0.9593562780679814,0.023989669109853024,0.005996771454888098,0.010657281367277326,1731
0.9152405684050712,0.06548377440890714,0.007958454600113914,0.011317202585907809,1732
0.8944540943377925,0.08135657442160811,0.009807168084337235,0.014382163156262078,1733
0.8965969188522217,0.08199125642119866,0.011721736177013909,0.009690088549565724,1734
0.5960464865106889,0.2489604043624455,0.1135821035817715,0.041411005545094026,1735
0.5108272259506966,0.27594167359117033,0.16869741924049692,0.044533681217636095,1736
0.5936739106452869,0.21934612179278454,0.1285690889631642,0.058410878598764364,1737
0.615015465566016,0.2137578523925877,0.11141331708640775,0.05981336495498853,1738
0.7445157058714157,0.1652350893396324,0.0458421915415127,0.04440701324743922,1739
0.8129981206964462,0.08400369548885511,0.060773413811413705,0.04222477000328492,1740
0.8291568135826803,0.09085127492250411,0.04876056671892668,0.03123134477588886,1741
0.9088831354271121,0.039850879169959386,0.024326446636583784,0.02693953876634476,1742
0.5265004960275143,0.33150377316721946,0.10289232927354472,0.03910340153172175,1743
0.45314022993796,0.35141823464350835,0.15660365691146466,0.03883787850706696,1744
0.5240415827152773,0.2869377550543953,0.1523489893305431,0.036671672899784284,1745
0.710821476433361,0.17389818978914434,0.08466305848893382,0.030617275288560935,1746
0.6549666667395818,0.19226203663186042,0.11473005272256823,0.038041243905989605,1747
0.924544494273096,0.051846067152407534,0.013073538897507533,0.010535899676988938,1748
0.8443628402468534,0.07282311560201706,0.05393677725960759,0.028877266891522094,1749
0.8704715280112326,0.07069820564697836,0.031611512504235544,0.027218753837553507,1750
0.4928790103243589,0.23502197951963874,0.17212974302813314,0.09996926712786938,1751
0.931757455406085,0.03455073537280084,0.015431859318509988,0.018259949902604256,1752
0.8066287251616415,0.08405468923544937,0.07845263195400669,0.030863953648902407,1753
0.711324519844364,0.14734392692194323,0.08669989263484139,0.05463166059885155,1754
0.7313248332025138,0.10693845024281318,0.11115317274974137,0.05058354380493163,1755
0.884504343316027,0.06464824004776977,0.01737269119964723,0.03347472543655584,1756
0.9150383954707824,0.048538807751694044,0.011376130357997002,0.025046666419526444,1757
0.9459731156271429,0.035457792164868496,0.006824691306746724,0.01174440090124179,1758
0.9420392094992309,0.039309412273170675,0.006518297575863662,0.012133080651734721,1759
0.8993403395204533,0.06228499064528475,0.014170430706417573,0.024204239127844362,1760
0.8755701896335666,0.09097473713714407,0.010794230594605108,0.022660842634684254,1761
0.8980921528878764,0.07740609647903428,0.009652408351977866,0.014849342281111438,1762
0.9052414820636521,0.06568725378535674,0.00987750074153853,0.019193763409452676,1763
0.9295771848230523,0.04451980268319004,0.009274455060466104,0.016628557433291676,1764
0.8522618755190695,0.09610449617596106,0.020467805818064892,0.03116582248690452,1765
0.9090734565459205,0.0616751692337906,0.008823031087469353,0.020428343132819514,1766
0.9316207947662157,0.046817635567419955,0.007607793754047592,0.01395377591231678,1767
0.9229985770322728,0.04533518201118865,0.011780435386347151,0.01988580557019139,1768
0.8899515414548109,0.06931003492979199,0.022692533972565397,0.018045889642831662,1769
0.8654089241393664,0.08442841895689097,0.01415059386571818,0.03601206303802441,1770
0.7948751947327559,0.14055484866902754,0.03890083062617868,0.025669125972037805,1771
0.8580235374958569,0.10043816003406975,0.019530146989692018,0.022008155480381462,1772
0.8715964787726115,0.10009433849803687,0.013351071334061304,0.014958111395290269,1773
0.8676017038508664,0.08027618257429817,0.018771055544730488,0.03335105803010478,1774
0.9412603192609473,0.042698606279242095,0.007088819575753343,0.008952254884057147,1775
0.9004173832757645,0.07797927468795761,0.011865199929328425,0.009738142106949586,1776
0.9435863395037576,0.03772229729830128,0.005836306789757477,0.012855056408183737,1777
0.9334849594633722,0.03344384500301599,0.010386934225218055,0.02268426130839377,1778
0.8589190043126722,0.07771425944210593,0.01935368841813808,0.04401304782708388,1779
0.8947078505511791,0.0740567143880687,0.012873530606993757,0.018361904453758363,1780
0.8153691694541694,0.11511302986819391,0.022716573342823315,0.04680122733481335,1781
0.8617523432169975,0.07414532774882855,0.01832188742931761,0.04578044160485639,1782
0.8928862463337007,0.06520986501601353,0.014232423061278492,0.027671465589007176,1783
0.8866133284117504,0.07558697503803713,0.010757322369921905,0.02704237418029047,1784
0.8739778207291852,0.07464295323394272,0.018098209770793336,0.0332810162660787,1785
0.8939294135800085,0.057523313304538824,0.014348936648578654,0.03419833646687398,1786
0.8285962394071996,0.11549402238065548,0.018966342611314295,0.036943395600830625,1787
0.891868092871274,0.07448445709065911,0.014553830602336356,0.019093619435730607,1788
0.8475988842930567,0.09380725788409008,0.02175894099811185,0.03683491682474133,1789
0.8762063157446929,0.07151973764620916,0.01701650539887576,0.03525744121022225,1790
0.8797561535565708,0.0882819622992704,0.012773193916211335,0.019188690227947558,1791
0.8963696666928486,0.06730611385125745,0.013181122154038348,0.02314309730185552,1792
0.9024895274586578,0.06155790367919347,0.01100109706454953,0.024951471797599215,1793
0.9077040318884458,0.05351446455323452,0.011750413756243012,0.02703108980207653,1794
0.927971106673124,0.04549465759805803,0.010228258159421372,0.016305977569396626,1795
0.8732327128314439,0.06228062802635645,0.01827755411614956,0.04620910502605002,1796
0.9340702489181429,0.04005333132296043,0.009132528790784168,0.016743890968112442,1797
0.8858563585836347,0.07724950777170607,0.012402404731036473,0.024491728913622796,1798
0.8613570638628746,0.06937142501517389,0.01834260571737794,0.050928905404573545,1799
0.8220054323729656,0.13270031229103443,0.013752187947254626,0.03154206738874526,1800
0.8786997877183144,0.0785646176624199,0.013583710118871693,0.02915188450039416,1801
0.8507023873731773,0.0939199444615058,0.01725571941895881,0.03812194874635825,1802
0.8379514312246203,0.099499433956274,0.019709348926845026,0.04283978589226059,1803
0.87224726957029,0.08269604153034675,0.016046672411243343,0.0290100164881199,1804
0.8805994689996043,0.07937938226933573,0.014582891524771513,0.02543825720628844,1805
0.8881276426048296,0.06609908348118583,0.013347022909095365,0.03242625100488924,1806
0.9109813740061438,0.0458087662842604,0.013164345054802606,0.030045514654793277,1807
0.8432675261031018,0.09743757138763241,0.018485477950864863,0.0408094245584009,1808
0.8299212320032126,0.09483100052162036,0.025840144815029314,0.04940762266013758,1809
0.9168045961893437,0.05528568988361013,0.009893078142910563,0.01801663578413544,1810
0.9087856370839865,0.06093433080092236,0.011641866121599596,0.018638165993491492,1811
0.9082909304244475,0.056022670360085416,0.011487449656848215,0.02419894955861888,1812
0.8771377834052837,0.07447699078489418,0.01614458939453777,0.03224063641528421,1813
0.8585845372732267,0.08626089189858552,0.01845300127582319,0.03670156955236457,1814
0.8756705958201066,0.0722523745467225,0.01574427243085264,0.03633275720231825,1815
0.8840693253756386,0.06911821433157446,0.014659764175749468,0.03215269611703758,1816
0.8970882509069615,0.06135442167316096,0.014317219310105492,0.02724010810977192,1817
0.8820451297127314,0.07394277191530693,0.014313938674269307,0.029698159697692367,1818
0.7767270480191146,0.10894718278224468,0.028679701394409455,0.08564606780423112,1819
0.8431504633738114,0.08145949559212468,0.01832376075213768,0.057066280281926327,1820
0.8934136110266764,0.0686862256313386,0.013651558228733741,0.024248605113251383,1821
0.8660778589114894,0.08518183986604003,0.014108793233169778,0.034631507989300925,1822
0.9047774161086524,0.051171999830705306,0.010428026881111871,0.03362255717953045,1823
0.9026255984939446,0.052998975003929034,0.016144802328654808,0.028230624173471643,1824
0.881987716542791,0.07424234754637708,0.013664199296142127,0.03010573661468986,1825
0.8964833890211489,0.061024907141718106,0.016435095823923454,0.026056608013209574,1826
0.8887087576293127,0.07069676818185766,0.013694627346974929,0.026899846841854626,1827
0.9024104507924722,0.04762343990325647,0.009643426087232272,0.04032268321703908,1828
0.9047714299359173,0.051108982980070154,0.011792644948923148,0.032326942135089444,1829
0.8798836140582756,0.0904773906324108,0.010580689992542304,0.01905830531677111,1830
0.9085281623108076,0.05521920511946506,0.013392313537459993,0.022860319032267488,1831
0.9391111590509431,0.0391389859934778,0.007700908831597506,0.014048946123981575,1832
0.8412749458968054,0.11477011644698318,0.01736336135910994,0.02659157629710146,1833
0.9138079112481697,0.05688740652470518,0.010725871876626105,0.01857881035049903,1834
0.9061563434889418,0.0644936649666862,0.011307374398611047,0.01804261714576092,1835
0.8595415166661688,0.08747543303129965,0.018460597546960375,0.03452245275557124,1836
0.8862775568547253,0.07813959820214399,0.014063118223300967,0.021519726719829723,1837
0.9056387198524202,0.061661153638032214,0.012029955142151518,0.020670171367396382,1838
0.8607395082830044,0.09620089942742434,0.01392351522291173,0.029136077066659546,1839
0.867403292122113,0.07138176049426972,0.019614412823912606,0.04160053455970459,1840
0.9277881113151649,0.058582083694555386,0.006413214254247566,0.007216590736032095,1841
0.922755561591948,0.05340261336069142,0.008321180200546736,0.015520644846813677,1842
0.9256699153539834,0.04711144756048432,0.01070058553536623,0.01651805155016609,1843
0.9150470615457195,0.061057128311281864,0.009106610811278974,0.014789199331719637,1844
0.8143892298030903,0.12826034524721527,0.02300483200696043,0.03434559294273407,1845
0.9252698292255381,0.05160660017883183,0.007641213819388412,0.01548235677624152,1846
0.8616933070805739,0.09466054822831792,0.017643636083733205,0.026002508607374915,1847
0.8957842956995565,0.06513377851374509,0.013339887534095273,0.025742038252603076,1848
0.9061664277761537,0.05303590374566616,0.013220186005314726,0.02757748247286545,1849
0.8873248072594075,0.06853148096313365,0.014532331824224648,0.02961137995323415,1850
0.8596827984147998,0.07588218229464246,0.017247340303758383,0.047187678986799486,1851
0.8652919959752549,0.07910240808922601,0.021465011280785234,0.03414058465473382,1852
0.8901902207133111,0.06871255972046067,0.01863406952987388,0.022463150036354324,1853
0.8498164377363439,0.07905174822873513,0.024917073736430914,0.04621474029849005,1854
0.8290672410698343,0.09316210199137127,0.017860600434624806,0.05991005650416972,1855
0.8898905665215018,0.06268447953231074,0.014689877476491999,0.0327350764696954,1856
0.8793499106998661,0.07087767813710363,0.01569742016251583,0.03407499100051431,1857
0.8849312973879137,0.06152743882603431,0.017323820144168247,0.03621744364188381,1858
0.8636342694100199,0.09662169325170564,0.01381908884827149,0.02592494849000308,1859
0.9032752868658408,0.05884745426744588,0.011308390312157192,0.026568868554556126,1860
0.8513605718314334,0.08339852506927792,0.018796301188244834,0.046444601911043895,1861
0.8937894026019089,0.06497627165785413,0.018343314175734367,0.022891011564502545,1862
0.9128345248982653,0.059873259855183936,0.008860548598048194,0.018431666648502567,1863
0.8847917762204723,0.07593713416175997,0.014244370329657958,0.02502671928810977,1864
0.8891685813098141,0.074411738011684,0.014189676060800899,0.022230004617701006,1865
0.876462412679024,0.07511420120558804,0.014630720954467118,0.03379266516092084,1866
0.8776754232669068,0.08147796614177077,0.01567183450815966,0.025174776083162726,1867
0.9347851322383662,0.03927514992751844,0.009918257326764055,0.01602146050735129,1868
0.9048170266097804,0.06151206214183903,0.013497336735832623,0.020173574512548077,1869
0.8825695510830577,0.07454036650438123,0.015089028626071765,0.027801053786489328,1870
0.9022260481130531,0.061995468503238366,0.011410316741415483,0.024368166642292893,1871
0.8382131639679689,0.0953552195767147,0.020379182715578776,0.04605243373973776,1872
0.871079898367629,0.08295747909833019,0.013348289780384008,0.03261433275365679,1873
0.7892802318354676,0.11281557237821589,0.02837210255940603,0.06953209322691059,1874
0.9052705304925355,0.059406050716260796,0.01330608942112034,0.02201732937008343,1875
0.8358937196272612,0.07968655166290976,0.025878148716522827,0.05854157999330632,1876
0.882332524292405,0.07971509226181668,0.012723136155961684,0.025229247289816646,1877
0.8527506721684719,0.08151997751687898,0.019348176599498036,0.04638117371515102,1878
0.9139258964189502,0.049517540836768154,0.013386943840085496,0.023169618904196117,1879
0.8484420076363626,0.0771781646201972,0.02054214600139151,0.053837681742048754,1880
0.8589406853320606,0.08086167045965255,0.015926128750792915,0.044271515457494096,1881
0.8558382182759035,0.07792291151296855,0.020419316971799686,0.045819553239328285,1882
0.8514054762383931,0.07565149108932782,0.02607579723315896,0.046867235439119984,1883
0.8953816822108056,0.05710018218183253,0.012970654343185272,0.03454748126417674,1884
0.8334482680268581,0.09172338989311148,0.019605880249392707,0.05522246183063768,1885
0.8719346035545296,0.06818004844150342,0.01999245323142266,0.039892894772544374,1886
0.8479351207354235,0.08378443828061424,0.020014348970803415,0.04826609201315892,1887
0.888440123781454,0.06793851710068932,0.014954753406865397,0.02866660571099145,1888
0.7636886131404667,0.16419729602435337,0.025705030487065527,0.04640906034811451,1889
0.8662181481005281,0.07882809577670682,0.018685071755136225,0.036268684367628784,1890
0.9212408140429104,0.04803249205842503,0.009681280128061773,0.021045413770602806,1891
0.8975511803002633,0.0681197529800926,0.012222905850095373,0.02210616086954871,1892
0.8685556794675917,0.06283354248193933,0.021081969414785517,0.047528808635683505,1893
0.8471818646564215,0.0942108576419428,0.01836890531429321,0.04023837238734249,1894
0.8943065470983992,0.05264789279535066,0.017340580195607514,0.03570497991064252,1895
0.8509544056409305,0.0806960418856507,0.023743420464693358,0.04460613200872531,1896
0.897248102060644,0.05701197364670953,0.014782225894354583,0.030957698398291742,1897
0.8647430550056086,0.07749063878897716,0.020843898010269868,0.03692240819514449,1898
0.8679336576953175,0.08894320261780973,0.016102656397805535,0.027020483289067254,1899
0.9296662149727235,0.04839053097142962,0.007245947926887071,0.014697306128959801,1900
0.8747503888720689,0.08487047287504931,0.01763126423638971,0.02274787401649215,1901
0.9341407536199645,0.039405434643879064,0.009774666377472924,0.01667914535868353,1902
0.880295913395891,0.0706841596534342,0.015495566147315983,0.033524360803358876,1903
0.8996221336387821,0.06458845402249662,0.012741265962973425,0.023048146375747883,1904
0.9080362371137503,0.05360784536842178,0.012117228632359622,0.02623868888546832,1905
0.904729782434373,0.04780468691076428,0.013758500215655015,0.033707030439207704,1906
0.884122430736415,0.06517862288247146,0.014357997922832938,0.03634094845828068,1907
0.8633704534995583,0.07377356261297113,0.018345632281910107,0.04451035160556029,1908
0.8927926982926915,0.0640949982781672,0.013796849354008297,0.029315454075133012,1909
0.8769273953993436,0.08227392275372011,0.016258556921309734,0.024540124925626433,1910
0.9078651483211381,0.06399488765090006,0.010506840825022746,0.017633123202939124,1911
0.9156253449559093,0.05512953123720717,0.009708961952058021,0.01953616185482541,1912
0.7918205833630858,0.09241547133562303,0.028687312624026687,0.08707663267726454,1913
0.8698994310208008,0.07158136818499185,0.019099291411395148,0.03941990938281208,1914
0.8710653972445896,0.07792375571608406,0.014738431447141353,0.03627241559218506,1915
0.8827714255616806,0.07191897056229524,0.015082916270688525,0.030226687605335464,1916
0.8650494764370951,0.0783349034045721,0.020923878575379164,0.03569174158295357,1917
0.8987011940922359,0.06041754122910182,0.015968746613279072,0.02491251806538314,1918
0.8844435047717821,0.06689626163543907,0.015560471153136288,0.033099762439642445,1919
0.8856897452176423,0.061310184178870644,0.01445359111825362,0.038546479485233515,1920
0.9125568652266236,0.04891555663791676,0.012171570649636537,0.026356007485822994,1921
0.8831817073451296,0.06640009727546088,0.012622670477410303,0.037795524901999354,1922
0.8660414041497432,0.07093167085672258,0.022689517562045573,0.04033740743148881,1923
0.7688205882184999,0.1306472593651289,0.025662967287390898,0.0748691851289804,1924
0.897775852715349,0.0464167700373468,0.014296982727875468,0.04151039451942887,1925
0.7862210657457118,0.1163504505764125,0.024483462784476766,0.07294502089339885,1926
0.904673854722718,0.05404295223202782,0.010081206802900377,0.031201986242353968,1927
0.9076621941012765,0.055882486386110986,0.011934172370511899,0.024521147142100543,1928
0.7980808725404829,0.10496928681280467,0.02368402897775147,0.07326581166896098,1929
0.8859898838339071,0.05439911160094116,0.013058280467076014,0.0465527240980758,1930
0.9002834838802551,0.05697982463529591,0.014367955079205953,0.028368736405242907,1931
0.8647035765810707,0.06692289836035897,0.023371963783901724,0.04500156127466864,1932
0.8573283307897377,0.08856131080039799,0.017624520691292323,0.03648583771857197,1933
0.8217271898625981,0.08775661309417264,0.023409207513271316,0.06710698952995814,1934
0.8968773934465468,0.061302030961168645,0.013134309828412152,0.02868626576387239,1935
0.8127958292975134,0.06991950819938463,0.02726052384154139,0.09002413866156063,1936
0.8666537914560389,0.06128542441980343,0.01835453667549447,0.053706247448663286,1937
0.8229286476134912,0.08241206977576511,0.020385836672354777,0.07427344593838879,1938
0.8607990812611563,0.08597289959857739,0.013592523067699704,0.03963549607256649,1939
0.9186309969532306,0.046673743079048084,0.013302406333524112,0.02139285363419731,1940
0.889407179897766,0.06418227533643076,0.01736935951458065,0.029041185251222665,1941
0.8816682341920822,0.0760795392781215,0.011132690316229214,0.03111953621356716,1942
0.8742788589426254,0.06911364110503336,0.019347681468471593,0.037259818483869625,1943
0.8266779582315447,0.1013555698142403,0.022094161843808604,0.049872310110406284,1944
0.8732064660636792,0.0827054031402772,0.013085281859052476,0.031002848936991075,1945
0.8756277319404864,0.07622243551748366,0.015859994737519513,0.03228983780451038,1946
0.877816736798644,0.0721978339547172,0.017321999202624713,0.03266343004401422,1947
0.8453061851893542,0.08509935667208092,0.021492525387231547,0.04810193275133327,1948
0.8952511787712326,0.06624853950966743,0.013031614347610796,0.025468667371489125,1949
0.8952280849127877,0.05323923830048442,0.014787627627382113,0.03674504915934572,1950
0.8776190656378743,0.054643913680013624,0.018806568551665185,0.04893045213044694,1951
0.9172256844928066,0.04625619903623887,0.012204593819141683,0.02431352265181289,1952
0.898564121726552,0.06002047778295305,0.014221985121205349,0.027193415369289632,1953
0.8883124644021279,0.06700235219523583,0.015194569373630484,0.02949061402900583,1954
0.8814932914487146,0.0679977946035432,0.016899026580547465,0.03360988736719477,1955
0.8734495434747683,0.07777516014172547,0.014384156059351939,0.034391140324154246,1956
0.8309759622410129,0.09948667176732874,0.017198891026523503,0.052338474965134774,1957
0.8259459174697016,0.11383338826155796,0.023371834078706466,0.03684886019003409,1958
0.9256627311883042,0.046161440100705546,0.01040933157398784,0.017766497137002325,1959
0.8806197081130954,0.07728903954263515,0.01619551440241603,0.02589573794185326,1960
0.8580485750502869,0.0909992863688383,0.016126287969909687,0.03482585061096514,1961
0.8785734429031812,0.07715460643282608,0.01591942155052135,0.028352529113471293,1962
0.8673042594068421,0.08395491642396975,0.013818010257002512,0.03492281391218584,1963
0.8526238596883464,0.0988896898518271,0.01682947130708568,0.031656979152740725,1964
0.877197373698442,0.06851783565953963,0.01781785222591621,0.03646693841610213,1965
0.7975023456854078,0.11751085680583848,0.02615487434819202,0.05883192316056181,1966
0.8930480192803891,0.0654763093921548,0.012966977524483106,0.02850869380297294,1967
0.8665805238737655,0.05918836644114457,0.018129797776813644,0.05610131190827627,1968
0.8772479481226695,0.07104886280200537,0.014759669864721296,0.03694351921060396,1969
0.7056529638759748,0.16981611845149394,0.03744325893084899,0.08708765874168217,1970
0.8359480919318505,0.0895612377756891,0.020888028337691107,0.05360264195476922,1971
0.859131703570252,0.08926912694163713,0.014554884613203617,0.03704428487490708,1972
0.8226892302182574,0.0896288644465651,0.025299547282295557,0.06238235805288195,1973
0.8099722946905092,0.11103609859402498,0.031891412375097176,0.047100194340368634,1974
0.8958565471697848,0.07150889774574186,0.011043876204110927,0.02159067888036243,1975
0.7692439109436545,0.13196385279627812,0.033009292065164474,0.06578294419490295,1976
0.8207787036638843,0.09277338684010872,0.027366259936857384,0.05908164955914968,1977
0.8493773531031904,0.08439723254273097,0.021620147387922714,0.04460526696615597,1978
0.8934982182757866,0.05946406385053022,0.01673339872615193,0.030304319147531154,1979
0.8603631988616757,0.08187649689403184,0.020335347080043812,0.03742495716424859,1980
0.8492237853218254,0.06741814017969602,0.026979008696928857,0.056379065801549624,1981
0.8702738024246421,0.07503591022919284,0.01944467406029376,0.03524561328587146,1982
0.8985616856980188,0.05217440445435888,0.014276609294890786,0.03498730055273141,1983
0.8779098047336282,0.07188286388622925,0.017348486537734884,0.03285884484240765,1984
0.8828277366487568,0.07399428850582543,0.016215821318639256,0.026962153526778415,1985
0.9010084300186898,0.06293080372278939,0.010139081978168804,0.02592168428035197,1986
0.8409733591726177,0.11174727901330637,0.015146527904284397,0.032132833909791554,1987
0.8200427477454282,0.11685358727803807,0.021557125271392353,0.041546539705141515,1988
0.8588786250513765,0.08213760905901073,0.017542720367633095,0.04144104552197976,1989
0.8054312514601644,0.09153642008144947,0.0341274060733155,0.06890492238507072,1990
0.8534837572692857,0.06829838430819211,0.018155147840490903,0.06006271058203111,1991
0.8955855811545252,0.06358595064183775,0.01371946255185393,0.027109005651783036,1992
0.8930395010691314,0.07135584243594173,0.012320194234605925,0.02328446226032095,1993
0.8794486748139236,0.05732495274892098,0.016584668011501297,0.046641704425653976,1994
0.8983254373838533,0.06307862256685245,0.013737857493932975,0.024858082555361403,1995
0.8486334470764524,0.10000783605348484,0.015323363799035285,0.03603535307102757,1996
0.8885816606666566,0.06446525748925583,0.014652462981077556,0.03230061886301003,1997
0.8619794924410772,0.08230861920464597,0.018295253815672194,0.03741663453860454,1998
0.8683454655924732,0.08522525953713037,0.013464701003460535,0.032964573866936145,1999
0.8944367074575953,0.06771009281348303,0.013593131844943235,0.024260067883978522,2000
0.9227092022956865,0.05303058513098744,0.010591129584650364,0.013669082988675575,2001
0.8902531664298885,0.07025377569705407,0.012730018446367645,0.026763039426689717,2002
0.8594580281918396,0.10285589700031392,0.01490775860035712,0.02277831620748916,2003
0.8912962771807059,0.0677440289855324,0.01562200104450378,0.025337692789257824,2004
0.8879972230069628,0.05863423697950366,0.01726562485730569,0.036102915156227905,2005
0.8657745044787718,0.08103613766402468,0.01868230016610491,0.0345070576910988,2006
0.8793548897509931,0.06987759333703171,0.017519350115095426,0.033248166796879766,2007
0.8510644045977712,0.08545870645908503,0.02168859728899785,0.041788291654145944,2008
0.8280262855083865,0.09810367835479664,0.021221672841199673,0.052648363295617125,2009
0.8389938859134431,0.10164236307120027,0.022539572127292,0.036824178888064475,2010
0.8871062693873942,0.068435339839857,0.015597064521355054,0.028861326251393586,2011
0.8388339023111319,0.09320069328593603,0.02018484522151849,0.047780559181413634,2012
0.8920510379500746,0.05843224316678814,0.014233419896887638,0.035283298986249746,2013
0.8655539769621756,0.07984058760306235,0.018758885259907012,0.03584655017485497,2014
0.8379997124754444,0.11686246582347462,0.018194070370176927,0.02694375133090418,2015
0.8347434447513163,0.11318274664269153,0.019383572881323752,0.03269023572466834,2016
0.8940714042663575,0.05616553744226942,0.016370703887271718,0.033392354404101605,2017
0.8595698905569298,0.07415490563334445,0.019744758853387247,0.04653044495633847,2018
0.8459575847959223,0.082711659689493,0.023587149953827498,0.04774360556075699,2019
0.8683309803935761,0.06814769026974629,0.020810510119706617,0.042710819216971015,2020
0.852461430976667,0.0876290714513764,0.019303074921659776,0.0406064226502967,2021
0.8816838346847383,0.06871165863962238,0.017705208668611302,0.03189929800702809,2022
0.8668939250120558,0.0657738423381129,0.02557284605406215,0.04175938659576916,2023
0.8552068202784023,0.09059326217763355,0.018207783628878937,0.03599213391508517,2024
0.8467006276284339,0.08466155814374071,0.018066482005219996,0.050571332222605306,2025
0.8584761042497288,0.08197457478375803,0.019066446099194903,0.040482874867318344,2026
0.8156518922267822,0.09481084127034085,0.02503928518418618,0.06449798131869085,2027
0.8762127905718651,0.05969428477847947,0.015169810143743478,0.04892311450591199,2028
0.8523156406297436,0.07768352798181187,0.017731486556444617,0.052269344831999826,2029
0.8936046907392147,0.06410284075268075,0.015360859543123495,0.02693160896498093,2030
0.858536177850607,0.09454880621284548,0.017198247484456544,0.029716768452090984,2031
0.8697209754189087,0.08837483391875031,0.01514013875914394,0.026764051903197132,2032
0.8384397738599071,0.10882579209088632,0.019163069825152795,0.03357136422405387,2033
0.8780335541569668,0.08157525645775889,0.014708692413058977,0.025682496972215193,2034
0.8583464822516607,0.0834969880146808,0.017578251065270417,0.04057827866838817,2035
0.8844539500645582,0.07395943031091462,0.0149750643517997,0.02661155527272747,2036
0.8641521198200293,0.08605005422253992,0.019220761845681292,0.030577064111749572,2037
0.8999736345363303,0.06773102405039075,0.01113028439481155,0.02116505701846748,2038
0.8822873333930501,0.06580337261182141,0.018896405606201244,0.03301288838892708,2039
0.8636804239456134,0.08594672783724477,0.019425434526951127,0.03094741369019061,2040
0.8473352378778428,0.0941448742696262,0.016346200028181778,0.04217368782434925,2041
0.8605474873847864,0.0878062688723525,0.01721824877667053,0.03442799496619069,2042
0.8303748167343628,0.1289407365867185,0.016619419847680287,0.024065026831238383,2043
0.8558340438322537,0.09490559264532339,0.017539898608639585,0.0317204649137833,2044
0.8989767827229639,0.07113908445870032,0.010573509455814367,0.019310623362521394,2045
0.8926022045567717,0.07227810866258577,0.013411885578815926,0.021707801201826565,2046
0.8853633531811957,0.06660677515081201,0.016117271665852133,0.03191260000214018,2047
0.8440344280431519,0.09920538547512575,0.020090566537913492,0.036669619943809,2048
0.893349139760351,0.06610544138673703,0.01118913824914842,0.029356280603763493,2049
0.8354394998213878,0.10555471401783921,0.0209121510126556,0.03809363514811741,2050
0.877606028338283,0.06133042559890779,0.015589294887215046,0.04547425117559399,2051
0.8671670232010972,0.07926130509636439,0.017697254583263464,0.03587441711927505,2052
0.845504584675469,0.09474623194115077,0.021377432447114843,0.03837175093626537,2053
0.8838953926648951,0.07198570079973092,0.01274462211749968,0.03137428441787438,2054
0.8612597400045949,0.08717495234056752,0.020056657386994765,0.03150865026784277,2055
0.8492056670756626,0.10327065069643011,0.01738422753988867,0.03013945468801855,2056
0.8940940296791933,0.06293555736609645,0.014030314612226561,0.028940098342483712,2057
0.8194167325659096,0.11990062310130584,0.0226579054701623,0.03802473886262228,2058
0.8662995406358802,0.09014286766570115,0.017405048900492687,0.026152542797925945,2059
0.8501932307096238,0.10078860593619837,0.016595285962298468,0.032422877391879254,2060
0.8596483062241322,0.09513771795642866,0.015104449735601044,0.030109526083838118,2061
0.8690832000590125,0.085034827455424,0.017384657555246937,0.02849731493031661,2062
0.8674808061248672,0.08669337440833723,0.0168454066097959,0.028980412856999753,2063
0.8590672699794895,0.09046827689962746,0.014286553609954462,0.036177899510928556,2064
0.8643531615344544,0.08456915627757433,0.01779348726788947,0.033284194920081916,2065
0.7820314996212362,0.13144438813366072,0.027838552419514488,0.05868555982558862,2066
0.8267724575490297,0.1088481966027546,0.025509913800570258,0.03886943204764543,2067
0.8163291190726683,0.11847874386095769,0.026748018718996597,0.038444118347377466,2068
0.9052352396359411,0.057131104626905904,0.015066102766672038,0.022567552970481058,2069
0.8842506570290788,0.0690451565745174,0.015702762446485042,0.031001423949918738,2070
0.8316553726788419,0.09801723316527457,0.020700683840678528,0.049626710315205075,2071
0.8974550464970715,0.06843177369736461,0.013513869433595943,0.020599310371967976,2072
0.8509042459923348,0.09575751676588387,0.0184928876793464,0.03484534956243503,2073
0.7663521202715716,0.1089093792556781,0.024778254979887535,0.09996024549286271,2074
0.719929361593617,0.12642738991009822,0.034655428742118986,0.11898781975416584,2075
0.8722962766105283,0.07397948856446528,0.018076870632272448,0.035647364192734135,2076
0.8736654098481075,0.07317183157630072,0.0202993064607886,0.03286345211480325,2077
0.8284311406245684,0.10125698191405313,0.024762496398219525,0.04554938106315886,2078
0.8253170861712489,0.10023061660074195,0.023140050692148816,0.0513122465358604,2079
0.7804585408064392,0.10890146167641462,0.029045305188653347,0.08159469232849288,2080
0.8928134159638368,0.05994713322975501,0.01505266453734248,0.032186786269065626,2081
0.8222649324300603,0.10170512648521673,0.021888632996181472,0.054141308088541444,2082
0.812916182855845,0.1184212918116845,0.023555407432208224,0.045107117900262325,2083
0.7444508037879066,0.1270634027849112,0.0273185727006081,0.10116722072657386,2084
0.7928310528899356,0.14399793362710178,0.019735403751724705,0.043435609731238,2085
0.8343822621754451,0.09707922552675818,0.02158099982866518,0.04695751246913159,2086
0.7890190766426185,0.11573501643410951,0.031594681474071164,0.06365122544920086,2087
0.8822824964538867,0.07397429996621104,0.014998790023389533,0.02874441355651281,2088
0.8403015736281442,0.09287481917556097,0.019717206737916486,0.047106400458378474,2089
0.8694371314677842,0.07119153537809139,0.021009908522580112,0.03836142463154422,2090
0.8460338274285008,0.09247163468362089,0.018340560617224128,0.043153977270654294,2091
0.8021158039395059,0.1428880333941793,0.02331243694892826,0.0316837257173866,2092
0.8770258623701214,0.058398765965458926,0.01838444491157484,0.04619092675284485,2093
0.9148389459286879,0.052576575894109814,0.010422223009962617,0.02216225516723952,2094
0.8742746346754114,0.07179387978097845,0.018553077574595084,0.035378407969015056,2095
0.8818152935125899,0.07203707572361767,0.014246749531070056,0.03190088123272249,2096
0.8630372034810151,0.08403642968006722,0.018980997690052702,0.03394536914886505,2097
0.8298021750985727,0.08780124026185245,0.030466242743648373,0.05193034189592654,2098
0.7737284846073184,0.15406528122630767,0.028992885514682612,0.04321334865169128,2099
0.8766851081955307,0.07948578218860332,0.01714007596999217,0.02668903364587367,2100
0.8320783888620671,0.10470958294161865,0.023193179703873225,0.04001884849244101,2101
0.8383648714023585,0.10108210763561384,0.015887737875642825,0.044665283086384774,2102
0.8580204027073515,0.09075722205795812,0.01933656929474555,0.031885805939944944,2103
0.9151860173119349,0.05502177889823347,0.010184344690555494,0.01960785909927617,2104
0.8424330316612357,0.10712826731788588,0.015719150839599298,0.034719550181279195,2105
0.8566955744214277,0.08769099525768731,0.017584141344499465,0.0380292889763856,2106
0.7973863086427835,0.09829382812251045,0.02850106795549504,0.07581879527921104,2107
0.7534939774304343,0.1467276795541106,0.03381380835901531,0.06596453465643984,2108
0.9202582241126824,0.04954001014370942,0.011294507026546876,0.01890725871706128,2109
0.8855584831266311,0.06867163091246457,0.015668148597158867,0.030101737363745492,2110
0.8499988167178617,0.09299409245237979,0.019948211668938648,0.03705887916081975,2111
0.8118220407292956,0.13894264290388855,0.017435856310072113,0.03179946005674388,2112
0.8890610009420344,0.07003553210914737,0.014837007934542915,0.026066459014275272,2113
0.863985367739694,0.08721051948139089,0.013905070720921408,0.034899042057993615,2114
0.880112499045648,0.07571571018012553,0.015512747253385292,0.028659043520841084,2115
0.8911543547337439,0.062041742462591344,0.017891668525815717,0.028912234277849103,2116
0.8551800603580425,0.07907411645506933,0.021206096889106962,0.044539726297781274,2117
0.874405856615496,0.07646492344104763,0.020238602101391126,0.028890617842065088,2118
0.8432328711470514,0.11393069235083382,0.017633118080635102,0.025203318421479652,2119
0.8857656904904809,0.08155254582732914,0.010955330296116984,0.02172643338607308,2120
0.8355360914995903,0.10681473692876813,0.017938469966063984,0.0397107016055776,2121
0.8734859710884698,0.08077287519551617,0.015237751283972211,0.03050340243204192,2122
0.8406657653074627,0.1034518662237734,0.01964378239605657,0.03623858607270731,2123
0.9032510264496945,0.05708804183499002,0.01333147024395093,0.026329461471364606,2124
0.8802713833196766,0.07363106931730949,0.01659279652219782,0.029504750840816083,2125
0.8685729602763852,0.08987770473984155,0.016033745577992087,0.02551558940578121,2126
0.887327866438265,0.07575485669100683,0.013457297970950962,0.023459978899777162,2127
0.8877174130689671,0.07380266319605325,0.014635249147686968,0.02384467458729265,2128
0.8785198200131764,0.07771057840715043,0.01347035637965435,0.030299245200018775,2129
0.8965846439253001,0.0677983377201609,0.013665805439455442,0.021951212915083614,2130
0.8725049808855089,0.09278712238880309,0.01269711266751838,0.02201078405816957,2131
0.8915133044420308,0.06617385204434902,0.014195375298248181,0.02811746821537199,2132
0.8671578890977084,0.07775347821167646,0.016466790091611234,0.03862184259900372,2133
0.7796698997456424,0.1367652347135413,0.03493009880885414,0.048634766731962195,2134
0.8650568629929004,0.08535125529084868,0.018142089022279085,0.031449792693971905,2135
0.8033408977947597,0.12091605150397283,0.024733924248273326,0.05100912645299408,2136
0.897517929738617,0.07079764991361047,0.010742576305573268,0.020941844042199283,2137
0.8820131086534192,0.08031724278735651,0.012187484637539998,0.025482163921684224,2138
0.8425157224419707,0.10508052174935804,0.019754653135697686,0.032649102672973544,2139
0.9012908638524763,0.06133570001359248,0.012555424448342867,0.024818011685588306,2140
0.8963379800569318,0.06485023449638921,0.013964001484475914,0.024847783962203086,2141
0.9082757640067998,0.05556621396624943,0.012536738954374764,0.023621283072576334,2142
0.9077040949395935,0.05528804559183813,0.012445183119318741,0.02456267634924968,2143
0.8692600730639339,0.08916622038429893,0.014945486977002844,0.02662821957476425,2144
0.9134337636830905,0.049564198397257175,0.015967264614037392,0.021034773305614964,2145
0.8731005970708494,0.07686726858575711,0.014510682701671003,0.035521451641722546,2146
0.8737372082840716,0.07204332829147311,0.017704586048989255,0.036514877375466076,2147
0.8868449372520694,0.07487291684121777,0.01069840711617047,0.027583738790542423,2148
0.8888710134667864,0.06740764742597351,0.01664995596603098,0.027071383141209104,2149
0.8685297769169344,0.08039107402459482,0.015924945665449032,0.03515420339302161,2150
0.8628101018879111,0.08727727901493111,0.01749252976289068,0.03242008933426719,2151
0.8393716732658582,0.10504224550085933,0.017271509497072436,0.03831457173621003,2152
0.8507068749710935,0.09776578928068798,0.015415434528264537,0.036111901219953925,2153
0.8512331718564684,0.10450265627504071,0.014212877164304612,0.030051294704186323,2154
0.8704006127863779,0.07812874805394031,0.016909653674241437,0.034560985485440364,2155
0.8639215099885265,0.07619336014769929,0.019485108799531276,0.04040002106424313,2156
0.9156734264441947,0.054101684772989746,0.00857895426515615,0.021645934517659483,2157
0.8027333776767489,0.11702189825743085,0.029082577807606425,0.05116214625821384,2158
0.9168005622960116,0.05576781825414073,0.011622589786888522,0.015809029662959245,2159
0.904152424352395,0.05506401779100301,0.012534065248047763,0.028249492608554413,2160
0.9227006819102664,0.046502008549392564,0.011550207440608397,0.019247102099732676,2161
0.9014829590936572,0.05806124695122195,0.02083990921364386,0.019615884741476932,2162
0.9090741016147382,0.042111803356681646,0.02104464201170677,0.027769453016873415,2163
0.8536034863068935,0.08235138878252998,0.020683536877670772,0.043361588032905754,2164
0.8287467175255219,0.08849372730224148,0.023602292919611207,0.05915726225262543,2165
0.8450553506641052,0.09369355146216829,0.01703897814505728,0.04421211972866917,2166
0.9041162353032913,0.05830380105778382,0.01604114656222052,0.021538817076704353,2167
0.8621847779128498,0.08465114502210304,0.01831603507851976,0.03484804198652736,2168
0.8535396951088478,0.0818831650612943,0.022204577201153083,0.04237256262870492,2169
0.8068646695492501,0.10306170444238806,0.03158801995598469,0.058485606052377084,2170
0.8928102200676231,0.07079373478792834,0.011943265962563166,0.024452779181885445,2171
0.8351643512073608,0.09342950902887186,0.026903591882512172,0.044502547881255156,2172
0.8826563501666727,0.08551975907286262,0.011001073172733971,0.0208228175877307,2173
0.8706582524844999,0.09433604751622857,0.012757786528085766,0.022247913471185717,2174
0.8959023763716183,0.07406626413511744,0.010254624903241055,0.019776734590023288,2175
0.8697872875633388,0.08119180772533545,0.017587488882408672,0.03143341582891685,2176
0.8398420109325491,0.10420692968952774,0.02195937388749019,0.033991685490433104,2177
0.8167141913496445,0.11870819180571214,0.025102626764445725,0.0394749900801977,2178
0.8657190203200226,0.08205023658825138,0.01952015894757443,0.032710584144151525,2179
0.8622241139458882,0.09023319901126092,0.015125842436369963,0.032416844606480845,2180
0.8779227966390561,0.057899377814866225,0.016985442905691192,0.047192382640386506,2181
0.8677240712936528,0.08628160034698956,0.013303951112509455,0.03269037724684816,2182
0.861368608650308,0.08748997167929491,0.01662907817191351,0.03451234149848355,2183
0.8575867593270295,0.08022232857921646,0.019723555020336535,0.04246735707341753,2184
0.8188814926394912,0.11487258286474059,0.01889589106790826,0.04735003342786,2185
0.8937716570913612,0.06769948349018666,0.015085475943213588,0.023443383475238524,2186
0.8795223220035232,0.07757215761453833,0.01516871711418722,0.027736803267751145,2187
0.8955972694703541,0.061414380283264104,0.011975029588658986,0.031013320657722825,2188
0.8495341047822619,0.08307734720693269,0.023479547847863064,0.04390900016294236,2189
0.8100595106234909,0.11945592677187133,0.022758361086165125,0.04772620151847268,2190
0.8746522975740783,0.07524338853581984,0.015813036009454776,0.03429127788064721,2191
0.8426242079266582,0.10289303851944225,0.019626178113319834,0.03485657544057972,2192
0.8990889872961597,0.05488166438632692,0.014075367889613508,0.03195398042789985,2193
0.8710461048908124,0.07320963240378696,0.018060984934101187,0.037683277771299435,2194
0.8685242249033068,0.08011471631545135,0.01742264014731719,0.033938418633924786,2195
0.8732803612265916,0.08404062387192182,0.015973549065711908,0.026705465835774714,2196
0.846251672844274,0.11293918650791444,0.014516768673935046,0.02629237197387663,2197
0.8384371012712848,0.1075321694971422,0.01980453023024862,0.03422619900132428,2198
0.8959046441490561,0.06790704087485362,0.012575547064091646,0.023612767911998688,2199
0.8989496993240402,0.06531419833946746,0.013677597100702129,0.022058505235790137,2200
0.8867552552910304,0.0726531415820529,0.015568315513822801,0.025023287613093834,2201
0.8649434703275688,0.07125915106335037,0.019364692530077353,0.04443268607900344,2202
0.8441334797267027,0.09651992869435136,0.0198925332135194,0.039454058365426495,2203
0.886676982665407,0.05882785689651525,0.01726655225555706,0.03722860818252086,2204
0.9097650049480884,0.05416804934422908,0.012049557076144721,0.024017388631537746,2205
0.893351987827615,0.06436850800879826,0.014461464326262179,0.02781803983732451,2206
0.8608327224618245,0.07950031646075782,0.015583784686242934,0.04408317639117474,2207
0.8859853722945602,0.0707404787045747,0.014987247427620068,0.02828690157324508,2208
0.7954518716783745,0.09498554626016663,0.03280212131341204,0.07676046074804674,2209
0.8838003775808532,0.06968473583081816,0.01676604578603772,0.029748840802290843,2210
0.8493401675903776,0.0806062778232319,0.01971778361443803,0.05033577097195243,2211
0.8804573167931786,0.07409808329858637,0.014881291561386291,0.030563308346848672,2212
0.874180755644381,0.0894420207676054,0.01613982719595103,0.020237396392062398,2213
0.8751276712176247,0.09547264775924671,0.01168941254029507,0.017710268482833417,2214
0.8807125081043398,0.07921402840179927,0.017730247438324152,0.022343216055536727,2215
0.8822481811352756,0.06769516769357498,0.01777890203439745,0.03227774913675199,2216
0.8687530612788822,0.07834117423604516,0.01821896090104708,0.03468680358402552,2217
0.9169870662207623,0.053277922582715964,0.010388337786829542,0.019346673409692226,2218
0.9115472957035574,0.06058045560286854,0.011457842124427395,0.016414406569146677,2219
0.8817835978960765,0.07668305234632712,0.01601305318731676,0.02552029657027968,2220
0.8642721077880556,0.07800375655439488,0.02016683486500763,0.03755730079254188,2221
0.9024029303351349,0.058835103118900875,0.01539093790818612,0.023371028637778096,2222
0.8536722748940894,0.07630722194094564,0.025877703808531764,0.04414279935643322,2223
0.8139940268729612,0.07307043179390042,0.030720498652497194,0.08221504268064109,2224
0.8805962351087057,0.04778203147418693,0.01638523867773153,0.05523649473937589,2225
0.8695304796050847,0.051250609525114545,0.022311538811336726,0.056907372058464016,2226
0.8725661666891422,0.07488419926580943,0.019396673715065305,0.03315296032998318,2227
0.9001938569490378,0.06728019761316313,0.010584258434294396,0.021941687003504642,2228
0.8801303410176123,0.06290712850544991,0.015683974173390815,0.041278556303546765,2229
0.8608275682685351,0.08404242148302182,0.0209722808807409,0.03415772936770212,2230
0.8949700921867964,0.05504128928138999,0.014257670031025814,0.03573094850078782,2231
0.9131996413440401,0.05303906234986374,0.013916961031002366,0.019844335275093765,2232
0.904121490656,0.05698225654423003,0.013366589551205371,0.02552966324856456,2233
0.8365990552030177,0.11101594253272166,0.01883311264514205,0.03355188961911865,2234
0.9099953424649168,0.04911513954071809,0.013474151444078637,0.02741536655028645,2235
0.8840566869137613,0.08026909841137515,0.01452243569560714,0.02115177897925648,2236
0.8899016005688714,0.06214371581665803,0.013015669047992702,0.03493901456647783,2237
0.7860469930602296,0.06914823586781207,0.035598252548554775,0.1092065185234035,2238
0.7581330562136738,0.09797721468975151,0.03442420592356896,0.1094655231730058,2239
0.855953393553648,0.08405812515526684,0.02101049182292019,0.038977989468164984,2240
0.8670175679849361,0.07416203969065058,0.012137300421185826,0.046683091903227586,2241
0.8055717955611352,0.07996895152324769,0.024326092961222685,0.09013315995439428,2242
0.800313272441354,0.07837050376041008,0.029092238081839937,0.09222398571639609,2243
0.8816258379025987,0.05606294133342542,0.017042754418417013,0.04526846634555904,2244
0.9172154013434557,0.04283245052986008,0.009109330563579002,0.03084281756310529,2245
0.8948111547631487,0.0736696260384789,0.010376436506420342,0.021142782691952203,2246
0.8945615928070387,0.06623400749847759,0.01331090718596977,0.02589349250851382,2247
0.8823444641340392,0.06817973134161388,0.013088823231658853,0.036386981292688136,2248
0.8660995654906439,0.08108628576149281,0.019728017077619276,0.033086131670243914,2249
0.8655449065030043,0.07542470374854708,0.017428936228885535,0.04160145351956306,2250
0.8682922219614225,0.07919775175337897,0.01741746652525432,0.035092559759944075,2251
0.9058232098238619,0.06320953988763711,0.011144648035732894,0.019822602252768103,2252
0.8492514927012472,0.0787221369419726,0.02141737558635626,0.05060899477042389,2253
0.8796241141324316,0.06740593623753356,0.017886020397276665,0.035083929232758285,2254
0.8326306058297259,0.07627776064692124,0.022625303400681383,0.0684663301226714,2255
0.7955625265457481,0.09197788517990255,0.02950915111811867,0.08295043715623072,2256
0.8443458449697852,0.0794699821915627,0.020400759744587355,0.05578341309406474,2257
0.8684974331797635,0.0765010026002836,0.018360159542422743,0.0366414046775302,2258
0.8560482510436351,0.07447473062493166,0.015978500265781948,0.053498518065651174,2259
0.8756747004492533,0.081105395023069,0.013141361051515381,0.030078543476162137,2260
0.8854801923361113,0.06430738107232524,0.013268064530401863,0.03694436206116159,2261
0.836639497292214,0.06659209106987383,0.023696204438688372,0.0730722071992239,2262
0.8590813718815242,0.07603119504425247,0.015102584159866308,0.049784848914357055,2263
0.8978931513184824,0.06005436867105762,0.01362951509866065,0.028422964911799273,2264
0.8966662736774358,0.061993029443557675,0.012647242924089513,0.028693453954917233,2265
0.864841344987057,0.08943363597907014,0.0164410316993622,0.02928398733451079,2266
0.8997415394388394,0.0639033048643154,0.01402266396620055,0.022332491730644683,2267
0.8692748692525709,0.07957617342586207,0.019165384199178074,0.031983573122389045,2268
0.8632169938804373,0.06620706323959354,0.01817724497046163,0.05239869790950763,2269
0.8584477125356599,0.0776848805814956,0.019567066456146486,0.044300340426698004,2270
0.9151175096037745,0.05130317743335718,0.013392056111515565,0.02018725685135271,2271
0.9045684329034357,0.05191941003258638,0.01602378482659495,0.02748837223738292,2272
0.862337474976427,0.08739414576330176,0.018820100158449368,0.03144827910182183,2273
0.8476220695682294,0.0972247009510936,0.016612459406036513,0.03854077007464047,2274
0.8601999884740501,0.0829326552267598,0.01829236960784998,0.03857498669134015,2275
0.8410346463736916,0.08947486135860928,0.023916205697190652,0.04557428657050861,2276
0.8506940249567464,0.08309795843679421,0.01797238102833387,0.048235635578125546,2277
0.8445962816256138,0.08531841627561682,0.020642665442800898,0.04944263665596854,2278
0.8775220593098496,0.07750588806917984,0.014784399852399453,0.030187652768571077,2279
0.8647335528404884,0.07725441970486202,0.01948447042153937,0.03852755703311016,2280
0.8289800639668053,0.0885867290754923,0.024735497352904184,0.057697709604798246,2281
0.8462325317661573,0.06394156652226254,0.024163430663592153,0.06566247104798799,2282
0.8585366691869328,0.07243354375188346,0.021717961151970232,0.04731182590921347,2283
0.8392066018674179,0.08550842445209458,0.02331916426988256,0.051965809410604934,2284
0.904124598038425,0.05196386802661217,0.015626489898014982,0.028285044036947888,2285
0.8733266236274446,0.06747957538687506,0.016297037367687055,0.04289676361799319,2286
0.8922230134317797,0.05922080981312538,0.013939693489661948,0.034616483265433186,2287
0.8881469443063532,0.061669242303604085,0.015870315900018417,0.03431349749002432,2288
0.8671334813674069,0.06428261821979585,0.01781956554799936,0.05076433486479794,2289
0.8790499988881412,0.06963073502644308,0.016248005248966774,0.035071260836448875,2290
0.9036292828335863,0.06113713684557216,0.013460541019722883,0.02177303930111859,2291
0.8946695665618514,0.05993350144335605,0.014036693650894322,0.03136023834389808,2292
0.8772970838767084,0.07785065195778632,0.013929225775950063,0.030923038389555277,2293
0.8864416900084227,0.05610761774582674,0.01531435552106981,0.0421363367246808,2294
0.8822801411649301,0.07290263809979847,0.017722052506549353,0.027095168228722044,2295
0.8490967976975587,0.08652513515728115,0.02215173797315334,0.04222632917200666,2296
0.8922101438649715,0.04916736998265674,0.015952669870729613,0.0426698162816421,2297
0.8676569165947234,0.07856733120439525,0.015279609394698697,0.03849614280618264,2298
0.8929534271218377,0.06375855174688251,0.014086634899808548,0.029201386231471234,2299
0.8617249600549293,0.06225393992790802,0.020679313332530005,0.05534178668463257,2300
0.8840158649775056,0.06381222784210427,0.017778470806612916,0.0343934363737773,2301
0.8767358024509931,0.06740580069591356,0.014860705182225608,0.040997691670867635,2302
0.830034642505463,0.07934739517597166,0.02288469867770107,0.06773326364086425,2303
0.82446595910224,0.10231887978780833,0.021655063052574086,0.051560098057377685,2304
0.8732634806990649,0.08081916843997881,0.015814137440772594,0.030103213420183517,2305
0.859526709339983,0.07589041389954206,0.01895474504930427,0.045628131711170555,2306
0.870602651287236,0.0871150268376188,0.01599455779751407,0.026287764077631046,2307
0.9031647972277596,0.05055068353245902,0.017101400158848597,0.02918311908093277,2308
0.8261930751776845,0.08714394899634623,0.021817717318888777,0.06484525850708049,2309
0.8654498830453754,0.06331317833025538,0.021305749866531828,0.04993118875783738,2310
0.888747129302526,0.061204190264705215,0.01251546175149112,0.037533218681277715,2311
0.8159951100031583,0.09866672950078603,0.02247631601566877,0.06286184448038677,2312
0.8763932238289088,0.06905450359680601,0.017957346824723303,0.036594925749561774,2313
0.8552158709044151,0.09409677691113429,0.015376405159619888,0.035310947024830786,2314
0.9135329411458186,0.05914529682035506,0.010191994097643866,0.017129767936182396,2315
0.8823406048166909,0.07775219934558987,0.014230406959478258,0.02567678887824106,2316
0.9053198726853547,0.0591775328137363,0.013792938830604007,0.021709655670305,2317
0.8467698958882087,0.07678945703315312,0.022285088244186044,0.054155558834452174,2318
0.9136337423530178,0.04115013275456496,0.009900492859660305,0.03531563203275691,2319
0.903762349532796,0.04522686292707952,0.0164816049293526,0.03452918261077195,2320
0.9324078594873774,0.041133279269932974,0.008344435528437959,0.018114425714251665,2321
0.9160259552358251,0.051734967571599066,0.010650316153110812,0.02158876103946506,2322
0.8891693673856956,0.055836043318991724,0.012887521731468453,0.04210706756384446,2323
0.9274969512380166,0.039407821276148315,0.010758438295595276,0.022336789190239802,2324
0.9050326132055043,0.049823078452169114,0.013665539814843947,0.03147876852748256,2325
0.9041985394338665,0.06419975958188386,0.012421119287832391,0.019180581696417186,2326
0.87573054078561,0.08685177720013787,0.014137363856086846,0.023280318158165177,2327
0.9077996424477469,0.054401351948634796,0.01274960788131457,0.025049397722303593,2328
0.9121948182267933,0.05182621024531352,0.014008541154036526,0.021970430373856632,2329
0.8902006288570838,0.06582124196822993,0.014614980487827198,0.029363148686858916,2330
0.9001286760501588,0.06757424741408041,0.013429155749661041,0.018867920786099803,2331
0.879646576459284,0.0724043183785638,0.014115375286306017,0.03383372987584616,2332
0.9035432500275424,0.06705590132271189,0.011112044723703874,0.018288803926041704,2333
0.8751938907122329,0.06778020747854657,0.018674903541544458,0.03835099826767604,2334
0.8625855648979587,0.09287171169789049,0.013926365750392614,0.0306163576537582,2335
0.8895460209066667,0.06886392837659806,0.014017261601910493,0.02757278911482474,2336
0.8789893303924999,0.0893170959664311,0.012136273379337982,0.019557300261730946,2337
0.8596706910323352,0.09139588387580584,0.018696684490595066,0.030236740601263874,2338
0.8248708685130586,0.10125265909450482,0.02397302797253677,0.04990344441989991,2339
0.9160356832746992,0.048324514519667953,0.010652115360658845,0.024987686844974002,2340
0.8517192280983401,0.09780220660793322,0.01648347151327587,0.033995093780450604,2341
0.8461369992169389,0.0986992276034914,0.016855707130444514,0.038308066049125344,2342
0.8142930905493909,0.09620591731903165,0.027267956138240776,0.06223303599333659,2343
0.8684551081738534,0.0790147497018693,0.016062060470357988,0.03646808165391937,2344
0.8210788843591381,0.11902148564605479,0.020949562001652593,0.0389500679931545,2345
0.8706875573002516,0.0855908803381521,0.016788061255945973,0.026933501105650348,2346
0.8497678657213129,0.0905948840015346,0.019737181165579834,0.03990006911157266,2347
0.8420287867124153,0.10886209731170018,0.020281166071301378,0.028827949904583088,2348
0.8603283184600086,0.08566945467028643,0.017535718261167146,0.036466508608537805,2349
0.8815522858032512,0.07026174488034077,0.017893958728699543,0.030292010587708567,2350
0.8754441769083819,0.08311370376592157,0.013278545830205164,0.028163573495491336,2351
0.8863865562380082,0.06910357310593122,0.01633647674098248,0.02817339391507803,2352
0.8487864023207596,0.09996365787455426,0.021735094717342213,0.029514845087344026,2353
0.854879461446667,0.09993599076231456,0.015560601033988802,0.029623946757029666,2354
0.8521773844995806,0.08354673399936823,0.020323518610287458,0.043952362890763645,2355
0.8894249413689879,0.07548073712387482,0.012190865781217078,0.022903455725920327,2356
0.8878407001095868,0.0540175710915995,0.016382084327404033,0.04175964447140958,2357
0.8834948589107253,0.06752985212529025,0.01457489696402787,0.03440039199995652,2358
0.8658003041171011,0.08809542744766853,0.017110234795059687,0.028994033640170565,2359
0.8983924928010474,0.06927153780340556,0.012087043528336821,0.020248925867210287,2360
0.9043597332045845,0.06543609666279322,0.01153163451020321,0.01867253562241902,2361
0.8992883411828961,0.06175750694362947,0.015495410640788836,0.02345874123268557,2362
0.8678106181629128,0.08349841834022242,0.016391578014190937,0.032299385482673734,2363
0.8792174127900053,0.08542239244686972,0.014925591240746907,0.020434603522378088,2364
0.8934755736344583,0.0614498685342973,0.014069922133631943,0.031004635697612422,2365
0.866184788102552,0.07363287867041111,0.016984086038023448,0.043198247189013356,2366
0.9047022115656591,0.06029102558558633,0.012826768670225513,0.022179994178529117,2367
0.8929710945414501,0.07467781153345081,0.01293715629244625,0.019413937632652877,2368
0.9139600368512597,0.050916210643366745,0.010054220313407233,0.025069532191966393,2369
0.9043387251244087,0.05530009152875031,0.01508533527368316,0.02527584807315776,2370
0.9152246240709532,0.05153574814508649,0.01332899681615327,0.019910630967807146,2371
0.8724195905222504,0.06522275049191664,0.021752930303152777,0.040604728682680176,2372
0.8827825689755225,0.07771893006163193,0.015387352180757357,0.02411114878208822,2373
0.9051957577161502,0.06404004078738229,0.012007791101309642,0.018756410395157852,2374
0.8756972587375577,0.07994067170571217,0.016388520011192655,0.027973549545537525,2375
0.8576583656309784,0.08953792069980676,0.016885711512462053,0.03591800215675282,2376
0.8293015739876967,0.10783337398601654,0.018780325610407756,0.044084726415879,2377
0.8913175311417374,0.06882219190508294,0.011961769357882896,0.027898507595296777,2378
0.8472357741194817,0.11450582751240276,0.014185809978321955,0.024072588389793464,2379
0.8769687141155095,0.0804587697788052,0.01593425887774858,0.026638257227936512,2380
0.871142763499869,0.08033594830211432,0.015120952961103823,0.03340033523691298,2381
0.8503991052717127,0.08671285065518856,0.02063541324610561,0.0422526308269931,2382
0.8813980937243079,0.073589168796582,0.013497767481809819,0.03151496999730036,2383
0.9158502990430241,0.051500341413198286,0.013057951537482777,0.019591408006294976,2384
0.8413595567585646,0.09281830099572007,0.020979804744304772,0.044842337501410576,2385
0.9019886575112495,0.06316608382598936,0.014222759877031293,0.020622498785729877,2386
0.8429178038052021,0.08871423167105698,0.02203653332107105,0.04633143120266996,2387
0.881826433564224,0.06575666377474565,0.01616124897520037,0.036255653685830065,2388
0.8174450575535187,0.09674677651433092,0.023778631141847223,0.0620295347903032,2389
0.8419450517027854,0.06800459262268607,0.020564755017871392,0.06948560065665703,2390
0.8374065602457121,0.09009529773842799,0.021352442290268267,0.05114569972559159,2391
0.8639054026886624,0.07337181715457924,0.018516198632094184,0.044206581524664175,2392
0.9003281768396024,0.05702224842025293,0.013889549940316959,0.02876002479982775,2393
0.8716312575650054,0.06935038222649262,0.016075191144846162,0.04294316906365585,2394
0.8680676592499894,0.08064825533466057,0.014572635808036458,0.03671144960731362,2395
0.8525039628024427,0.06496855962728029,0.019461896751623332,0.0630655808186536,2396
0.8692713127110886,0.05634196131671048,0.019636470247303618,0.054750255724897334,2397
0.7706427830559697,0.10254346379155922,0.03179164834884591,0.09502210480362526,2398
0.8563004339951443,0.07295373826668337,0.017119800264486562,0.053626027473685764,2399
0.9311044764173743,0.03936671014780229,0.009341511478464595,0.020187301956358844,2400
0.8904802689464985,0.058008501722223854,0.017704162353635013,0.03380706697764272,2401
0.875296617945717,0.06937538988488624,0.018602639159289724,0.03672535301010718,2402
0.8511810917819242,0.08345884437135928,0.020178752075496027,0.04518131177122027,2403
0.8884857748135984,0.06461111310549177,0.014185106445829864,0.03271800563508003,2404
0.9017774255540342,0.05024845859332069,0.013149764020135431,0.03482435183250965,2405
0.8730123316730035,0.062193063296225454,0.017297680326759213,0.04749692470401197,2406
0.8732728291259272,0.060648509011158175,0.014405248063279088,0.05167341379963553,2407
0.8597753834447465,0.06205564283579576,0.018861680067737956,0.059307293651719675,2408
0.9105245213238471,0.05027760455627339,0.010407821136723287,0.028790052983156258,2409
0.8975581831863044,0.06622745471018654,0.011502646524040204,0.024711715579468684,2410
0.8879729093812828,0.05924597252151579,0.01669025400418869,0.036090864093012806,2411
0.9049527694276821,0.05089164200833117,0.013808492250580583,0.03034709631340623,2412
0.8375338697762341,0.07133298991794874,0.02841038855284634,0.06272275175297079,2413
0.8602273829881966,0.0669979278659911,0.022861731584462194,0.04991295756135019,2414
0.7982823956772951,0.09163013446457285,0.02784813729480471,0.08223933256332727,2415
0.8646783671076917,0.06789867809105585,0.016660679706596945,0.050762275094655585,2416
0.891460774873219,0.06308452532221423,0.014776354611011039,0.030678345193555643,2417
0.866904422058934,0.08363118314442171,0.01721996057882895,0.03224443421781546,2418
0.8584467961954553,0.08101731721598522,0.01983607315968524,0.040699813428874236,2419
0.9290227563239308,0.04476855752880871,0.007903753326181281,0.01830493282107918,2420
0.9103344318942764,0.0539910427770078,0.01167884871809399,0.023995676610621717,2421
0.9068555608465203,0.05924174053212089,0.010822458218726115,0.02308024040263271,2422
0.9368305766774431,0.03728636637534689,0.009072834458314118,0.01681022248889609,2423
0.8899019293630934,0.056785624727653715,0.015950650664283642,0.03736179524496919,2424
0.9091882008338363,0.05841776913109825,0.011117056240158352,0.021276973794907207,2425
0.8537827890812725,0.09960187513584777,0.015655427182378803,0.030959908600500984,2426
0.8579936720641171,0.08634072686376686,0.019459327181716644,0.03620627389039937,2427
0.8949875900524791,0.06197838747861521,0.013468022245475303,0.029566000223430335,2428
0.8590723551489342,0.08320458033743161,0.017861381497651402,0.03986168301598276,2429
0.9039208621110741,0.0595314907744395,0.012409804462623436,0.024137842651863094,2430
0.9264827381868335,0.04630248637791104,0.00965889173399656,0.017555883701259017,2431
0.8116555524790114,0.10735987143340261,0.03034516773470315,0.050639408352882845,2432
0.8405947652810496,0.09085722171944516,0.022500679825924463,0.04604733317358076,2433
0.8426380550839649,0.07836248230172659,0.024200989863567047,0.05479847275074145,2434
0.8486643585522646,0.09451435206628335,0.01984232294677303,0.03697896643467915,2435
0.8697228120599968,0.07828592536030467,0.016750250563692334,0.03524101201600627,2436
0.8501099218863406,0.08435995249493666,0.020242057486830556,0.04528806813189222,2437
0.88601776692803,0.06741514316410609,0.013746006950236117,0.03282108295762779,2438
0.8948736460172074,0.06893272847170132,0.014257260889567585,0.02193636462152373,2439
0.8931935044061248,0.06772386573846154,0.014503345306049898,0.024579284549363867,2440
0.8765990372917475,0.06500801243452904,0.015301377936806878,0.043091572336916587,2441
0.8962526402018283,0.05867352165119143,0.015588013098015344,0.0294858250489649,2442
0.8783144419649138,0.07196100259759577,0.019945935118762893,0.029778620318727522,2443
0.8431768866184093,0.09750688283828456,0.02002376338470766,0.0392924671585986,2444
0.9069842139487556,0.054441082758347,0.01407037929854768,0.02450432399434964,2445
0.8991315726885585,0.06352559364213314,0.013383330555252315,0.02395950311405601,2446
0.8471327434600907,0.08519117607702965,0.02564014785253349,0.042035932610346126,2447
0.8721352828434605,0.0752513796220704,0.02024237202479201,0.03237096550967696,2448
0.8652056894409016,0.06685315954487496,0.020300122871437704,0.04764102814278591,2449
0.8681623925578492,0.09052843197506591,0.01431034594477151,0.026998829522313514,2450
0.8496634383303464,0.098127575983885,0.016781791801259733,0.03542719388450896,2451
0.8702682967488387,0.07685002778197186,0.015581002298808344,0.03730067317038102,2452
0.875916126800825,0.06932838024805428,0.01503300889951718,0.03972248405160343,2453
0.8993147913735683,0.06393234965168049,0.013001680657360893,0.023751178317390303,2454
0.8775532325793743,0.07961461448903259,0.014338793677722549,0.02849335925387055,2455
0.8512281183977215,0.0825407361730821,0.020560861066402532,0.04567028436279378,2456
0.8569605945192751,0.09046517118770049,0.017049713291129462,0.03552452100189494,2457
0.8573579287478212,0.09111296158847344,0.01694736982126185,0.03458173984244343,2458
0.8803352464563442,0.07282103531625125,0.014212640307314712,0.03263107792008969,2459
0.8185254689121688,0.09768339700263771,0.025654629603344935,0.05813650448184863,2460
0.8480166579142734,0.06224447717861297,0.023909764222768373,0.06582910068434529,2461
0.8680823622114252,0.08010982448150358,0.017740880161965813,0.03406693314510532,2462
0.8341698463478419,0.1009534612286018,0.01820264226106365,0.04667405016249257,2463
0.8261645363423811,0.09900253904202858,0.020885857227119095,0.053947067388471145,2464
0.9003427430755332,0.056300272706211955,0.013337071880359068,0.030019912337895912,2465
0.8621958303675006,0.0933493187329034,0.014985555069696042,0.029469295829900023,2466
0.8736632520399686,0.06743061482742019,0.021398292382915848,0.037507840749695286,2467
0.9009973413673673,0.0637740842329095,0.01187704939151412,0.023351525008208977,2468
0.8961008341544466,0.06478519056232682,0.015483268802498782,0.023630706480727702,2469
0.8335173776902648,0.11123635253701081,0.020849220026523372,0.034397049746201114,2470
0.8478550803298045,0.09854924081965384,0.01747479079501087,0.0361208880555308,2471
0.8941196450856707,0.07192381552753531,0.011787375399153623,0.022169163987640433,2472
0.8574101548817498,0.09865957611041995,0.0165551338777675,0.027375135130062834,2473
0.8938884350116003,0.06326226712299167,0.012122858977196345,0.03072643888821163,2474
0.8549420759447166,0.08912885868846418,0.01899035711053107,0.03693870825628826,2475
0.9119599410815445,0.05715705552187414,0.011221096622244523,0.019661906774336733,2476
0.872055122024463,0.08027180308956339,0.020116384061551546,0.027556690824421984,2477
0.8906396004610482,0.07245321756133194,0.012908525734888014,0.023998656242731804,2478
0.8688041968547305,0.07840392428056008,0.017967257147941014,0.03482462171676836,2479
0.8486046408635196,0.09739702416440336,0.01973987710203039,0.03425845787004665,2480
0.8767460059863033,0.07651147197694988,0.013815880249614231,0.03292664178713259,2481
0.8784877867828734,0.07255185178232151,0.01706589587324774,0.03189446556155746,2482
0.865101895283641,0.09143561927493009,0.015457058524664828,0.028005426916764057,2483
0.9060427167650695,0.059802374830601586,0.011152806303308635,0.02300210210102032,2484
0.8722537340719951,0.0733179193499798,0.01793741160316326,0.03649093497486184,2485
0.8775345699268042,0.07087653001740389,0.017822111659695394,0.03376678839609637,2486
0.8687730261426521,0.08526013460243544,0.015092672842155394,0.03087416641275722,2487
0.8711792854154105,0.07685494076622011,0.01635404038804857,0.03561173343032093,2488
0.8991079933088579,0.05934120985713338,0.010916807042405755,0.03063398979160287,2489
0.8860726761606037,0.05986935457876354,0.015072236762844839,0.03898573249778793,2490
0.8622023171326417,0.08758660252847823,0.016599554431299884,0.03361152590758012,2491
0.8217904318325646,0.11361267312106384,0.025882697383103618,0.038714197663267974,2492
0.8233880480577507,0.1321015416465231,0.01656967403824484,0.027940736257481398,2493
0.8599455009369438,0.0970764325382407,0.014564707318102672,0.028413359206712896,2494
0.8810568782932316,0.06269215949417721,0.02049155436552571,0.035759407847065536,2495
0.8655606467229324,0.08322220461126767,0.015419360831093685,0.03579778783470626,2496
0.8718699857551009,0.0772202627941875,0.01838607355314002,0.03252367789757162,2497
0.8818660593056359,0.08499097052909316,0.013425906483387099,0.019717063681883983,2498
0.866195207625308,0.08712059672149924,0.01857226165240693,0.028111934000785863,2499
0.89165459126805,0.07065905803629023,0.012676884016075893,0.02500946667958388,2500
0.8948079620744595,0.061449512563064176,0.013609446308332647,0.03013307905414366,2501
0.8602890715645437,0.06930672887361033,0.02333307628704956,0.047071123274796255,2502
0.8570354650300172,0.06273551385575106,0.027225339610785403,0.05300368150344649,2503
0.8536580965409412,0.09306349801217202,0.01840791855069162,0.03487048689619518,2504
0.8548726897870126,0.09699067139744978,0.015585053489502733,0.032551585326034894,2505
0.8788876880339076,0.06711711035169088,0.01751151524898479,0.036483686365416795,2506
0.8843383252805653,0.0660373059643184,0.01725075631430424,0.03237361244081205,2507
0.8947997464478957,0.061868365109925376,0.013501953193074739,0.029829935249104232,2508
0.8032197700262382,0.10532649400491986,0.029042237793191008,0.06241149817565104,2509
0.8579356968705055,0.08455152815554298,0.018707039108879414,0.03880573586507212,2510
0.9145246952099233,0.04695649782098167,0.015052928728658077,0.023465878240436874,2511
0.8320844118274713,0.09836801266293865,0.023229550793787378,0.0463180247158028,2512
0.8937867649028302,0.06544585362028332,0.014177522517886848,0.02658985895899962,2513
0.8778294978306573,0.08102030142261747,0.014842380242755434,0.026307820503969747,2514
0.8632591331637663,0.07428182676852768,0.022291928922627893,0.040167111145078094,2515
0.8481652053177611,0.08095365852911685,0.02074509936280158,0.05013603679032053,2516
0.8713797836735603,0.07563932877850468,0.016522507591165424,0.0364583799567696,2517
0.8740530017110019,0.07984244908847668,0.01466702614666839,0.03143752305385309,2518
0.9041139428883432,0.051068730795230596,0.012389092560294373,0.03242823375613184,2519
0.8659848451149325,0.07085695880517127,0.020180618373643183,0.04297757770625298,2520
0.8604671178732205,0.08410521735778273,0.01733297099520108,0.03809469377379565,2521
0.8997807315905579,0.06308065153161159,0.013044580584809708,0.024094036293020902,2522
0.8987930370569964,0.07183370870329081,0.009371868507142958,0.020001385732569862,2523
0.9036529074898266,0.06505050539491607,0.011369975760909267,0.019926611354347992,2524
0.8933931429728854,0.05384850399784928,0.016366452889789204,0.03639190013947606,2525
0.8405149958946614,0.08745236832948447,0.029906311859187438,0.042126323916666875,2526
0.8236412325731252,0.1128948958651756,0.021529545039833755,0.04193432652186562,2527
0.9129638012385857,0.054563680434615465,0.010619043215718086,0.021853475111080906,2528
0.9266607230282301,0.054799101373477335,0.006995737795661893,0.011544437802630635,2529
0.8690865043720784,0.08082719247199563,0.019944941793782464,0.03014136136214371,2530
0.8818335131572488,0.0797964577671491,0.014170031516222327,0.024199997559379953,2531
0.8970285046271919,0.06477675968952144,0.015059774306625393,0.023134961376661288,2532
0.8828295701101294,0.07612817103107211,0.014211073363079078,0.02683118549571953,2533
0.8818719772584639,0.05405329499502599,0.016983529456138177,0.047091198290371866,2534
0.853492069768577,0.08368154330406051,0.018195167023325288,0.04463121990403718,2535
0.8809094964849818,0.07034757834910563,0.01831324891395978,0.030429676251952757,2536
0.7866211501903179,0.13981195227505697,0.02504374222918146,0.048523155305443794,2537
0.6479793432143813,0.15917871087838922,0.05711770968863453,0.13572423621859495,2538
0.7426763747518758,0.1269224096494944,0.03746063733588328,0.09294057826274649,2539
0.7860938122563642,0.10034911556478411,0.03129819255074449,0.08225887962810718,2540
0.8067545969290195,0.09561843999626209,0.027526524936368667,0.0701004381383498,2541
0.8154559837846451,0.08368077777073012,0.024904082100370067,0.07595915634425487,2542
0.8711846336222943,0.07137098331390329,0.017974016985182126,0.03947036607862018,2543
0.9030986950711284,0.05883592837220888,0.01124575459280271,0.02681962196385997,2544
0.8916119204040671,0.06590311875027619,0.014125228447511259,0.028359732398145425,2545
0.8688639779614145,0.07399329462393585,0.018871862683720902,0.038270864730928666,2546
0.8843618111204856,0.07249480899435481,0.015417213794181848,0.027726166090977798,2547
0.8797620385345634,0.07394899084556461,0.015316394220513625,0.030972576399358413,2548
0.8356864577838791,0.09356323286480717,0.02023582817815004,0.05051448117316377,2549
0.8659371989577912,0.08020440901771458,0.01818195987124805,0.035676432153246215,2550
0.8711906242222184,0.06462791156934913,0.018124892832979626,0.046056571375452965,2551
0.9071190819941279,0.048555824780943696,0.0159392280434231,0.02838586518150523,2552
0.9075309779775822,0.04971859740625496,0.014899823962951973,0.027850600653210798,2553
0.9005712281715156,0.049253051653669416,0.015497075419707303,0.034678644755107645,2554
0.898772191793264,0.04956495070823836,0.013891393224684235,0.03777146427381359,2555
0.9149688440125149,0.049383732625628556,0.011786730831208927,0.023860692530647647,2556
0.9019157937335053,0.058947407866336066,0.012900990258228353,0.0262358081419303,2557
0.9184757894797593,0.054535321177985825,0.010282318707492117,0.01670657063476277,2558
0.8561033437197749,0.09779595971169594,0.019505970928223045,0.026594725640306013,2559
0.8909954513627326,0.07452935725547455,0.014424118933436156,0.02005107244835663,2560
0.8948620563626117,0.07013002503172842,0.011918539838289333,0.023089378767370692,2561
0.8401569409453529,0.1052964932002749,0.01962917005411489,0.034917395800257336,2562
0.8821418685068209,0.07148852995229538,0.015829376940040468,0.030540224600843227,2563
0.8826756129353068,0.07125687166463793,0.015464678697456938,0.03060283670259825,2564
0.8748962549026178,0.08518103880589624,0.014316462040244119,0.025606244251241892,2565
0.8950924419356658,0.06856499830278207,0.015196550113996947,0.021146009647555065,2566
0.8654199503489671,0.08272348516322245,0.01759506598897333,0.03426149849883697,2567
0.8854860510807525,0.0646634483873272,0.015025499354435755,0.03482500117748452,2568
0.9035278856304825,0.06039721637989039,0.0122945415576606,0.02378035643196658,2569
0.8678863490014682,0.07490515722035826,0.021289649028693465,0.03591884474948006,2570
0.8383100928362299,0.08751214063464198,0.026832511818834188,0.04734525471029393,2571
0.8673540539795724,0.08022978036805675,0.019713317216669007,0.032702848435701835,2572
0.8314997631145236,0.12418118246611484,0.018881319760633997,0.02543773465872764,2573
0.8942873718482981,0.07002905280516586,0.01297092775399233,0.02271264759254369,2574
0.8760114996661402,0.07128750624415078,0.01421842724955299,0.038482566840155996,2575
0.8595096790366082,0.09217582869752028,0.015965249172924308,0.03234924309294714,2576
0.8570043666041159,0.09187359786836985,0.019157977291900313,0.03196405823561384,2577
0.8613955327021234,0.07604106140133826,0.01948230067923419,0.04308110521730419,2578
0.8904455958350135,0.07699268895811905,0.012200556696975777,0.020361158509891668,2579
0.8567520969158477,0.08707826551769529,0.02051446836057887,0.03565516920587807,2580
0.8130401262367942,0.109234350293771,0.023680363385966602,0.0540451600834683,2581
0.8437505833593694,0.09355736222918018,0.02296486659890956,0.03972718781254082,2582
0.9065318531820611,0.056036616048485755,0.01504493160495448,0.022386599164498623,2583
0.836747863986011,0.09307216701387191,0.024945889507293536,0.045234079492823466,2584
0.8697489713559643,0.08625752519726737,0.01658774606871447,0.027405757378053997,2585
0.8609908372072544,0.09179691132606062,0.013899683508429536,0.03331256795825533,2586
0.7900761013828345,0.12029229806887916,0.029845398801424883,0.059786201746861625,2587
0.8463987989442233,0.11420065551575621,0.01678833052682305,0.022612215013197455,2588
0.8184768551023294,0.12272759640677174,0.018330010008821125,0.0404655384820778,2589
0.8631637939479861,0.10143144957760146,0.012816805253068197,0.022587951221344226,2590
0.9191367635301408,0.05659920020059483,0.009577372875134448,0.014686663394129879,2591
0.8732658220130483,0.0843233882053709,0.015124112977865563,0.027286676803715246,2592
0.8881613458261746,0.07796755150045774,0.013442268309547334,0.020428834363820404,2593
0.9016595236442304,0.0632331692155006,0.012817106007020452,0.0222902011332484,2594
0.8446446742028905,0.10894778841975031,0.016288432693316684,0.030119104684042566,2595
0.8018781189123629,0.12837090854652422,0.020319772305372342,0.04943120023574046,2596
0.8145968397836367,0.12094226873442471,0.019306395584234356,0.04515449589770426,2597
0.8124628017707815,0.11695252088401259,0.022270516353720165,0.04831416099148569,2598
0.8486556917495504,0.09867505665131723,0.018360550409417718,0.03430870118971476,2599
0.8258736859617208,0.1170150072021236,0.022158774455859585,0.03495253238029586,2600
0.8302848841846105,0.10895268854333402,0.02118629533368673,0.03957613193836871,2601
0.8121902620485433,0.13291030341757898,0.01884101949839538,0.03605841503548237,2602
0.8959346789179787,0.07109081999363015,0.011908105696382187,0.021066395392008844,2603
0.8771920990122926,0.09233271051792823,0.012079725002027714,0.018395465467751657,2604
0.854846082022985,0.09797157031940802,0.01689814743940799,0.030284200218199102,2605
0.795638593984185,0.1311044856732652,0.025235783139719213,0.0480211372028307,2606
0.868576199093237,0.09410222051538084,0.016689230033642262,0.020632350357739925,2607
0.8571965924976178,0.10019225737102704,0.014797153469540992,0.027813996661814173,2608
0.851768819139633,0.10554383530416313,0.01719235910292897,0.02549498645327506,2609
0.7976412726038635,0.14367974671064826,0.022764222236063468,0.03591475844942478,2610
0.8445492862579845,0.09803682172632719,0.020286303613002116,0.0371275884026862,2611
0.8963937237611963,0.06821221329210479,0.01339666426632916,0.0219973986803697,2612
0.8502527907493901,0.10903670681619766,0.013314522088820486,0.027395980345591684,2613
0.814067544769748,0.1307445780106619,0.0218925683673648,0.0332953088522254,2614
0.8771586248547617,0.0824175128330482,0.013922116858421015,0.026501745453769064,2615
0.7866416306839452,0.1379006071329605,0.03849950221766129,0.03695825996543283,2616
0.8113006711239248,0.12934889927040455,0.020762752183446198,0.03858767742222455,2617
0.8134908142420759,0.12185247174789642,0.018575947018364233,0.04608076699166342,2618
0.7567837984859109,0.15267218414355374,0.027132709335490123,0.06341130803504523,2619
0.7922097530421811,0.1252876720693809,0.023493368200634638,0.059009206687803226,2620
0.8722066008755018,0.08953871113027514,0.017223604355612068,0.021031083638610948,2621
0.8525050110175089,0.10317163634655406,0.016331367727320575,0.02799198490861665,2622
0.8312825011185802,0.10827835758854097,0.023368923158747893,0.03707021813413092,2623
0.8259766870489349,0.1195412436370746,0.023394420341646835,0.031087648972343746,2624
0.879156550270835,0.07613618236668,0.01700114433149796,0.02770612303098707,2625
0.8749205211238908,0.08899429357761648,0.013314665335103726,0.022770519963388844,2626
0.7346460489824751,0.14678401346884778,0.03225005190973534,0.08631988563894183,2627
0.7668130232647546,0.16230588876819563,0.026994759634228777,0.043886328332821016,2628
0.8387155883574634,0.09799628337125564,0.023256859996538377,0.0400312682747425,2629
0.8803179937938691,0.0791670265923152,0.015990974852418426,0.02452400476139735,2630
0.8215133322584025,0.12577031227539215,0.02111544845467869,0.03160090701152673,2631
0.8644070950222272,0.09671307827200422,0.015514716928678883,0.02336510977708965,2632
0.8838220708741499,0.0825873269368758,0.01443308004516135,0.01915752214381293,2633
0.9041003756198863,0.06891049838975621,0.010825387947156581,0.016163738043200718,2634
0.851762588396237,0.09107403862769155,0.0152443533986404,0.04191901957743125,2635
0.8344018080188688,0.12348823039165474,0.017790373426428564,0.024319588163047908,2636
0.8786445764761031,0.06104024791364109,0.014673106797419708,0.04564206881283624,2637
0.8903714579991197,0.0742656168742769,0.011393549918956063,0.02396937520764742,2638
0.8927753988142709,0.0687304711264966,0.013257094557040784,0.025237035502191623,2639
0.8621947182863575,0.10315937687677251,0.01685753957766411,0.017788365259205782,2640
0.9102506868586168,0.06475193411206845,0.010556249076004786,0.014441129953309997,2641
0.9106035518730681,0.06463857403334784,0.008764345319024858,0.01599352877455922,2642
0.7636457516433904,0.1345717719598991,0.030545249064688106,0.07123722733202222,2643
0.7813401898747556,0.14591649069818932,0.027972998161829705,0.044770321265225496,2644
0.7930692715658544,0.12470396594809359,0.02899393327763227,0.053232829208419645,2645
0.8641223503787521,0.08491541125766126,0.017517755074517402,0.03344448328906923,2646
0.7981204948873001,0.12721354365923648,0.02967992700513673,0.044986034448326745,2647
0.9049263331913664,0.06178835144984907,0.011573741960228133,0.02171157339855634,2648
0.8309205347673582,0.11323661583289651,0.021129334998560425,0.03471351440118492,2649
