participant_id,epoch_idx,delta_log_power,theta_log_power,alpha_log_power,beta_log_power
SC4001E0-PSG,0,0.9659065621688011,2.278666995355838,0.5395773253783465,0.05523695898953948
SC4001E0-PSG,1,0.30981602096069194,0.6129664596056326,1.4228990836462272,1.5630239881954893
SC4001E0-PSG,2,0.645699899868811,-0.8226120681023279,1.7019588989039098,0.6970213459839534
SC4001E0-PSG,3,-0.6288046399231295,-1.1612816650328721,1.8376982892649245,-0.415781601736669
SC4001E0-PSG,4,-0.6608159126306508,0.18758785973676767,1.4436279184754606,-0.5881383023183463
SC4001E0-PSG,5,0.4280937671891229,2.9092276687240926,0.8421595502827695,-0.06324326440712497
SC4001E0-PSG,6,0.7502325166236069,1.6772758788667952,1.5911577356204671,2.005774738221988
SC4001E0-PSG,7,0.9879723599743803,0.9792510504422406,-0.5387172837575411,-0.15459110431227033
SC4001E0-PSG,8,-0.08610901797526517,1.5303937858033587,0.5020622603575172,0.006234318605807773
SC4001E0-PSG,9,0.46237896289652375,0.44757869699709574,0.2999831671155381,0.9763314657634898
SC4001E0-PSG,10,0.7933582022996479,0.23615247367341613,0.3639080356890416,0.14514834516161781
SC4001E0-PSG,11,0.9737060866844583,0.9308001019483698,0.5198703701600789,0.657099914490822
SC4001E0-PSG,12,0.866960025587741,1.512537224069463,0.8532486145512667,0.3775220791817206
SC4001E0-PSG,13,0.15555354800781135,0.7888508582648962,-0.2232191997815082,0.18291143653628833
SC4001E0-PSG,14,-0.6089872720305115,-1.3128702884438674,-2.32157798126157,-0.646437959417969
SC4001E0-PSG,15,0.025694893734072258,-0.03076761254477144,0.4701072674511287,0.43062364937163694
SC4001E0-PSG,16,-0.546937495595244,-0.32371990940749534,-0.39631522797634255,0.17358989384670379
SC4001E0-PSG,17,0.495595838052181,0.8308647889868281,1.077899549967847,0.6142725427227921
SC4001E0-PSG,18,0.24178369408775627,0.26174234821617626,0.04430262481893887,0.04162706646985102
SC4001E0-PSG,19,-0.644363866661227,-0.6960116874571819,-0.5014511621591344,0.7267087154801433
SC4001E0-PSG,20,-0.36740927161193987,-1.643835468161284,-1.385562728931272,-0.1894186146190802
SC4001E0-PSG,21,-1.3224114518238053,-1.4628981104773757,-1.376794345756475,-0.545729891499971
SC4001E0-PSG,22,-1.315937802824453,-2.090191681690707,-0.7542386135659884,0.28104768821863546
SC4001E0-PSG,23,-1.640712426318914,-1.8795885883244001,-1.0696367071502846,0.0865749691744898
SC4001E0-PSG,24,-0.4934925543808499,-0.5092720920517608,-1.2804101746450745,-0.23291604311639674
SC4001E0-PSG,25,0.2895847683043182,-0.7191121011500535,-0.37521898255109587,-0.012252547193161574
SC4001E0-PSG,26,-0.22948872391667038,-0.9829178272977183,-0.7985244528240139,0.19505771356124194
SC4001E0-PSG,27,-1.1842610602413586,-1.410054985115481,-0.9829629118359823,0.20283237810447827
SC4001E0-PSG,28,-0.360063999425102,-0.7275080954574302,0.03202783689120207,0.1740198070529749
SC4001E0-PSG,29,0.16393165604822005,-0.11069818606077925,-0.38702370734098945,0.18371115105481153
SC4001E0-PSG,30,-0.33320724672137536,-0.7704804283896286,-0.6169887507363684,0.288073828676531
SC4001E0-PSG,31,-1.5870505505346384,-0.7421193555868026,-0.5238472132573827,0.1943418483368339
SC4001E0-PSG,32,-0.5373818839241726,-1.20244095463633,-1.0570555019900618,0.01573059006255848
SC4001E0-PSG,33,-0.9712439135443087,-1.242890135542699,-0.8008686052946216,0.1679536642777179
SC4001E0-PSG,34,-0.9470202978637571,-1.1262303963894227,-0.8876337299023996,-0.35008164253562446
SC4001E0-PSG,35,0.3284985143631857,-0.006572152404180259,-0.2133269419094032,0.017460404275411685
SC4001E0-PSG,36,-0.12546933265006366,-0.9202601424757463,-0.42203912415320394,0.579165358343764
SC4001E0-PSG,37,-0.5170356402074031,-0.7605798598502859,-0.2906632183831663,-0.0588653129997238
SC4001E0-PSG,38,-1.4956118666099547,-1.0531806556998549,-1.1023844831481462,0.33796353100646126
SC4001E0-PSG,39,-0.5933481408930332,-0.9149656632883435,-0.9179414559782129,0.18790819265209424
SC4001E0-PSG,40,0.3964818522416512,-0.25635999353587036,0.39475872561687314,0.2725567455056252
SC4001E0-PSG,41,0.018959024611038326,-0.8147885200572431,-0.7220742538999033,-0.1833604139632753
SC4001E0-PSG,42,0.3090140975670817,-0.4509918830781623,-0.7538077460090555,0.14910704908276534
SC4001E0-PSG,43,-0.27084045270436197,-0.48641152957940326,-0.32310339537457106,0.45225234008682486
SC4001E0-PSG,44,-0.9730529157268933,-2.3394738021911174,-1.6078942839133024,-0.5178019679712127
SC4001E0-PSG,45,-0.6167371901175046,-0.24447424640423474,-0.03991300834237997,0.5929071920301922
SC4001E0-PSG,46,-1.0828005539501062,-1.2904728332837052,-0.17361745526677458,0.24625703139362523
SC4001E0-PSG,47,-0.6149324620313317,-0.9365090624814123,-0.6131661195083752,0.49873961653795157
SC4001E0-PSG,48,0.2661129642375809,-0.608644533430916,0.05986862749403924,0.29728656860200264
SC4001E0-PSG,49,-0.21524675442565327,-0.9582779899087808,-0.9640024265752162,-0.30621881690180053
SC4001E0-PSG,50,-0.9353632235084706,-1.1516087704188651,-1.374542544976376,-0.18086661544060242
SC4001E0-PSG,51,-0.10891878527319607,-1.297512779642367,-0.7346332929961464,0.025229183889822617
SC4001E0-PSG,52,-0.5172812909605354,-0.8113615020978486,-0.5625229525438026,0.20623672547638008
SC4001E0-PSG,53,-0.31380425143329227,-0.8750648603509918,-0.3259165833141312,0.5079850911349687
SC4001E0-PSG,54,-0.9763309721968475,-1.1566722659745956,-0.7074045337811871,0.5571658777256782
SC4001E0-PSG,55,-0.30406896593445804,-1.0556052095334114,-0.917743616390357,0.3935012136687287
SC4001E0-PSG,56,-0.8546961966230302,-0.9291736756000654,-0.46117369934636904,0.7572249613134094
SC4001E0-PSG,57,-2.0453402694397727,0.044637461560462825,-0.7299874340398703,0.3358169666922847
SC4001E0-PSG,58,-2.4885744915500143,-1.1909965093808437,-1.149760703798803,-0.13414369632769285
SC4001E0-PSG,59,-0.32205675710320086,-1.069359524022175,-0.6450879983534014,0.049128677395024925
SC4001E0-PSG,60,-0.6759839494116477,-0.8124203185135052,-0.6994470839417228,0.11469100494559009
SC4001E0-PSG,61,-0.6644806590930092,-0.664886661024335,-0.7121180225677677,-0.06221328710129234
SC4001E0-PSG,62,-1.4820432037685562,-1.6237453313594405,-1.4813869902053651,-0.10686697182693268
SC4001E0-PSG,63,-0.17450062915307607,-0.8069291810605121,-0.8232936579454526,0.055144756820915714
SC4001E0-PSG,64,-0.5637593270961015,-1.3617053497387577,-1.6053508795517766,-0.05415370216980246
SC4001E0-PSG,65,-0.139140948549835,-0.32937959847860965,0.08379006850566065,0.8067120643593032
SC4001E0-PSG,66,0.4289036587736155,0.27293471977509987,0.20283602804194423,0.5631508857279868
SC4001E0-PSG,67,0.03500532050159004,-0.6826307829495107,-0.5877201216090622,-0.3574181711343331
SC4001E0-PSG,68,0.966269024400632,1.441368881476096,1.3265698170295313,0.1565174016073234
SC4001E0-PSG,69,0.11472912658335424,-0.014066630525223693,-0.2750425771703906,0.12260907527814523
SC4001E0-PSG,70,1.1969568550258967,1.0334940322419672,1.2544103906160973,1.000623116952644
SC4001E0-PSG,71,-0.23839564872365315,-1.659917909346112,-0.8641111206887521,-0.32380223591896323
SC4001E0-PSG,72,0.11813883426025854,-0.5741133184875026,-0.9061855385260543,-0.12677544250469636
SC4001E0-PSG,73,-1.208558565611484,-1.977106792411876,-1.7072706791205279,-0.569391635779805
SC4001E0-PSG,74,-0.38764580456001974,-0.9667829640174264,-0.4403454721561962,-0.2919205910664836
SC4001E0-PSG,75,-1.3643391184756521,-1.376672619392917,-1.6054301965339726,-0.3382849638011981
SC4001E0-PSG,76,-0.48858279223953366,-0.8299400250820157,-0.08426254583406345,0.00419968247811485
SC4001E0-PSG,77,-0.037663650256706316,-0.6802788304978633,-0.4534254025747621,0.0071285645673971115
SC4001E0-PSG,78,-0.3062558259574685,-1.073357588254207,-0.6150440510437166,0.5020663351944787
SC4001E0-PSG,79,-1.3758884162568161,-1.275522632124199,-0.8717731724689505,0.2543031916773492
SC4001E0-PSG,80,-0.8195308566587314,-1.2406317061857024,-0.9721694121138225,0.15532996187888068
SC4001E0-PSG,81,-1.0883041265014408,-1.8524464514943446,-0.9449939745131306,0.2982842759151017
SC4001E0-PSG,82,-0.2705410554875277,-1.2664729152777798,-0.4935764670156411,-0.12225986880599984
SC4001E0-PSG,83,0.05399948567924665,-0.5602839163437353,-0.8710844584473609,0.1731629446371592
SC4001E0-PSG,84,0.2481428012760222,-0.9202693862489751,-0.8750891779043443,-0.06546689096916591
SC4001E0-PSG,85,0.3110858582354,0.43521247983865174,0.13867314932979258,0.4648791073309676
SC4001E0-PSG,86,1.1606470076732442,0.8411445802199445,0.8335549925317072,0.7122641632031754
SC4001E0-PSG,87,0.6311080147708977,0.49771104190024423,0.8274868251004582,0.7865268782640359
SC4001E0-PSG,88,0.5872405569058621,0.18498132766321332,0.6123702151254,1.5456496646538498
SC4001E0-PSG,89,1.115625019252739,1.052997932337413,0.8586545960340106,0.6676339188937146
SC4001E0-PSG,90,0.9290426145732316,1.553507964080512,1.6765813951919526,0.9997706365154475
SC4001E0-PSG,91,1.1861543007303743,1.7063730572176747,2.350135878847022,1.4048045483336018
SC4001E0-PSG,92,1.2437737784636869,1.7216882073041035,2.1976364615651005,1.1551423578581903
SC4001E0-PSG,93,1.102334036376802,2.268576995452713,2.3883242606214647,1.3996199171281978
SC4001E0-PSG,94,1.2119516495391476,2.4156742933588724,2.4975201871450032,1.5161239657577947
SC4001E0-PSG,95,0.8180323838280547,1.2890060830918646,0.6054368266912217,0.8468143666321377
SC4001E0-PSG,96,0.6505111015162568,1.3813839599798008,0.2099963317856001,0.48666212081089805
SC4001E0-PSG,97,0.4808003674161415,0.8103549206577265,0.7473991714520226,0.7434183174772028
SC4001E0-PSG,98,0.6176545768826887,0.8732264046331496,0.4617431049605037,0.4150624100907247
SC4001E0-PSG,99,0.4428295967382332,0.8952088375690623,0.5566093267411758,0.3826120549956212
SC4001E0-PSG,100,1.1633466640494527,1.235779113528641,0.9602863334433156,0.46045424894199194
SC4001E0-PSG,101,0.19339655849997367,1.5057117158806137,0.04602610467189116,-0.055924350111858645
SC4001E0-PSG,102,0.5719187908921408,0.8325240891759357,-0.01948289513059908,0.41402049573310196
SC4001E0-PSG,103,0.8869704510458268,1.0870098783024968,0.5597727304411884,0.6662583272373042
SC4001E0-PSG,104,0.501384512750548,-0.3207479189333648,-0.2576977260872994,0.028932090005539424
SC4001E0-PSG,105,0.5797638056861942,-0.0028672498660699728,0.48315631924317975,1.1364770104147692
SC4001E0-PSG,106,1.6282301029687125,1.2641865787186224,1.6476289106787128,1.5945302852242274
SC4001E0-PSG,107,1.3714884331084622,1.7984123818803737,1.0951723253537906,0.6859010125001129
SC4001E0-PSG,108,-0.2914441835692386,-0.09944217170148954,-0.4136484139342496,-0.1580893722683755
SC4001E0-PSG,109,0.05540301797647476,0.34974148851991577,0.029742830454760415,0.17366984488637296
SC4001E0-PSG,110,-0.7907148310031622,-0.6680229241598395,-1.3040844119605945,-0.05404058223956506
SC4001E0-PSG,111,1.4181181123734528,1.5410587076312134,1.6619051825888393,0.5759785661583315
SC4001E0-PSG,112,1.2217254108633553,0.7377225606548817,1.3276893448479752,0.5058794348767708
SC4001E0-PSG,113,1.5362995202795182,1.651869973904326,2.0315799697249113,0.7073045010276745
SC4001E0-PSG,114,0.7337155101228154,-0.4476799426738758,0.4853818849226515,0.8322679948458491
SC4001E0-PSG,115,0.6942674460109604,1.1348624221998556,1.7334005979595148,0.3347878388925574
SC4001E0-PSG,116,-0.4894308363343039,0.20975628036620964,-0.25594927923295246,0.3375122679611782
SC4001E0-PSG,117,0.27923337750857313,-0.04758723635475858,0.042646936937159936,0.5459356693697645
SC4001E0-PSG,118,0.11601861439980919,-0.11111913500285206,-0.49420543114196785,0.1090779663637951
SC4001E0-PSG,119,0.4129634188662438,0.5074599039436473,-0.2709036911457521,-0.14621392474881512
SC4001E0-PSG,120,-0.7967677879451649,-0.9423676258374954,-0.33157663781370406,0.1481915284630245
SC4001E0-PSG,121,-0.9629576548392642,-1.1198964838310483,-1.2528127231056518,0.017527720748773373
SC4001E0-PSG,122,0.038299855847408984,0.0953338336631345,-1.1047496001586243,-0.21031026950222023
SC4001E0-PSG,123,-0.08589600581837396,-0.18348824062423313,-0.6697692255373984,0.17143456671764531
SC4001E0-PSG,124,-0.2703750305302641,-0.1147544754344538,-0.4176926629297005,0.3461126099207116
SC4001E0-PSG,125,-0.30821063104537505,0.08259291712559193,0.14758744983028793,0.024326381281662264
SC4001E0-PSG,126,0.004607329422796405,-0.11734534756941477,-0.13998261364758988,-0.06905225762061554
SC4001E0-PSG,127,0.14771821868052384,0.5843211243496214,0.07943221701034668,0.32933655397408274
SC4001E0-PSG,128,0.9661592533806481,0.9762697708768734,0.7679925261862515,0.5878624642776277
SC4001E0-PSG,129,0.4168656494534147,0.9412295403567463,-0.23490235878569002,0.20974788651231605
SC4001E0-PSG,130,0.6984547341712072,1.20926420991588,-0.01646940125075808,0.19322936895295698
SC4001E0-PSG,131,-0.1552814705359372,0.15791496958923396,-0.5167786694874545,0.27981309213676975
SC4001E0-PSG,132,-0.2329714250571553,0.1988887027010802,-0.32131178102642827,0.32099860977498795
SC4001E0-PSG,133,-0.6201129725388079,-0.3664336657185724,-0.3303887411045624,0.2333203549300238
SC4001E0-PSG,134,-0.28765886852340433,0.35039807712705157,-0.9961940841932089,-0.3756872457264945
SC4001E0-PSG,135,-0.17810056121074663,-1.0097212072414274,-1.2886940127333717,-0.22859066040903112
SC4001E0-PSG,136,0.23289984825767454,0.10289529202989961,-0.17634428446032793,-0.04408686677802389
SC4001E0-PSG,137,-0.4105217998983945,0.2975907887714732,-0.3427128575610178,-0.02792205989350373
SC4001E0-PSG,138,-0.2219321203487322,0.0008126004810758664,-0.15306976920564147,0.1868147270930592
SC4001E0-PSG,139,-0.5124039591885778,-0.9910370924247996,0.21219563589108906,0.2720328548762633
SC4001E0-PSG,140,-0.06705991272112473,-0.17612634547224446,-0.285113065115183,0.4493344962646101
SC4001E0-PSG,141,-0.46543841980487877,-0.756448893517159,-0.9755661058608144,0.09400226510694207
SC4001E0-PSG,142,0.31294563704096645,0.3954551490626201,-0.3275687304479404,0.3491433609748282
SC4001E0-PSG,143,0.0855362034957134,-0.12255480677861913,-0.2738315407082329,0.2110104067339445
SC4001E0-PSG,144,-0.3687873930266507,-0.48683330043128614,-0.5052504293597865,0.24561506922361018
SC4001E0-PSG,145,0.06689069955390842,-0.3396449187188447,-0.3794144241013588,0.24153591276342712
SC4001E0-PSG,146,0.021400424311068488,-0.03641407528169902,0.24751053180390326,0.5550129449217956
SC4001E0-PSG,147,0.3036820068067149,0.008828805688737304,-0.1915724321560637,0.3115829150029923
SC4001E0-PSG,148,-0.18206850952819567,0.06015241301583509,0.045973646573004984,0.07970827839290807
SC4001E0-PSG,149,0.005318753216376794,0.24404595174308005,-0.16452455450002074,0.7635331385342279
SC4001E0-PSG,150,0.3760459660585852,-0.9168946487843758,-0.4614711120809497,0.45504158395080097
SC4001E0-PSG,151,0.0010950946176114646,0.15200349498643104,0.32965846652127145,0.5755126684928533
SC4001E0-PSG,152,1.0852551533511372,1.9775492135491015,3.9579278192903384,2.441073642141451
SC4001E0-PSG,153,0.07179665357532058,1.2928232817408036,1.7114244713133853,1.7899298601411378
SC4001E0-PSG,154,0.5054722169432632,0.19107848334620658,0.9526020710243128,0.5299409019297723
SC4001E0-PSG,155,0.9428078949877903,0.6313577863051115,1.229999030747816,1.0813341574888566
SC4001E0-PSG,156,0.5048464775462058,0.129660325423308,-0.03594759540449518,0.47957608304168037
SC4001E0-PSG,157,0.55561943689428,0.7688954015408095,1.1199808568849523,0.8821797973135633
SC4001E0-PSG,158,0.8909794439914986,2.090110788693779,2.0809039230250357,1.0526886119480885
SC4001E0-PSG,159,1.087917628733532,2.189304024319314,2.172377492702877,1.1944907163875476
SC4001E0-PSG,160,0.8178541638294217,0.8321607696188027,0.9928139624513019,0.7264974661256374
SC4001E0-PSG,161,0.9254164559926402,1.4157167830170518,1.2113567675545973,0.9377790544985347
SC4001E0-PSG,162,0.6109623182229527,0.3774150767029486,1.4748261833427674,1.3552403496360463
SC4001E0-PSG,163,0.3887145675169616,0.32127102056409,0.2441479376234928,0.9736758167017066
SC4001E0-PSG,164,0.3909686279572552,0.29472895822272677,0.585178033549984,0.5523188081821742
SC4001E0-PSG,165,0.714118365871922,0.9816494723614095,0.7539551043878572,0.5638454663161913
SC4001E0-PSG,166,0.6580522733416551,1.2257412679464856,1.1557589808559603,1.3238936349058468
SC4001E0-PSG,167,0.5971718942647997,1.595443746139592,1.1901078866223276,1.0121246742194951
SC4001E0-PSG,168,-0.5982567435827929,-0.06371016603244099,-0.5108576781817536,0.21648774009738597
SC4001E0-PSG,169,-0.08636467038611267,0.6216402331445926,-0.17761820680842216,-0.08983733568867436
SC4001E0-PSG,170,-0.001663740704124306,0.7971754006960237,0.4398113578209348,0.5044332231136431
SC4001E0-PSG,171,-0.37879359919034455,-0.24317735368415877,-0.34044734317423647,-0.1621582821924586
SC4001E0-PSG,172,-0.9105656914175989,-0.2739166159707934,-0.4706140001762079,-0.1480176529480279
SC4001E0-PSG,173,-0.3935775705911863,-1.0505673111185445,-0.1370561257633102,0.11882359423527712
SC4001E0-PSG,174,0.22343297224135683,0.32541665595321134,-0.18964929516621243,-0.0015644044781714767
SC4001E0-PSG,175,-0.12461664739906764,0.09701765039734181,-0.6894319165456109,-0.02610685313792948
SC4001E0-PSG,176,0.5397007973545018,0.623679182719855,0.3422057017396924,0.5562140645937786
SC4001E0-PSG,177,0.7642099837242382,1.2095519937992123,0.6259028644024038,0.3757920102321942
SC4001E0-PSG,178,0.20539628699434562,-0.15892488965727378,0.8302479922988532,0.31714710347341896
SC4001E0-PSG,179,-0.05937097907152041,0.1431071327039104,0.419007391400888,0.6531868043908479
SC4001E0-PSG,180,0.10110739029061942,0.017758403369541396,0.7158068234476266,0.8014297488962263
SC4001E0-PSG,181,0.8518346986390857,-0.01877013177257527,0.6999763936554346,1.1170566072986072
SC4001E0-PSG,182,0.4140320040380239,0.42343912845947035,0.7300731489397356,0.846242312690633
SC4001E0-PSG,183,0.6409734042134355,0.6715958325214456,1.3782373582910585,0.7543100288118713
SC4001E0-PSG,184,0.35004769800729224,0.6103087774086305,0.49142568199381476,0.6110704359061229
SC4001E0-PSG,185,-0.06335682292476233,-0.4020557200462913,-0.7004384258246613,0.079291300936387
SC4001E0-PSG,186,0.24969492040825028,-0.3148029913741926,0.6701518304838193,-0.09090761514554588
SC4001E0-PSG,187,0.8614065437880027,0.4853306689653264,0.7499130630307553,0.38841237126875594
SC4001E0-PSG,188,-0.3743644036299813,-1.1182286333620388,-0.5357415611523276,-0.031212278700078262
SC4001E0-PSG,189,0.6346961368246586,1.1841501293011214,1.7634138865859958,0.9854254909739675
SC4001E0-PSG,190,0.6370134089145648,0.584465397052983,0.8835307418717046,0.5170780393438302
SC4001E0-PSG,191,0.7252348999436288,0.18524648453775527,0.23625760585766734,0.47399405559796187
SC4001E0-PSG,192,0.8544639085330377,0.7202346541147265,-0.03645200994407844,0.8269356757121886
SC4001E0-PSG,193,0.31641244741093183,0.5761548185428527,0.7080390130006678,0.20145512205303864
SC4001E0-PSG,194,0.7286113058084608,-0.02646529730124134,-0.0026091891874834923,0.6837557093603998
SC4001E0-PSG,195,1.4929426887642028,1.20385538172692,0.018029671917097635,0.2321337227016302
SC4001E0-PSG,196,0.5718586602139315,0.6614992163112564,0.8481824708813439,1.3537822130161965
SC4001E0-PSG,197,-0.7203282734537512,-1.059565742518212,-1.3913671066483657,-0.24010267096643462
SC4001E0-PSG,198,0.5252440623739757,0.969693647017146,1.0273271588043653,0.7324464148731118
SC4001E0-PSG,199,0.8468412017296075,0.3173760639437576,0.5650007964185104,0.41289663304381774
SC4001E0-PSG,200,1.4875464252838342,1.1369364418815373,0.6825769129675249,0.5376583839692951
SC4001E0-PSG,201,0.8803318914599911,1.2903373735488617,1.1050010426127717,0.8633075491635629
SC4001E0-PSG,202,0.37432205103577104,-0.3704330165606085,-0.5086792473181327,0.24802620955170065
SC4001E0-PSG,203,0.5691219396943403,0.712487249553934,0.6682617938138647,1.1803504053603864
SC4001E0-PSG,204,-0.591330154387316,-0.7234263895443993,-1.2526926607914404,-0.3339892726537794
SC4001E0-PSG,205,-0.48638872921082366,-0.797860041887277,-0.6127491156924003,-0.04532286661959859
SC4001E0-PSG,206,0.1097836879121959,-0.30342100969057,-0.3746652134524665,0.21094997531686482
SC4001E0-PSG,207,-0.24920463565498394,-0.4603630484872708,-1.02178376309781,-0.2020252238929312
SC4001E0-PSG,208,-0.5960566107400879,-0.889825501711758,-0.41466621870424836,0.08648856414249038
SC4001E0-PSG,209,-0.0653622186390439,-0.06307262113546871,0.4306163678788225,0.4697278461002312
SC4001E0-PSG,210,0.8211826307602806,0.9252566645922183,1.4229636172398163,1.170494093052255
SC4001E0-PSG,211,0.5958977832378576,0.7417167424397885,0.2090638059340428,0.5917678836098318
SC4001E0-PSG,212,-0.2478792443266145,-0.6856424575272334,-1.3749869671077106,-0.008153828346814409
SC4001E0-PSG,213,-0.0120702831272472,0.11455459565539299,-0.353249019706336,0.45739237548642486
SC4001E0-PSG,214,0.6405398569748488,1.05332566839202,1.9468738852040937,1.2714303404285425
SC4001E0-PSG,215,-0.5260438055588027,0.14356188953584362,0.03464394097005166,1.115833693807367
SC4001E0-PSG,216,-0.33145869012821233,-0.2104579350659052,0.1858552888135054,0.662660587162978
SC4001E0-PSG,217,0.20449449036133646,0.6453144210399192,0.7209103221762099,0.5007096762683343
SC4001E0-PSG,218,0.4988508932110891,0.29485971119920557,0.43005405310543415,0.6849189584336023
SC4001E0-PSG,219,-0.276172727114314,-0.7134274032717475,-0.8595324365080432,0.04236597413544189
SC4001E0-PSG,220,-0.7685964609743084,-0.5635408596628512,-0.671653922017244,-0.25126271986130005
SC4001E0-PSG,221,0.12410284960821322,0.6023726634410701,-0.17811934812230673,0.47645426234536414
SC4001E0-PSG,222,0.38341355415161926,-0.19302489990408322,-0.3783096613342837,0.6520300241584315
SC4001E0-PSG,223,-1.294894950255533,-1.8559563942131991,-1.2225731303041731,0.023679129200505706
SC4001E0-PSG,224,-0.18085244431912698,-0.1789999325308429,-0.4948687587933122,0.5745124687141786
SC4001E0-PSG,225,0.6063051237611843,0.6091414545254635,0.5698085300316146,0.48334370791102804
SC4001E0-PSG,226,-0.13013032679782124,0.08420615121283324,-0.8822704164468148,0.2656605391586772
SC4001E0-PSG,227,0.9306822755022548,0.3645775173048063,0.5987250791335499,0.8202626743565573
SC4001E0-PSG,228,0.7486147838874717,0.7118395854833239,1.248236649376861,1.0101820884061474
SC4001E0-PSG,229,0.18539094090952435,0.7008144047468848,0.22219423103213132,0.659325900925516
SC4001E0-PSG,230,0.736195653598855,1.0646209966000904,1.3987282161815364,1.0132347357609033
SC4001E0-PSG,231,0.49945850464643743,0.4855037537065067,0.7978800933189871,0.8148052631583841
SC4001E0-PSG,232,0.3651002860936194,-0.3731573347784209,0.24719454163913382,0.3241972805448281
SC4001E0-PSG,233,-0.6399843616808868,-0.5222450328990205,-0.9046139868293018,-0.2628193690366991
SC4001E0-PSG,234,-0.2786999030667332,0.18886060929139928,0.15820302798186545,0.42615085624908844
SC4001E0-PSG,235,0.19248170372235596,0.0769682779102504,-0.24638399197711475,0.15131029504581683
SC4001E0-PSG,236,0.39966469226985196,0.32452780108152485,0.2168226062600299,0.6193659104302229
SC4001E0-PSG,237,0.42163024500699653,0.017553765500071487,-0.22665970857810216,0.485861097700787
SC4001E0-PSG,238,-0.027642802925861805,0.10184471816286095,0.48093839735158556,0.7589929033962566
SC4001E0-PSG,239,0.4079807326552843,0.35047715282078135,-0.37029396026143624,0.1791765069115266
SC4001E0-PSG,240,1.16225007099125,0.9578269342596488,1.3551567422988449,1.4523633447701993
SC4001E0-PSG,241,0.7058806700586777,0.746094803531961,0.6760788200439621,0.8552323294846066
SC4001E0-PSG,242,1.2136709750370804,0.6515375540849881,1.5515718804518492,1.6567853293787698
SC4001E0-PSG,243,1.3666416042531098,0.19083775371527117,0.18084961610559508,0.334432326890645
SC4001E0-PSG,244,0.7071420346218947,-0.2528553145414391,-0.5008481866541332,0.20693763464781179
SC4001E0-PSG,245,1.2221478196206244,1.1036992809981023,2.304111624453619,2.045292480437294
SC4001E0-PSG,246,1.3475646149494662,0.9994274668563077,1.0620432174561494,1.2070771340727608
SC4001E0-PSG,247,1.3090150742979043,1.0017639457221688,1.1079310989752522,1.1200620295689723
SC4001E0-PSG,248,1.2938173188500455,1.1492718549482734,0.8314945217475179,0.6372897476281659
SC4001E0-PSG,249,0.9832725860347571,0.05065280288203262,1.6011457079770712,1.821168809832658
SC4001E0-PSG,250,0.9529150447287095,-0.22627203617233219,0.16196799178556612,0.7827388698974213
SC4001E0-PSG,251,0.9368537580552683,0.21110931677801473,0.31226114145256223,0.48082213299603643
SC4001E0-PSG,252,1.5939128227869384,0.5851116833414662,1.129244738513159,1.1990133331226893
SC4001E0-PSG,253,0.7187716610885977,0.9652917816655335,0.27267914920181113,0.045248727454623446
SC4001E0-PSG,254,0.8728664804290618,0.8995060553578105,0.7143226974692309,1.664261690065091
SC4001E0-PSG,255,0.160949028937786,0.1579866670756383,-0.2915158851815651,0.28776454634251475
SC4001E0-PSG,256,1.0005715841675005,0.49000138591959963,0.6236581075973378,0.9639876801859233
SC4001E0-PSG,257,0.7190649325805586,1.0885292603874952,1.9747048052547944,1.5434542786408294
SC4001E0-PSG,258,1.2883318011219371,1.7638598824212508,1.9184529214397126,1.3579156354600352
SC4001E0-PSG,259,0.7744581640573351,2.2271850896312113,2.6902540761130096,1.600406291610723
SC4001E0-PSG,260,0.4945907796510883,1.202498377381923,0.9958288676547083,1.5127154375765244
SC4001E0-PSG,261,0.3733770430700372,0.3801069759527561,1.69629518116394,1.5189498829150698
SC4001E0-PSG,262,0.997343154430802,1.2738540210204659,1.011769116117642,1.1329722839669232
SC4001E0-PSG,263,0.9528364229489464,0.7658303395069677,1.807216671166729,1.4126069697470083
SC4001E0-PSG,264,1.0991667268315204,1.39116818723808,1.5929420849685854,1.373865335608012
SC4001E0-PSG,265,1.2758752596096865,0.7500358268704317,1.107819048996479,1.1404874531343527
SC4001E0-PSG,266,1.0932388223221634,1.215435197809347,1.7181216814974394,1.10611959439258
SC4001E0-PSG,267,1.1905786395053164,1.3415793077306544,2.0149639632542167,0.7594851734216855
SC4001E0-PSG,268,0.7992215374418754,0.9907438804008192,1.315841639949119,0.5871788140804378
SC4001E0-PSG,269,0.42452916823689657,-0.06647851609546232,0.2794997726511003,0.5022770091957525
SC4001E0-PSG,270,-1.2644031406642324,-1.5466818527624935,-2.1307274841978407,-0.6240306801492711
SC4001E0-PSG,271,0.7471361961957127,-0.7357011561296526,-0.13834308532441472,0.5688192312214339
SC4001E0-PSG,272,-0.3370127058532471,-1.0958708524210108,-1.017827308786336,-0.026124083773233574
SC4001E0-PSG,273,0.15187826540871813,-0.885114174462058,-0.7406779497572495,0.4960510538830123
SC4001E0-PSG,274,-0.5056726310903366,-1.0398550093850645,-1.2847207219901076,-0.2810435020671871
SC4001E0-PSG,275,0.3741262567899846,-0.46492666925919096,0.05139708544294178,0.4889112834273505
SC4001E0-PSG,276,0.17727725569390926,-0.8603834011625582,-0.9707619099890025,0.32662921873871914
SC4001E0-PSG,277,-1.3139224348625649,-1.4699271258679105,-2.2553776897222284,-0.6130310895343436
SC4001E0-PSG,278,-1.3717287801471092,-1.380864134035144,-0.9784555139259974,-0.4975857740026464
SC4001E0-PSG,279,0.4618944054894312,-0.7986822079770377,-1.2536138700422281,-0.315569903538657
SC4001E0-PSG,280,0.38389476919521537,-0.22432299516959067,-0.290993018803094,0.4366923592554099
SC4001E0-PSG,281,0.3120086770634266,-0.9242053907556971,-0.93379143597177,-0.18043664626631525
SC4001E0-PSG,282,0.7069867066456382,-0.4136218377146834,-0.4276013125578984,0.4733210114160728
SC4001E0-PSG,283,0.6336326070936874,-0.3848604868652438,-0.15431782371957703,0.6385392726753727
SC4001E0-PSG,284,0.6924443373964366,0.3348029134420732,0.23172838593324507,0.07365804670099449
SC4001E0-PSG,285,0.4862554010444488,0.1558595192021737,-0.44012001357864605,0.18869502952902456
SC4001E0-PSG,286,0.5551150354267068,-0.5523996035620935,-0.7055469836074821,0.4262324623615754
SC4001E0-PSG,287,0.23806987913333763,-0.09667370643373945,-0.03365509827981769,0.6274140187020801
SC4001E0-PSG,288,0.23310770945774822,0.43123725761342036,-0.5010316784734159,-0.15358594867550077
SC4001E0-PSG,289,0.4041826743574882,-0.42269157336859975,-1.5208263778257178,0.23405710212971462
SC4001E0-PSG,290,0.5211942110671408,0.10544662976779902,-0.049533755508239075,0.3555392523497001
SC4001E0-PSG,291,0.6737718948971402,0.61538511336812,0.4412077968771551,1.0068686006562635
SC4001E0-PSG,292,0.957906610626601,0.4253503475628911,-0.18553896342999673,0.817584615350806
SC4001E0-PSG,293,0.2050298384482581,0.1107624268524763,0.2564387317088429,0.26214497310453755
SC4001E0-PSG,294,-0.45444376183517693,-1.2785806074732116,-1.137094033477338,-0.09791010698299084
SC4001E0-PSG,295,-0.912226847037322,-1.0774913800882997,-1.0505496605858218,-0.3260047069404112
SC4001E0-PSG,296,1.161869391888647,0.5177424633596379,0.4058624503595474,0.4361349477487598
SC4001E0-PSG,297,0.4777117364154835,-0.4271413414746533,0.005027338754931727,0.25114661633585655
SC4001E0-PSG,298,0.10387523984952987,-0.08955142936436444,-0.32544776553219423,0.15979898153626018
SC4001E0-PSG,299,0.9416888492704035,1.0940355253515357,2.4936733978025156,2.0388406251855304
SC4001E0-PSG,300,0.7686582226238824,1.5133164881529784,2.6780771374582173,2.2522284936964825
SC4001E0-PSG,301,0.49596859171898655,0.7801859314509831,1.8863254472275424,1.7639031765838757
SC4001E0-PSG,302,1.2768380187679937,1.189501861775212,2.7493542600037535,2.1908672683209858
SC4001E0-PSG,303,0.7465791758707147,0.46680909251732605,0.640007078715174,0.2796628401210534
SC4001E0-PSG,304,0.9909338807239418,1.155796754343004,0.8925374446205108,0.7554990259631601
SC4001E0-PSG,305,0.7363288451428667,0.6989824519321278,0.5552667194478308,0.4818046055657406
SC4001E0-PSG,306,0.1645264877680361,0.021886274383556847,-0.13077446054735115,0.2941146944632887
SC4001E0-PSG,307,0.6039575686262866,0.7067288174154643,1.2004044935366633,1.2728644103721898
SC4001E0-PSG,308,0.6314092777759887,0.7942178163418854,0.9409433668281487,0.6817386339342323
SC4001E0-PSG,309,0.26493144579483247,0.26141403317039413,-0.13669637459897774,0.4411903074875043
SC4001E0-PSG,310,0.3586637966670243,-0.12647035828756636,0.19342111034380827,0.4696374671487707
SC4001E0-PSG,311,-0.20401741252078842,0.38329928216543296,-0.46000697779364436,0.536256723928891
SC4001E0-PSG,312,0.40945356830070767,0.11692158328615608,-0.42075807589802316,0.09770129267811094
SC4001E0-PSG,313,0.5334460753717601,0.8250277248649895,0.9595402558491596,0.8234553542988311
SC4001E0-PSG,314,0.1515199853793446,-0.5119760823501637,-0.12470748043394012,0.47217932761733494
SC4001E0-PSG,315,0.14432302303352063,0.37343429324953925,0.16854838667039612,0.18405639884681582
SC4001E0-PSG,316,-0.040202738427271394,-0.4043845121362006,-0.7979058723468575,0.4196279687273347
SC4001E0-PSG,317,0.406058342713675,-0.03174554373863365,-0.9233801963327057,0.2464335616928893
SC4001E0-PSG,318,0.16731664196277451,-0.44121961288454786,-0.3834740661516755,0.17356929071375357
SC4001E0-PSG,319,-0.686548226409667,-0.39879803919646933,-0.2987789824776059,0.3377517656824852
SC4001E0-PSG,320,-0.4122138653325587,-0.9466940318480017,-1.2026316429574262,-0.1138343607104781
SC4001E0-PSG,321,-1.362319729079151,-0.12286777076024309,-0.36020340219886304,-0.31333091893248455
SC4001E0-PSG,322,-1.0842995896295662,-0.715433896220127,-2.677395274493739,-0.2195293701915358
SC4001E0-PSG,323,-0.303738842068844,-0.19845344795524608,-0.5011356795084122,-0.23925206845201438
SC4001E0-PSG,324,-0.2691293719882288,-0.7154004742765286,-0.3039192342557641,0.21237293128598708
SC4001E0-PSG,325,-0.9798733839784559,-0.973389221518856,-0.9159549272861153,0.2672186543204281
SC4001E0-PSG,326,-0.12060620279131824,-0.3077686712564022,-0.10590752102023332,0.1006402822064183
SC4001E0-PSG,327,0.5059916906439241,-0.54523147882485,-0.29238634023869453,0.34579093803905964
SC4001E0-PSG,328,0.13249235251320363,0.0729001627830561,0.039489732497558924,1.186383782433279
SC4001E0-PSG,329,0.29625379176824057,0.5971086586860387,0.42920291141867645,0.3672575090521583
SC4001E0-PSG,330,0.5693951805737812,0.304892352533673,0.20822361131719638,0.19229591964847836
SC4001E0-PSG,331,-0.2788453178107002,-1.0622101416796372,-1.105919329528498,-0.13513607725637794
SC4001E0-PSG,332,0.24229764999595,-0.24195740677674643,0.6892759444449965,0.8768389351585701
SC4001E0-PSG,333,0.4356112832307858,0.7842798904869283,0.7615103104447718,0.6027192609565635
SC4001E0-PSG,334,0.24550000741527753,0.2782492609210569,1.0177636330626094,0.6428932787705102
SC4001E0-PSG,335,0.5801409369132458,0.6329275786112379,-0.2882869449866876,0.2095258596225551
SC4001E0-PSG,336,0.5055883269915883,0.48962108333284515,0.19993654509131534,0.20928553627459054
SC4001E0-PSG,337,0.696157993634738,0.4428865292784169,0.9674700853523742,1.4004289191798256
SC4001E0-PSG,338,1.0052066584679544,0.9932643233514626,1.3037266456477032,1.2619564863583814
SC4001E0-PSG,339,0.6089159530160009,0.6867103546572416,0.650402348497207,1.0395508665099267
SC4001E0-PSG,340,0.8065032691469431,0.6953724646896464,1.124775447740952,0.8663575698607581
SC4001E0-PSG,341,0.6314498970045109,1.2855423394413001,1.031396303371082,0.5467113818596369
SC4001E0-PSG,342,0.5950896712351418,1.2221198354242147,0.8923804503289555,0.4253804934197727
SC4001E0-PSG,343,0.9390468310057148,0.7874365609967938,0.821659849622864,0.671103045409688
SC4001E0-PSG,344,0.14089442648366884,-0.5341201038738452,-0.14184677618105584,0.36123810360283903
SC4001E0-PSG,345,0.06432433504607972,-0.5350212680498221,-0.028485602902920182,0.3063173317337745
SC4001E0-PSG,346,0.15680468264981456,-0.8440096496082413,-0.45746158020947875,0.33475567107752585
SC4001E0-PSG,347,0.4574134854647701,0.31836816920623034,-0.558741899649783,0.31971541380834856
SC4001E0-PSG,348,0.18437224548211448,-0.41379606770693705,-0.193880563689192,0.2212816843716597
SC4001E0-PSG,349,-0.32477449702697847,-0.3105655914546462,-0.6579456447127454,-0.1854168424356473
SC4001E0-PSG,350,0.33686114138811035,0.2537041520620435,-0.1395493141513928,0.3777431321442679
SC4001E0-PSG,351,-0.05496018809487456,-0.6285466366551166,-0.41114849491000727,0.20943305660901776
SC4001E0-PSG,352,0.2542356878646863,0.5955158143119823,0.4118858780628909,0.5305760097440304
SC4001E0-PSG,353,-0.6144323379702538,-1.1150309566952712,-0.9066371717466801,0.23577736032273344
SC4001E0-PSG,354,0.3174556476290444,0.5402690077600703,0.47829213609546434,0.5036435033120708
SC4001E0-PSG,355,0.4170405653793625,-0.04610523996687412,0.20252808073746367,0.4322267532889408
SC4001E0-PSG,356,0.35676835427180353,0.48353752362009855,0.3182671447832151,0.23454672844510255
SC4001E0-PSG,357,0.00027728159915934935,-0.23256825378491858,-0.2860016801639142,0.3050087598082189
SC4001E0-PSG,358,0.22489544005789702,0.25426023327760666,0.08534839266487251,0.13074760201713936
SC4001E0-PSG,359,0.5950662586844208,0.7191232052208787,0.2705222830288182,0.3400852011011042
SC4001E0-PSG,360,0.9109264310222748,1.205771088183486,1.2355615262728579,0.6640237112103348
SC4001E0-PSG,361,-0.11634763160067581,0.1563914390730809,-0.8466357096539092,0.1590819944451804
SC4001E0-PSG,362,0.4185277692333213,0.5335503151989304,0.7223680630716541,0.5651425783623988
SC4001E0-PSG,363,0.49011016767112875,0.19693413079579505,-0.09496450849717797,0.4607723068801529
SC4001E0-PSG,364,0.37459242151581856,0.11911189204843717,-0.02418588738822117,0.7636435847149685
SC4001E0-PSG,365,0.08912009727753341,0.3714178688905134,0.3329780261434418,0.5621846151579354
SC4001E0-PSG,366,0.2168725697599149,-0.15229557644820316,-0.5910329473880883,0.2635124395171826
SC4001E0-PSG,367,0.40982941999904654,0.24044885140762154,0.02702249283731636,0.399813296284066
SC4001E0-PSG,368,-0.15748212630194508,-0.6199467866906436,0.011761887500395746,1.256273820833117
SC4001E0-PSG,369,-0.7662276346342809,-0.980467591665784,-1.3665908130942337,-0.34308942184290125
SC4001E0-PSG,370,0.09053082568972341,-0.26276341303649,-0.69534027506714,0.16126565984063712
SC4001E0-PSG,371,0.41724315357011665,0.2857129617632939,-0.16153101310960494,0.5031093465829571
SC4001E0-PSG,372,-0.32922850796740644,-0.4064025625744546,-0.07613625120370851,0.7591973949752064
SC4001E0-PSG,373,0.08466672280769161,-0.30842301991799814,-0.7476512786153248,0.3246496319836389
SC4001E0-PSG,374,0.3259532098275935,-0.17104749658201301,-0.6292863257009202,0.5129651752256256
SC4001E0-PSG,375,0.1599749672971315,-0.19315885465711607,0.40519789035738873,1.3124778368059102
SC4001E0-PSG,376,0.2975044008028362,-0.14090375547888448,-0.15407415873251318,0.7642803430677935
SC4001E0-PSG,377,0.25836372011440123,0.8227287604275032,0.601036002353298,0.938637246492362
SC4001E0-PSG,378,0.19263907302008978,0.8425938617050348,1.8093833617932724,1.4431978643176284
SC4001E0-PSG,379,0.5715510890163974,0.24805705320344296,0.2319842730027169,1.0835135455869653
SC4001E0-PSG,380,0.5833912066237013,-0.5991664499955385,-0.1698350336581202,1.1823435658409183
SC4001E0-PSG,381,0.15809414114401363,-0.5459488142527127,-0.8548434251064704,0.32827895352160924
SC4001E0-PSG,382,0.9173727891034354,1.0194848945500687,0.5655131183530956,1.4337216964067387
SC4001E0-PSG,383,0.8147172701240005,0.8649042406940541,1.2951683629674913,1.3500216861634515
SC4001E0-PSG,384,0.48912066260310305,-0.350259003476164,-0.34157005448136374,0.1878308438837251
SC4001E0-PSG,385,0.6507141848507899,-0.5674227889097907,-0.5591478790669071,-0.19746205412781345
SC4001E0-PSG,386,0.7412064255317214,0.7918023857436631,0.3379624027340774,0.23804179327321998
SC4001E0-PSG,387,1.3417630605280173,1.0570805055025905,0.4453314559503385,0.5522241998176667
SC4001E0-PSG,388,1.007930434820152,0.4538501133333686,0.20610562781776323,0.46889958096201495
SC4001E0-PSG,389,-0.06254401624105556,-0.6019034123331835,-0.8173718693752389,0.14071406062305095
SC4001E0-PSG,390,0.24478413418003456,0.2467455023237162,0.13702973767886945,0.389382813312435
SC4001E0-PSG,391,0.2670403565006997,0.2303167329776662,-0.16658004084679945,0.45895417279951095
SC4001E0-PSG,392,0.8888903401961925,0.7542602915547291,0.48496962444384634,0.8151574738919339
SC4001E0-PSG,393,0.20296621185428268,-0.31115668836068183,-0.16841734847127496,-0.016031975072738788
SC4001E0-PSG,394,0.41076820336759273,-0.3225950925369465,0.07200379714184299,0.19525109020328457
SC4001E0-PSG,395,0.4125293231360725,-0.20739340414784935,-0.26316490618489585,-0.010428865665892458
SC4001E0-PSG,396,0.053604840150666244,-0.5040042859279245,-1.0749255558714743,-0.03759803847292782
SC4001E0-PSG,397,-1.4621561858430154,-0.909570890567718,-2.1375772388836003,-0.4487731956418821
SC4001E0-PSG,398,-1.4069623185690103,-1.561029344251649,-1.6415153126078639,-0.14296390213864701
SC4001E0-PSG,399,0.9125763907510093,-0.14586258726869125,-0.029990395457712992,0.6966404012441709
SC4001E0-PSG,400,0.32640008451203556,0.5717921327713071,0.8708493169044491,0.7294410478929191
SC4001E0-PSG,401,-0.5283126642952377,-0.2084151101005621,-0.3113987803136362,0.3453644577903211
SC4001E0-PSG,402,-0.5282288451393652,-0.08168613226158306,-0.30566194718946504,0.31866600148088114
SC4001E0-PSG,403,-0.5496135035497458,-1.297872312726273,-0.29514564829241446,0.515536952187356
SC4001E0-PSG,404,-0.9459745441091865,-0.15951783654544208,-0.46717407685594803,0.6034336112136689
SC4001E0-PSG,405,-0.03198144025332847,0.588160610844544,0.2292411482263255,0.366413065800987
SC4001E0-PSG,406,-0.8410865762419779,-0.5724369215866799,-0.5657957117821483,0.22092794292094123
SC4001E0-PSG,407,0.21257384855584308,-0.18263640815153595,-0.21452346225913174,0.72975177518201
SC4001E0-PSG,408,0.05719289496411576,0.12946693753618413,0.25625727585911295,0.727001220843189
SC4001E0-PSG,409,-0.2115107367487645,-0.2593534572095027,-0.552454713599181,0.44846744927097937
SC4001E0-PSG,410,-1.038428724030759,-0.26822613578602567,-0.8808422927950338,0.4891641054784281
SC4001E0-PSG,411,-0.3781804746809881,0.5705784552648124,-0.21400150433156917,0.3017255839155399
SC4001E0-PSG,412,-1.9781245534457539,-1.0948939789628434,-1.310919196323179,0.38517548430205784
SC4001E0-PSG,413,0.13457598142506774,-0.20269939215722596,-0.06844111958487238,0.9418100097886218
SC4001E0-PSG,414,0.2800866526433839,0.158663464122469,-0.1514706170736534,0.5585740956316633
SC4001E0-PSG,415,0.4802378936239619,0.16825949742772822,1.306064559848123,1.4661832758586903
SC4001E0-PSG,416,-0.729809173102197,-0.21971139016098895,-0.641072994936722,0.4566422129762665
SC4001E0-PSG,417,-0.6099365922826755,0.40284012258599766,-0.15447495620539384,0.7730222901275506
SC4001E0-PSG,418,-0.23210404354400863,0.38509176276336043,-0.300096053671674,0.48301309379571256
SC4001E0-PSG,419,-0.8072527329882213,-0.3915421656401568,-0.5271823993057712,0.43688491780620664
SC4001E0-PSG,420,-1.4842900878558232,-0.9839602844114473,-0.5734535248692839,0.2892004173447546
SC4001E0-PSG,421,-0.02082593388302953,-0.6245861558566024,-0.5341913504984287,0.824514242175351
SC4001E0-PSG,422,0.12802506266420663,1.7636032806998685,0.5721238515750192,1.0198355395460748
SC4001E0-PSG,423,0.21146831519535,1.157359507690353,0.731128985045369,0.8147045372921962
SC4001E0-PSG,424,0.38372872092398624,0.4152047573930244,0.22117639346163429,1.2853607396018136
SC4001E0-PSG,425,-0.94381438398457,-0.6437599788431813,-1.7087506561170125,-0.4780643713270035
SC4001E0-PSG,426,0.2563763825069707,0.57780660944207,-0.27702109365180205,0.38230554912685355
SC4001E0-PSG,427,-0.24824490566112747,-0.3278084838800309,-0.5138197423159214,0.39794569585250866
SC4001E0-PSG,428,-0.3124472326912553,-0.9609984051678208,-0.5335708588211955,0.2961794153608394
SC4001E0-PSG,429,-0.5723660170080299,-0.3445291052967526,-0.6819342443862146,0.4121155073607266
SC4001E0-PSG,430,0.42743625788286865,0.772706917798623,0.0022889900363346027,0.7696288108879497
SC4001E0-PSG,431,-0.32872704051214485,-1.205334497557801,-0.8810387918424216,-0.03178041985201492
SC4001E0-PSG,432,-0.12641843983890974,-0.19146789821759277,-0.25643420577498016,-0.6521624172739122
SC4001E0-PSG,433,0.025144207652028887,-0.4109610874778243,-0.2663728196047952,-0.027870049138041864
SC4001E0-PSG,434,-0.025793264842480318,0.44078751563367125,-1.2079392235456239,0.017235055312445565
SC4001E0-PSG,435,-0.6834170938541891,0.02870416871235186,-0.9938350734181663,0.16629248517382608
SC4001E0-PSG,436,-1.4058975885225045,-0.7975395677999475,-1.003543202484451,0.5689401234931901
SC4001E0-PSG,437,-0.866765573715772,-0.3056846656380037,-0.08573628390685631,0.09714231737533734
SC4001E0-PSG,438,0.6158812950248329,1.584331779902162,1.3441674217446549,0.9708521010761323
SC4001E0-PSG,439,0.3776710564628568,1.16433824578978,0.11194453071062163,-0.06839349510609274
SC4001E0-PSG,440,0.8257389280547996,0.9488653488185039,0.39223129480747715,0.07463832903255693
SC4001E0-PSG,441,-0.3963039163737222,-0.8663177301262195,-1.0127639736553833,-0.012016642248082219
SC4001E0-PSG,442,0.3559015118299283,-0.03900836550114027,0.5281607530112581,0.4679056446842508
SC4001E0-PSG,443,0.05206497021654564,0.6723352908993331,0.206882814162035,0.2908900976195937
SC4001E0-PSG,444,0.29843326405763543,-0.010140326093071606,0.2115873017075801,0.38379328852340133
SC4001E0-PSG,445,-0.13388975892891525,-0.20625899615673307,0.045611144257522794,0.8188038441328634
SC4001E0-PSG,446,-1.051043549201517,-0.28926800321819707,-0.41656039641978476,0.6622313945912254
SC4001E0-PSG,447,-0.030896389828765275,-0.07607252850008094,-0.47045852032866825,0.4616120210370382
SC4001E0-PSG,448,-0.3278520566459576,-0.1662922433563358,0.5594415430749694,0.6659829363982759
SC4001E0-PSG,449,0.2770658867686698,0.27340908028329647,0.8460064488673293,0.3913412078341875
SC4001E0-PSG,450,0.33983286617489655,1.4383947647064392,1.3261713013813934,1.0963925064066673
SC4001E0-PSG,451,-0.030845955985621506,0.08368043654297573,0.4529873264826026,0.753389223647606
SC4001E0-PSG,452,0.13695037488608064,0.3420894722324781,-0.14427253219519767,0.3337255548443265
SC4001E0-PSG,453,0.2667933060184295,0.13438572666874563,-0.4138322362387113,0.1399465483967924
SC4001E0-PSG,454,0.09944820495576642,1.5520606308529985,1.296928078648646,0.9754327341232679
SC4001E0-PSG,455,0.5872704593022073,0.9687847456212849,0.6575454264832233,0.4460390598130859
SC4001E0-PSG,456,0.556691739586796,1.4272147311101222,0.9067237477361686,0.6404700374712186
SC4001E0-PSG,457,0.18247546408481993,-0.47761367297031904,-0.2702927579307065,0.21615453584027414
SC4001E0-PSG,458,0.5422537457759402,0.16609508008806764,0.3128472046314083,0.5643240688412822
SC4001E0-PSG,459,-0.7899171019579709,-0.2807795885902447,-0.6579359375364591,-0.14111237494917608
SC4001E0-PSG,460,-0.9427668576815116,-0.1502376076394301,-0.5601800345505067,-0.02269135068881567
SC4001E0-PSG,461,-0.0970201873558747,1.0834689865419052,0.9561956691502542,1.137026328143646
SC4001E0-PSG,462,0.47356387033235803,0.8470436486701864,0.4620918920007244,0.8267867781252509
SC4001E0-PSG,463,-0.9332221183623993,-1.7433925331115812,-1.0634009983699813,-0.09333151194797715
SC4001E0-PSG,464,0.013088848752157796,-0.04309655938228549,-0.539797600815714,0.10944856587604873
SC4001E0-PSG,465,0.08870515878331496,-0.2877645186599107,-0.44171046226567184,0.8562757332291769
SC4001E0-PSG,466,-0.0710976299382333,-0.10156758922324303,0.5561804400631808,0.5434624552685836
SC4001E0-PSG,467,-0.10352799602055089,1.253486522468798,1.9293003176237733,1.7015134555839662
SC4001E0-PSG,468,0.4763237696097941,0.8945653386340888,0.6674752236671977,1.1763905177529943
SC4001E0-PSG,469,0.04620666213711165,1.382677651752287,0.9620443452099425,1.388642438927546
SC4001E0-PSG,470,0.4461809337410233,1.0482308821907536,0.5022574860893028,1.410074179910424
SC4001E0-PSG,471,0.7761872524891288,1.5289228255424958,1.789102560757588,1.1818400890127612
SC4001E0-PSG,472,0.8172095596939855,1.9556746084352508,1.48852782975271,1.4354912845991146
SC4001E0-PSG,473,0.5433546869414725,1.7752538227280217,0.7136793254257452,1.223542416035117
SC4001E0-PSG,474,0.25440611307138555,1.1418578925868275,0.2777213597236431,1.2517156192643677
SC4001E0-PSG,475,1.0049806360226796,2.429062815483781,1.1396444856887438,1.3271135592431411
SC4001E0-PSG,476,0.16461840766861405,1.4787806882124555,0.9600282620967724,1.1568414971871948
SC4001E0-PSG,477,0.7787477289610045,0.4982913412169731,-0.012511305327636273,0.9429943113572494
SC4001E0-PSG,478,1.0518551925762336,1.1041126336749256,1.5078541367608478,0.9021772891620781
SC4001E0-PSG,479,0.8048819158857398,0.07140677946025369,-0.10222639027145908,-0.08642653931433054
SC4001E0-PSG,480,0.5915208604596168,1.460298565336669,-0.19044217691553364,0.7114731783676792
SC4001E0-PSG,481,0.3156515546679706,0.6766356302870746,0.5527990489811583,0.7083653163909917
SC4001E0-PSG,482,-0.4425549448276013,0.3619123129477007,0.6283914549876567,0.8463562630292581
SC4001E0-PSG,483,1.1177395912499188,2.308076481787978,1.2103195358962922,0.9990074119918629
SC4001E0-PSG,484,0.34566189984738005,1.2467914225193615,-0.5483516016994242,0.8114139649912631
SC4001E0-PSG,485,0.2508926201875319,-0.7343239297377717,-1.1292172877176645,0.07216226892708356
SC4001E0-PSG,486,0.3956191383367187,0.7198938900337558,-0.20542385849306,0.4030739872042509
SC4001E0-PSG,487,0.30475815821809094,1.3511501411248197,1.3658665526463964,0.9101901638096709
SC4001E0-PSG,488,-0.0337544604629501,1.549844216977774,0.0507905193836918,0.9475671767552862
SC4001E0-PSG,489,0.3263223831183664,-0.2856133080727833,0.40359789746708197,0.8962030990088881
SC4001E0-PSG,490,0.6039954569942018,0.9681176110754484,0.8591166124910654,0.8109815876823103
SC4001E0-PSG,491,0.9448698498175324,0.6916142130409305,0.6922351699578011,0.8401515506755622
SC4001E0-PSG,492,-0.12093868479673527,1.1772453514683672,1.1417909914619455,1.2572651006088331
SC4001E0-PSG,493,-0.31751129554811053,0.4037159602951184,0.6022736761023362,1.0500111156316005
SC4001E0-PSG,494,-0.9447256412991005,-0.14239710146293905,0.8925981687031709,0.8886125016702164
SC4001E0-PSG,495,0.44192545437148545,1.5589412559079323,2.1957131249584307,1.3130632220959444
SC4001E0-PSG,496,0.8195766457598355,0.7442246402131747,0.8932580441457797,0.9710980975074232
SC4001E0-PSG,497,0.5002180208343059,0.973549841660017,1.3404812987586185,0.9911055250284875
SC4001E0-PSG,498,0.38055496317696746,0.8460003075278186,1.0094958491652757,0.8580968608102504
SC4001E0-PSG,499,0.48721546652359976,0.8070479792159148,0.5541838513899799,0.738801982266078
SC4001E0-PSG,500,-0.24629367192328663,-0.1888965846374053,-0.44784293380134593,0.8206194707249757
SC4001E0-PSG,501,0.89692035596094,0.034978671722508604,0.04867220449889883,0.5576685804850253
SC4001E0-PSG,502,-0.14342593133186274,-1.0097666759076818,-0.7810482996625385,0.46188389639483834
SC4001E0-PSG,503,-0.053594240715958065,-0.5709124662869343,-0.42763589092750215,0.3619877515671894
SC4001E0-PSG,504,0.2672386753099387,0.8236055325596426,-0.19236172555069786,0.6205285294697108
SC4001E0-PSG,505,0.7542160430100032,1.0106576945590413,0.45416718956189933,0.3560903949941071
SC4001E0-PSG,506,0.1457484304429772,-0.010875364972519707,0.10899457384777247,0.45545661933666826
SC4001E0-PSG,507,0.37623763765464613,0.36317880186188556,0.306746871862817,0.21194337690653733
SC4001E0-PSG,508,0.16214144741841147,-0.014911577180274005,0.08884184399609145,0.5723855233620487
SC4001E0-PSG,509,0.07838363560263853,0.39497916607737493,0.9902891716853273,0.7657822377956499
SC4001E0-PSG,510,0.5197034546898917,0.32590817720470455,0.6910396563123115,0.34232240381194734
SC4001E0-PSG,511,0.32601953345835455,-0.10976950155705303,-0.02909081089995916,0.48901893558916765
SC4001E0-PSG,512,-0.364465736729712,-0.7747648735080654,-0.31759836769799066,0.6475121318953617
SC4001E0-PSG,513,0.5535164497654758,0.7256828989565666,1.4792782282480241,0.8670751837597502
SC4001E0-PSG,514,0.16836226477853541,-0.9136206714288261,-0.25864319290010035,0.3106586528844009
SC4001E0-PSG,515,0.2358804709788464,1.3952886041693344,1.1678783999540767,1.3316011279817774
SC4001E0-PSG,516,0.9522043214663118,-0.25221944510751415,0.30471271391433397,0.5573078552955085
SC4001E0-PSG,517,1.145038282049161,1.6854626127578975,1.397150543733466,1.1666935608481241
SC4001E0-PSG,518,1.0229206152267407,1.9852506043751768,1.9241113775846759,1.088743382096429
SC4001E0-PSG,519,1.3251693437832457,1.9164277333812758,-0.16185738961046822,0.04454627675200173
SC4001E0-PSG,520,1.352684235012722,1.689972145458173,0.2610479074551902,-0.08069091286655818
SC4001E0-PSG,521,0.7700678748743013,-0.24626462643548921,-0.6308406812943796,-0.3396551917421228
SC4001E0-PSG,522,0.5779902120837421,1.3146970297474383,1.0039879835068146,0.3838898655363873
SC4001E0-PSG,523,1.371988079557551,1.4929309697236879,1.1111265185700858,0.4902742290953555
SC4001E0-PSG,524,1.0759962694711436,2.2929588647446257,0.6635082449696288,0.6229506246509563
SC4001E0-PSG,525,0.6645178532412549,1.933022879513854,1.0692263158777622,0.6558881322177481
SC4001E0-PSG,526,-0.554266733641151,-0.5439260144216221,-0.9717346789816337,-0.03728643551674816
SC4001E0-PSG,527,-0.3431891425799247,0.5278978689202781,0.2672442984850488,-0.17780893355781188
SC4001E0-PSG,528,-0.02215189591438654,0.6186562417756861,0.12789037129549355,0.4771645012849311
SC4001E0-PSG,529,-1.0997160217803739,-1.1561253289715523,-0.4951968915735344,0.4867210351306888
SC4001E0-PSG,530,0.9455252997196376,0.750881573338953,1.4356920731510785,1.5090633344276168
SC4001E0-PSG,531,0.44366784373081775,-0.25875123240767994,0.7263187446723389,1.8365526986975205
SC4001E0-PSG,532,0.3989873765198283,0.13648613796543813,-0.07766273110270491,0.20216339952561643
SC4001E0-PSG,533,-0.15103197893699222,-0.5606946504689374,-0.7386578575395882,0.47809194679053585
SC4001E0-PSG,534,0.24588572235867984,-0.07722562530343167,0.23314874889773438,0.5783477778850155
SC4001E0-PSG,535,-0.1985496651112796,-0.004628729369764078,-0.6612976760390845,0.23233293968092375
SC4001E0-PSG,536,0.8317732716440736,0.6242796575345181,0.4824711407912725,0.30242081202590354
SC4001E0-PSG,537,0.9234018828767379,1.202633262567888,1.5449673420869854,1.6495580546584474
SC4001E0-PSG,538,0.38602396847832693,0.6054062179732047,1.0300224319093207,0.9418787200932711
SC4001E0-PSG,539,0.3377753198254555,0.5981850212764677,0.7542157638244736,0.8989100345910491
SC4001E0-PSG,540,0.17403615393908575,0.8183887929481403,0.2634561096444762,0.2565473572921472
SC4001E0-PSG,541,0.7190064040217921,0.7539547553428567,-0.11112042001757105,0.11533344964105448
SC4001E0-PSG,542,0.2962537423054072,0.8297767620328903,0.13537639569031334,0.6515175911299907
SC4001E0-PSG,543,-0.047673320385792285,1.1330991634398286,0.25895043508763976,0.3268622972576203
SC4001E0-PSG,544,-0.06543244524471652,0.8560506148378431,0.4174540656104696,0.48577228800633426
SC4001E0-PSG,545,0.5764905666431663,1.3808255505873788,1.2093361463185253,0.07859229646910358
SC4001E0-PSG,546,0.3976073285950535,1.1760514387292211,1.1944868598401026,0.6256264592592837
SC4001E0-PSG,547,-0.42266905282895634,-0.24471438528005482,-0.2056220947270373,0.2975859220377345
SC4001E0-PSG,548,0.3804757603967899,0.968015104933423,0.37600348479114665,0.5251619511090604
SC4001E0-PSG,549,0.3640036394756752,2.060351705300654,0.6057602379815835,0.3876269124121391
SC4001E0-PSG,550,-0.0378892565472317,1.1740762143087802,0.5413750876351996,0.40885304080296114
SC4001E0-PSG,551,0.3708346545490557,1.5648831558501661,0.38556487110885157,0.3602818054338579
SC4001E0-PSG,552,0.3321817888453493,1.3998187870491436,1.0356092910463537,0.7221219902660696
SC4001E0-PSG,553,0.7993543144542795,2.206507413331103,0.6662399155822092,0.46305623703586224
SC4001E0-PSG,554,0.6806704661695,1.4744278631513112,0.9526253635505885,0.8226320510625154
SC4001E0-PSG,555,0.7540565661098726,1.1865420571189578,0.2770535486887777,0.3473829818382865
SC4001E0-PSG,556,-0.2665949843724301,-0.04574939362837216,-0.34982848476143646,0.40888271738525805
SC4001E0-PSG,557,-0.03477205974528417,0.34717555703872094,-0.20447747459759602,0.29073318973142964
SC4001E0-PSG,558,-0.05675231878697621,0.7401464424884258,-0.1379453032941432,0.4543325164537565
SC4001E0-PSG,559,0.27216715685935067,0.628278329668109,-0.36032219068497334,0.02781929848237135
SC4001E0-PSG,560,-0.6395148521158861,0.516671405942096,0.3867594517811329,-1.0184830336280586
SC4001E0-PSG,561,0.4655785066559807,1.4378572642349288,-0.4099566738981606,-0.8609960003613776
SC4001E0-PSG,562,-0.10601803156465002,0.6233365832701244,-0.1247317972485997,-0.20290121426452867
SC4001E0-PSG,563,0.33298397594723894,0.9591291433866386,-0.4090355241132319,-0.3511534524123323
SC4001E0-PSG,564,0.033137033629764535,0.8723292219281479,-0.12580844142463005,-0.6180452114238192
SC4001E0-PSG,565,0.8336097916922989,1.328070389926764,-0.1887462902065215,-0.10910405630929691
SC4001E0-PSG,566,0.4978048543184806,1.3608266075113309,0.010249246305729709,0.44048724156142743
SC4001E0-PSG,567,0.465286395346054,1.5281893230502264,0.003966590235699186,0.0045828663300280445
SC4001E0-PSG,568,0.24175644370652283,1.191471084094946,0.7643724532023521,0.5058640558862723
SC4001E0-PSG,569,0.5035414862936924,0.9544040446771548,-0.2362237560487502,0.4485350852815492
SC4001E0-PSG,570,0.2642849942679984,0.4318129974346464,-0.21293369053565936,-0.0003026052373073178
SC4001E0-PSG,571,0.3506531248975518,1.0630352776140026,-1.0708937629983206,0.12864748369823448
SC4001E0-PSG,572,0.3342672314377466,1.2768660346681204,-0.12226023749275863,0.014681936086656404
SC4001E0-PSG,573,0.3753324852847093,1.378830899626674,0.9205259366331013,0.5528742067218322
SC4001E0-PSG,574,0.4866827445349385,1.2677684881989735,0.10574439185766815,0.08605301705426517
SC4001E0-PSG,575,-0.10499526329721315,0.37867321762368356,1.1044080747067007,-0.005134156297651943
SC4001E0-PSG,576,0.7509752133402848,1.1851403973921961,0.38465635877498555,-0.10191266118767194
SC4001E0-PSG,577,0.19127279176596285,0.4774922084987009,-0.7656758013615167,-0.14664197797580425
SC4001E0-PSG,578,-0.16406108104328812,0.6021978221398415,-0.6096848291748554,-0.39872686086043646
SC4001E0-PSG,579,-0.2821342412020836,0.18397571195249846,-1.0281574239416567,-0.013632138634767199
SC4001E0-PSG,580,0.13674481595694096,0.4166034269808364,-0.567488120023242,-0.05162633074228949
SC4001E0-PSG,581,-0.23974166001477148,0.24641617686367265,-0.7523563592913812,-0.03799596385484411
SC4001E0-PSG,582,0.22629359303270075,1.2575810247666657,0.16473260845954554,0.23456771044317457
SC4001E0-PSG,583,0.01864634904930884,1.0231584111911212,0.29271207300441976,0.2947374672500432
SC4001E0-PSG,584,0.255233555074143,1.2585864905724613,0.6110336157772068,0.44192759143263816
SC4001E0-PSG,585,0.47572788776914654,1.6738603706229152,0.7830817344083447,0.243069247418
SC4001E0-PSG,586,0.2791805444641119,1.5731099498936054,0.06951424440976918,0.41635211577610903
SC4001E0-PSG,587,0.3765153886414915,1.2344194979719887,0.4140922391739924,0.43757427170782043
SC4001E0-PSG,588,0.28008833241300796,0.7121654642200214,-0.11109293229829045,0.3173866725947993
SC4001E0-PSG,589,0.7618510227111611,0.9017922835492519,-0.27170979939341283,0.0926833228299555
SC4001E0-PSG,590,0.7454739768138231,1.351318593519333,0.31534215192158127,0.5184374137654213
SC4001E0-PSG,591,0.6890897393628073,1.8084560395040241,1.2436516511826952,1.3456576244518474
SC4001E0-PSG,592,-0.1057891196640464,0.763060190965018,0.6543184289836125,0.7716882723495563
SC4001E0-PSG,593,0.33736470896350623,0.8841187840516059,0.4491820915013193,0.6571297967361619
SC4001E0-PSG,594,-0.10262042045708496,0.7698406691544429,1.056459583131916,0.870385721832591
SC4001E0-PSG,595,-0.35429038589416273,0.09740583929000524,-0.4709344175171174,0.6341398341975433
SC4001E0-PSG,596,-0.21873721550704253,1.1254922908397362,-0.11835261762893923,0.49639436515353763
SC4001E0-PSG,597,-0.439771228351901,0.6494844967669293,0.17789978598215,-0.07089837863426092
SC4001E0-PSG,598,0.536747153934028,1.1517527633529385,0.32187573574128986,0.2950831669623266
SC4001E0-PSG,599,0.3094065027044673,1.168581333343007,0.3881385325100619,0.4587377031157888
SC4001E0-PSG,600,0.1949619354518526,0.9923968005753238,1.051559530042175,0.23642993361875056
SC4001E0-PSG,601,-0.15827313434876575,0.2615988300939295,-0.5033923783923976,0.3048008614926228
SC4001E0-PSG,602,0.03248538785061378,0.46199670456873526,0.3425391223376433,0.4483772929924267
SC4001E0-PSG,603,0.5697149590151007,1.5976266186073467,1.2131584482719098,0.46189317864374485
SC4001E0-PSG,604,0.4273367803892466,1.4222247685240832,0.12938055990285527,-0.046399994805565406
SC4001E0-PSG,605,0.4571687656018272,0.9529339736419883,-0.32415839205504243,-0.08437699349214631
SC4001E0-PSG,606,0.06768084919357008,0.7896614372240469,0.4661655712818844,0.14361780689599865
SC4001E0-PSG,607,0.2528862071874125,1.422523173049203,0.5098232003238938,0.154145063779504
SC4001E0-PSG,608,0.25536438556624885,1.288278102436817,0.17438951239411396,-0.12759730409967177
SC4001E0-PSG,609,0.33004717702399583,1.7704392949806091,1.289954077792066,0.8478964019000129
SC4001E0-PSG,610,0.39312265765279997,1.7178264465507478,2.114796412189403,1.6873809839689233
SC4001E0-PSG,611,0.4569251390340548,0.4738830874109541,1.3103576227007265,0.9218805962066027
SC4001E0-PSG,612,0.8266203660367788,-0.3528376433895547,0.4660003910698782,1.186786271264181
SC4001E0-PSG,613,0.47856076544780424,0.19211481411778553,-0.10125443887840664,0.5806873359124686
SC4001E0-PSG,614,0.303842237243366,-0.21357916734439764,-1.1572107494864194,0.4543156949507558
SC4001E0-PSG,615,0.08927355882150574,-0.17586844558440065,0.07053440120683106,0.8008260666321578
SC4001E0-PSG,616,0.25787966419829883,0.42283982963118144,0.5808317319680214,0.4244940713067202
SC4001E0-PSG,617,0.08605888640222277,0.295513547170915,-0.30578773547008076,0.42099522290155844
SC4001E0-PSG,618,0.1189972167285744,0.029057628883294027,0.16151217583190694,0.6107605907022262
SC4001E0-PSG,619,-0.48531442937845726,-0.33615140362682516,-0.8878517606753966,0.03885569474395844
SC4001E0-PSG,620,0.16603791483938432,-0.776477222981193,0.6275612909471756,1.3326405568392201
SC4001E0-PSG,621,-0.12485554557468245,-0.1768841029162701,-0.49290536578534194,0.10291928632135602
SC4001E0-PSG,622,0.24745158365156994,0.6159225454534356,0.27467551924197703,0.47716807534408245
SC4001E0-PSG,623,-0.12314154049374547,-0.67421710668363,0.07866882663063916,0.3918112998730843
SC4001E0-PSG,624,-0.11363736046470221,-0.15128069427928884,-0.11663521547692911,0.2836489022374102
SC4001E0-PSG,625,-0.20667165825733425,-0.1293035006038032,-0.11003280779608217,0.35415869462447847
SC4001E0-PSG,626,0.029885951056268293,0.10722048559138381,-1.000403865357133,0.2645718229216284
SC4001E0-PSG,627,0.3969925625892297,0.4691683255729092,0.27784273116324,0.5863651914332273
SC4001E0-PSG,628,0.031016890611900334,0.017017492813869446,-0.226649355352416,0.37818972025522596
SC4001E0-PSG,629,0.35035341100298273,-0.7725881542879149,0.12548615835774132,0.9600227207390669
SC4001E0-PSG,630,1.204015137737788,0.6386914371883347,-0.062835121757728,0.26933370868775514
SC4001E0-PSG,631,0.7351059330598537,-0.08465999826734966,0.14390049422470938,1.0822365489992682
SC4001E0-PSG,632,0.3221488114673513,-0.27593940993968197,-0.25539602354592306,1.0122809233518069
SC4001E0-PSG,633,1.1657188784353156,-0.06105927295065285,0.49089133349491065,0.810034480373369
SC4001E0-PSG,634,0.4345925513011693,-0.37056207127754076,-0.8259269305571765,0.8606285807507047
SC4001E0-PSG,635,0.43526335855847087,-0.25430336982047963,0.92491190531787,1.6186983949445808
SC4001E0-PSG,636,0.218359028189541,0.686969848589444,0.673830650068641,0.5529714546614981
SC4001E0-PSG,637,0.3784198423197338,0.7002517515779536,-0.2044538188164487,-0.11373768472180307
SC4001E0-PSG,638,-0.41893023051073663,0.5752091612710839,-0.4557282334328062,-0.0025044990440859227
SC4001E0-PSG,639,-0.43581924991857024,-0.08731013551014762,-0.8824482537669444,0.0822921401142176
SC4001E0-PSG,640,1.2052796683228657,1.2990167927332525,1.0199316842555688,1.1857366148393595
SC4001E0-PSG,641,-0.19055420685681618,0.061846237652109955,-0.4946297559550798,-0.28709949802610246
SC4001E0-PSG,642,0.18836365894459395,0.7930164850328334,0.4168916321107672,0.6888216641415625
SC4001E0-PSG,643,-0.4793959370977124,0.049260660962205945,0.4307047944034246,0.91262932093482
SC4001E0-PSG,644,-0.7898623876459382,-0.20531773218601349,0.0826494066030372,1.238942395317714
SC4001E0-PSG,645,-0.009329204173886555,0.7568830595661921,1.0390920871619387,1.7091488558160248
SC4001E0-PSG,646,0.30315647666311,0.6779939611741249,0.4364167527334639,0.5539709700324922
SC4001E0-PSG,647,-0.258048668571207,0.6604525943551324,0.8390714930346034,0.7964129919411331
SC4001E0-PSG,648,-0.8254504452456433,0.5156274021472605,-0.691688600576981,0.5693817553474511
SC4001E0-PSG,649,-0.5159298590994024,0.7736380322869071,-0.9625800124304372,0.6121194013647461
SC4001E0-PSG,650,0.19686754799340278,1.575130806520389,1.0953057562000141,1.5279558017946284
SC4001E0-PSG,651,0.18137444297217653,1.510159478294762,1.618995231376389,1.08859591982695
SC4001E0-PSG,652,-0.5061328659869867,1.4693693381745778,0.6745414018355432,1.1091076181591992
SC4001E0-PSG,653,-0.13406974557538218,1.7586241986018536,1.3722054769754137,1.129771895390643
SC4001E0-PSG,654,-0.7301208195791622,0.7954663342168771,0.11437812977870553,0.7933260590701884
SC4001E0-PSG,655,-0.20197783431548194,0.7745129583507204,0.7696517004259467,1.3823638620346663
SC4001E0-PSG,656,-0.03275922900949901,-0.29649195144018464,0.01566840809230899,1.0837240767165393
SC4001E0-PSG,657,0.03346489398449426,0.3204928640542056,0.2534509508799842,1.2498179500392403
SC4001E0-PSG,658,-0.5641304096815064,-0.14283060716838988,-0.40023214053047707,0.9517626662897636
SC4001E0-PSG,659,-0.20766088491957896,1.0388125075988066,1.3978745193634337,1.3591715446373795
SC4001E0-PSG,660,-0.05449061168819836,0.3444533551750578,0.45123719254116124,1.3163823531418815
SC4001E0-PSG,661,-0.5188801869044095,-0.46518783793451673,-0.02900059303703821,1.5051723168297215
SC4001E0-PSG,662,0.33655451773867656,1.337714586261639,0.3249667581818633,1.174331169188572
SC4001E0-PSG,663,-0.22335159977693564,-0.3571333451765629,0.25697815983449257,1.117585481091839
SC4001E0-PSG,664,-0.009380195641291937,0.8087529114400351,0.23457644279895282,1.073857795285916
SC4001E0-PSG,665,0.5774839683313064,1.1834297451039832,0.41769959992096767,0.9813589526811778
SC4001E0-PSG,666,0.7598580303810346,1.1738339558635087,0.5699945698968831,0.799569569164762
SC4001E0-PSG,667,0.8267981871135544,2.0053544175663953,1.057396455833815,0.26011475766438674
SC4001E0-PSG,668,0.35360983527779005,0.28302827771125416,-0.4031563920203613,0.46415578622116643
SC4001E0-PSG,669,0.22552503540538218,1.1607578043662665,0.38084285958638514,0.2890099324373815
SC4001E0-PSG,670,0.40821840703503043,1.2736619805811165,0.8234364726912221,1.0028879569940534
SC4001E0-PSG,671,0.8097213574222468,1.7038241897947979,0.4912333956255962,0.7062249667552769
SC4001E0-PSG,672,0.5654896981676859,1.1946971852440798,1.4106196045567534,1.0332960779825142
SC4001E0-PSG,673,0.304322162024738,0.017306346728155828,0.3747475294905185,1.8132642607035012
SC4001E0-PSG,674,0.1744217137417219,0.8376610464279662,0.5653017194848662,0.6329232628860347
SC4001E0-PSG,675,0.5680920190380431,1.1818828252413105,0.49964383344019503,0.08806053965964447
SC4001E0-PSG,676,0.4117678571666343,1.1288416331440976,-0.08508969962995122,0.4832208029745318
SC4001E0-PSG,677,0.4817329047935573,0.684483695563438,-0.08810672748385556,0.18573941114445702
SC4001E0-PSG,678,0.3901235347092319,0.5852770009835381,0.48373883186756955,0.3316354703496257
SC4001E0-PSG,679,0.1064499439837799,1.035339640391166,0.1961146562603941,0.19871519736713608
SC4001E0-PSG,680,0.26888843131367685,0.6130289727010216,0.03129599112203022,0.1310529394587173
SC4001E0-PSG,681,0.24635940570007508,0.5243369658011958,-0.6139555652044589,0.15555361790033378
SC4001E0-PSG,682,0.41439280738232187,0.6099755319478823,-0.17035983665760523,0.3436630547445259
SC4001E0-PSG,683,-0.03176819292755119,0.15236954938177785,-0.010315371329289239,0.7193533496262144
SC4001E0-PSG,684,-0.4501721946187351,0.5219250219677675,0.8355256173188096,0.8928487949906675
SC4001E0-PSG,685,0.2701552778050397,0.4843155122094037,0.14071120354496489,1.3120458149335157
SC4001E0-PSG,686,0.015061605657694562,0.1500962741686356,0.20011207397282202,0.7849442220487385
SC4001E0-PSG,687,0.2218264434124375,0.7013325705652552,-0.5205664504475636,0.6139446237399658
SC4001E0-PSG,688,-0.7097691704543116,-0.7513263827606891,-0.7528099404659147,0.5677716041118004
SC4001E0-PSG,689,-0.5209560929457541,0.0974180884983342,0.010615911490742773,0.646339720983932
SC4001E0-PSG,690,-0.1351745606690445,-0.01483467619342392,-0.7928218725868665,0.8121474051702279
SC4001E0-PSG,691,-0.8163622472055861,0.010650836778120716,-0.7012956101892264,0.9520081495639631
SC4001E0-PSG,692,-0.165231588735277,-0.18825938114137708,-0.26702617083552455,0.6328690761279648
SC4001E0-PSG,693,-0.045623371832945264,-0.04594687888006419,-0.4254008264013841,-0.10218544992087454
SC4001E0-PSG,694,-0.1298195293555464,0.3710890256571283,-0.3916206974321181,0.6485784975099901
SC4001E0-PSG,695,-0.8107286927421401,0.2795996799971721,-0.4437399351922637,0.46345320408385043
SC4001E0-PSG,696,-0.3054719342558982,0.32554682366334364,-1.467259578209025,-0.8125885265682344
SC4001E0-PSG,697,-0.3210641064132527,0.009165184682648087,-0.8543718324638682,-0.4243531669863413
SC4001E0-PSG,698,-0.14320227816403572,0.20968094431209058,-0.9810563119525223,0.16854938783655452
SC4001E0-PSG,699,-0.22160667981000373,-0.004185278449226127,-0.4886853306086747,-0.07200381087220009
SC4001E0-PSG,700,-0.6526582390905891,0.299928957197885,-0.5775028020672598,-0.06364071133425132
SC4001E0-PSG,701,-0.5005514986055017,0.12450081971289222,-0.9785392400082479,0.04208811927836975
SC4001E0-PSG,702,-0.3353151503885977,-0.37342735847970543,-1.0185039519488022,-0.18871114439067285
SC4001E0-PSG,703,-0.4303761428154389,-0.12965617884701147,-0.37374020643779854,0.6112811621849618
SC4001E0-PSG,704,-0.3649752494938949,0.3944826267773401,0.18260865153623443,0.37557721847235864
SC4001E0-PSG,705,-0.10227764673638695,0.5270612553600743,0.2184977057426953,0.8019748702351378
SC4001E0-PSG,706,0.2904447648372666,2.088214529392409,1.5247324927675734,1.029351691396519
SC4001E0-PSG,707,-0.007419846517973185,1.5165177060501198,0.33116665733479106,0.9829038968036209
SC4001E0-PSG,708,-0.38728445035996795,0.14826572529387733,-0.09096033390323428,0.9173896705648481
SC4001E0-PSG,709,-0.5352932006631953,1.0453295478904325,0.19828139012127718,0.6625578495506422
SC4001E0-PSG,710,0.25643474266954686,1.0730873542418382,0.151159681162295,0.6738834757208589
SC4001E0-PSG,711,0.1255360851825352,0.21939698781058628,0.07415879986410247,1.1190938724461343
SC4001E0-PSG,712,0.17215663775306891,0.45125189478069616,0.7017534628992552,1.8360444143503796
SC4001E0-PSG,713,-0.006229163536012628,0.981537420490643,0.584370178469708,0.8002397121518923
SC4001E0-PSG,714,0.10500666292168499,1.7194286192090202,0.6352512144891798,0.314498979843162
SC4001E0-PSG,715,-0.015122306410158663,1.2755775874016422,0.9738291839480449,1.0773307340450997
SC4001E0-PSG,716,0.08346427499529303,1.2137560662851956,0.30410707367455136,0.34228693303668195
SC4001E0-PSG,717,-0.10031490797197924,0.6925584827530066,0.1264981346579937,0.5325833377239976
SC4001E0-PSG,718,0.11325526960126486,0.4998943212870962,-0.3747408965746184,0.8134246354900032
SC4001E0-PSG,719,0.29470550473917045,0.5657489409361842,-0.5070923273762582,0.5263984357607413
SC4001E0-PSG,720,0.14623812503930397,1.146671259754417,0.42843741020691073,0.2880243724075519
SC4001E0-PSG,721,1.470892630785699,2.117189071203408,1.6204034600725634,0.8466388911985339
SC4001E0-PSG,722,0.4868107311501753,1.8982198537731265,1.4357979658263973,0.8726540158050886
SC4001E0-PSG,723,-0.023937141756805457,2.191804770367304,0.9337363470058185,0.466446685004794
SC4001E0-PSG,724,-0.19796784323093003,1.3479396553105742,0.8097519254557732,0.5472891520422871
SC4001E0-PSG,725,0.32673339490263137,1.5211561369260578,1.4778802200577221,1.0183004012471437
SC4001E0-PSG,726,-0.2774884732633122,1.108890347076013,0.32594710065092913,0.6516785093437543
SC4001E0-PSG,727,-0.13772010103346952,1.3055087990152916,0.5210254471850702,0.9138226106679634
SC4001E0-PSG,728,-0.08580476202572464,1.4624019968906685,0.5256647972855016,0.6079749072804885
SC4001E0-PSG,729,-0.04270657302206624,1.595038057332456,1.0748112727120611,1.075932221427864
SC4001E0-PSG,730,0.06241120058534448,0.7136033542106217,-0.515751537925835,0.8736041406145493
SC4001E0-PSG,731,-0.1912842975195624,1.5092722892018975,0.9922090951094199,0.5261636141457765
SC4001E0-PSG,732,-0.20345061742399734,1.2508945768294093,0.2635295071294536,0.5426847454684119
SC4001E0-PSG,733,0.004313237004562403,1.3800579856523012,0.4512867183895841,0.23304876979267272
SC4001E0-PSG,734,0.1422941785695906,1.3753712793399298,0.7397362023370232,0.3989022068538402
SC4001E0-PSG,735,0.8742278737378798,1.5924871297773715,1.4844406142151505,-0.029608276091045795
SC4001E0-PSG,736,0.03327839758182014,1.3405251578991544,-0.4045144680818011,-0.018372137798978665
SC4001E0-PSG,737,1.1915215761154818,0.5110092501162038,-0.2893274067508701,0.37902235323084416
SC4001E0-PSG,738,0.8900942562521009,0.8647057158985444,0.5366548684769062,0.34265571705719555
SC4001E0-PSG,739,0.25465895782692644,1.7281267825737214,0.8693638828856429,-0.22917592695406383
SC4001E0-PSG,740,0.3910546173282341,0.9558082223516414,0.010991191202336908,-0.15687374705168994
SC4001E0-PSG,741,0.539138135352999,1.1002075019647688,1.8775386822902842,2.387861217314115
SC4001E0-PSG,742,0.5193809891276874,1.1189427608052365,2.5218041071426724,2.0122721908802554
SC4001E0-PSG,743,0.3852083927506797,0.6472564456871673,0.9467026298545361,1.5547172322822425
SC4001E0-PSG,744,0.9510316454140063,1.226428195804874,1.3870824426658162,1.5977802179545024
SC4001E0-PSG,745,0.9267400506859107,3.1427531653927026,3.2191927109295064,2.1458585347475783
SC4001E0-PSG,746,0.598295993824505,2.6299072297149735,2.33778789283065,2.039340519512467
SC4001E0-PSG,747,0.5043128315467243,2.0630467775590953,1.166519473324563,0.8374966981488444
SC4001E0-PSG,748,0.2736849714129886,1.4239188049750209,1.4285047708510725,1.4994270731979376
SC4001E0-PSG,749,0.7386762318237375,1.6806585573177149,0.7962824023081271,0.5264063301957376
SC4001E0-PSG,750,0.25277058275301734,1.636775124658449,0.9543779934644807,0.183516472133956
SC4001E0-PSG,751,0.3624858270935838,1.7022993347807798,0.6780036916795297,0.28294324124792636
SC4001E0-PSG,752,-0.004133173518428009,0.6212875166135864,0.1929180001857123,0.6370252755888963
SC4001E0-PSG,753,0.29520379709076955,2.0269737941108135,0.6082909619833369,0.18484044622664436
SC4001E0-PSG,754,0.5386684564866591,1.7866211371697005,0.9452800187730394,0.7341017291131914
SC4001E0-PSG,755,0.37597895884674953,1.522031241911699,2.488743310548549,2.119192898667854
SC4001E0-PSG,756,0.6197973384592906,2.2872545158003272,1.9933288609261823,0.8782394133638083
SC4001E0-PSG,757,0.507221844465854,1.925870095322817,1.7213422661807716,1.9081098144162687
SC4001E0-PSG,758,0.9948719924645941,1.7707561467970443,2.0698727050780406,1.4530959480224517
SC4001E0-PSG,759,0.39881150795080306,1.7944740497732867,0.6981334153273433,-0.09265859756688555
SC4001E0-PSG,760,0.05524670021952667,1.125618628267887,-0.008711848249917806,-0.31445038705094436
SC4001E0-PSG,761,0.02110962401132081,1.5012317764213123,0.8138969329946159,-0.2640261348963871
SC4001E0-PSG,762,0.3161780428822243,1.3192172946681333,0.19811707850842195,-0.44282223459177933
SC4001E0-PSG,763,0.5289554477830317,0.9861432540527231,0.7670383360057742,-0.1651963034750678
SC4001E0-PSG,764,0.04148557286650539,0.5388291174716148,-0.31738938669073624,0.099412294341099
SC4001E0-PSG,765,-0.2577600344021473,0.6061563850777524,-0.3969280334429493,-0.29660429823390444
SC4001E0-PSG,766,0.499101427960497,1.470571796707371,-0.282628523026782,-0.1739020271388862
SC4001E0-PSG,767,0.5505238239570233,0.23545822940292757,-0.4385516393722807,0.46247669011244186
SC4001E0-PSG,768,0.6813153163654153,0.16223836483547557,-0.44497650541580386,0.3305314299611378
SC4001E0-PSG,769,0.19243947480818657,0.5510056084734033,0.1743350332972188,0.442615168398569
SC4001E0-PSG,770,0.05841354077387442,1.3746913147902946,0.8694514065492884,0.8329633164756345
SC4001E0-PSG,771,0.42219901233284596,1.5470822124597594,0.5857193422049525,0.7599723931494604
SC4001E0-PSG,772,0.3608863047367946,0.19492606226752604,-0.21517764184070073,0.5213984167066594
SC4001E0-PSG,773,0.526900928439435,1.5052469210173443,1.7353247859106342,1.376991590917111
SC4001E0-PSG,774,0.45034133999138976,1.4701208613184933,1.2870226756750438,1.2497549604914953
SC4001E0-PSG,775,0.7162029692255233,2.397402216233749,1.4555245083215738,1.1185033297034086
SC4001E0-PSG,776,0.6838359467102151,1.5105706470092033,0.29511544260371775,0.5610819332501334
SC4001E0-PSG,777,0.23129944082265663,0.6495338934792776,-0.19316727575150353,0.2070571336267692
SC4001E0-PSG,778,0.6345399682567329,1.0032075749019367,0.4763601217263626,0.7123360794066451
SC4001E0-PSG,779,0.5178578984218853,2.203474039128555,2.2153775814013454,1.8204584718356258
SC4001E0-PSG,780,0.6246928541551302,1.3772020880454576,1.0079236288358815,0.3325541078869843
SC4001E0-PSG,781,0.4983066767476935,0.20942627216949453,-0.7405154445201484,0.14554622560727118
SC4001E0-PSG,782,-0.1953961512928562,0.9306471771529676,0.4209560790956689,0.5906349719682497
SC4001E0-PSG,783,-0.3049955463576408,0.2547647163093397,-0.057164638159298134,0.6760470096315345
SC4001E0-PSG,784,0.610793667489591,0.6976522740498299,-0.19735099379958915,0.5851634806037935
SC4001E0-PSG,785,0.0527172420947058,1.4173692483902582,1.3822986339667436,0.9553874697678981
SC4001E0-PSG,786,0.07372364533650233,1.009467721273011,0.0764394550662549,0.5632189862435749
SC4001E0-PSG,787,-0.04873542553084624,1.1880577856085208,0.3022037697313995,-0.1843007322802864
SC4001E0-PSG,788,0.41526901437820674,0.7389756939938363,0.16129096638202628,1.0211348509425182
SC4001E0-PSG,789,0.5923398722341128,0.5259193080384493,-0.10865416059481518,0.48627409089081663
SC4001E0-PSG,790,0.4352107341936021,1.5463481001637494,2.111273804125638,2.0022705598817554
SC4001E0-PSG,791,0.8009572712773172,1.722591779223321,2.9312589334054295,2.009719336080123
SC4001E0-PSG,792,0.32528762261260286,-0.1491235302923531,-1.0602755520996758,0.2762146855315559
SC4001E0-PSG,793,0.09078659847968565,-0.31624999137210014,-1.0656503510091035,0.2058988795121594
SC4001E0-PSG,794,0.49856872246689965,0.5079354164602129,1.401129182485796,1.9983407140123943
SC4001E0-PSG,795,1.2025023367224792,0.9476609269580665,1.2191176151238456,1.1290980217559867
SC4001E0-PSG,796,1.462671004786994,0.6568455609671122,0.6136020556780839,0.7912400498002032
SC4001E0-PSG,797,-0.14678586175348649,-0.3698301915828083,-0.8506056005829719,-0.015157478317856547
SC4001E0-PSG,798,0.3243995167058541,0.8127932344047241,0.29561885857239073,-0.1330431886224973
SC4001E0-PSG,799,0.28611491785311993,0.9618148037419448,0.2389118235545183,-0.3398560462660296
SC4001E0-PSG,800,0.23077381398812724,0.6655338955326067,-0.04559837627753065,-0.026208763433046824
SC4001E0-PSG,801,0.014600835493782589,-0.42033806576037297,-1.187420741763713,-0.3347265109550839
SC4001E0-PSG,802,-0.7230088680157285,-1.0594728129236246,-1.587081250114962,-0.831695736145029
SC4001E0-PSG,803,0.40832417655834424,0.03877498752949609,-0.7111802175076152,0.027458259324253116
SC4001E0-PSG,804,0.6849107049987793,-0.5718279503226077,-1.1492707650327758,-0.12659658835233661
SC4001E0-PSG,805,0.08375840249219119,-0.09742831947277551,-0.2727861278959829,-0.033401852457361644
SC4001E0-PSG,806,-0.6455632144542721,-0.4226122960945931,-0.8604075906705283,0.37016474193401905
SC4001E0-PSG,807,-0.09402375619567734,0.21505681044518332,-0.3243083426244416,0.10780395327845849
SC4001E0-PSG,808,0.3367488785886145,0.7176192232843681,0.42208145607759157,1.353739064749805
SC4001E0-PSG,809,-0.025789570161255576,-0.0639384350295356,-0.7899012205040583,-0.29185630018803665
SC4001E0-PSG,810,0.08825514294732563,0.037249818584434234,-1.0538040205638293,-0.26374292555687245
SC4001E0-PSG,811,0.6566517086098851,0.1411897269601406,-0.0903609516049809,0.6512384156839941
SC4001E0-PSG,812,0.4199476772419176,0.574334018222537,0.8167817238053516,1.605135680437496
SC4001E0-PSG,813,0.26841372170599875,-0.15395398389308107,-0.24792538175047957,0.4045705219084136
SC4001E0-PSG,814,1.0040774760882207,0.6418111568060247,1.7581195089516746,1.8864632533638828
SC4001E0-PSG,815,0.9436958552933626,1.6592699422675024,2.135610902448168,1.8018828346439086
SC4001E0-PSG,816,0.5982693255098291,1.3416180620599154,1.4591439417127936,1.6427244612792742
SC4001E0-PSG,817,0.8686542350255468,0.9127107359169423,0.628340408029799,1.0965772376635203
SC4001E0-PSG,818,0.3041239350018219,1.1098212761642727,0.8565865888766878,0.7327892097044874
SC4001E0-PSG,819,0.10591869971841104,0.9373955856518886,-0.16910310428425582,0.7548325720741815
SC4001E0-PSG,820,0.3665254984321713,-0.007891928827873297,-0.014340632745677404,0.7199419454299653
SC4001E0-PSG,821,-0.08767427120927586,-1.0920914905579302,-0.780405590696037,0.7233435346764528
SC4001E0-PSG,822,1.1646124915889164,0.12759696302938556,1.6877489332565065,1.8237008036495004
SC4001E0-PSG,823,0.8350803084648301,0.5698697343802716,0.035947825043613685,0.8712106627371637
SC4001E0-PSG,824,0.4616895596682072,1.7407308324258366,1.070312698562966,0.6098132194206636
SC4001E0-PSG,825,0.23048698498625345,1.271755959869671,0.3791452689510678,0.6510143917787815
SC4001E0-PSG,826,-0.2314593617489674,1.2010465460475983,-0.35755842432888857,0.6364868770945371
SC4001E0-PSG,827,0.19691281224033477,0.8247710636287048,-0.19256998612825957,0.7004553465376115
SC4001E0-PSG,828,0.4239680271500296,1.6679892617884295,0.31097522646258385,0.569281314261428
SC4001E0-PSG,829,-0.5851498443493042,0.35448725359566613,-0.5821674309383468,0.5731012347984829
SC4001E0-PSG,830,0.014193049079596624,0.9394155095843483,-0.11312315652448549,0.5851387848726372
SC4001E0-PSG,831,-0.6085517770333666,0.5416995131992516,-0.5905182794704322,0.5066128553409053
SC4001E0-PSG,832,-0.2665876150002468,0.3029528606737932,-0.49884325564806586,0.582762709284222
SC4001E0-PSG,833,0.016828049426875113,0.9530213657269688,-0.304629797734124,0.9565382686266752
SC4001E0-PSG,834,0.7754609537310427,1.587067669606538,1.5880184069920962,0.8252194931686688
SC4001E0-PSG,835,-0.07186133763900426,1.3241690104592188,0.9702180764387721,0.6362839319592716
SC4001E0-PSG,836,0.27239118988780686,0.6353413477673499,0.18027036947679143,0.6414270538340122
SC4001E0-PSG,837,0.12564968597338738,0.5671608075164625,-0.12260634313011001,0.477592160831891
SC4001E0-PSG,838,0.26891477338089426,0.8262083256425292,-0.08308479984840085,0.23704225573809265
SC4001E0-PSG,839,0.1930796349881102,1.0576327027129115,0.3250199431044492,1.0181478189013184
SC4001E0-PSG,840,0.36106304122085814,1.386641146295979,0.9653286899077669,1.0974871464376
SC4001E0-PSG,841,-0.26576018222911113,1.1819923321293782,0.7392884398531437,1.1433141120945591
SC4001E0-PSG,842,0.02002248762733464,0.834500917810003,0.4458229619921323,1.0728654713464072
SC4001E0-PSG,843,0.23256481421764302,0.7403212127480833,0.11320803612710716,0.40765067697540325
SC4001E0-PSG,844,0.015527829615408634,0.6208326239913605,0.36195985299846073,0.6482866168584747
SC4001E0-PSG,845,0.6822350233624204,0.1864558463077051,-0.246114388479505,0.7441786369269382
SC4001E0-PSG,846,0.30118426463932196,0.7438526968299263,0.41506469015533387,1.7142913150775165
SC4001E0-PSG,847,0.8226302628233549,1.3191519290142568,1.089847459061451,1.2902605688555886
SC4001E0-PSG,848,0.7018839153167672,0.8888523427418089,0.5700293608024535,0.8107591451432007
SC4001E0-PSG,849,-0.1200407727800617,1.2484181618154941,0.8928856125556279,1.2243893046169725
SC4001E0-PSG,850,-0.09410971912004763,1.5172900984504591,1.0637479658647189,1.182123616048313
SC4001E0-PSG,851,0.03127142884885442,1.294535935599292,0.7735766777287966,1.1926196394829087
SC4001E0-PSG,852,0.41145662401453253,1.3631531446190646,1.224988368495858,1.2320037063670548
SC4001E0-PSG,853,0.336656432140166,1.318821639193673,1.4444095266795116,1.6372080740412336
SC4001E0-PSG,854,0.8745616540932208,2.6118257518520465,2.4521140146680986,2.1494188319658383
SC4001E0-PSG,855,1.028978687811287,1.9786321899279442,2.3637631249835565,1.7109859228055533
SC4001E0-PSG,856,0.8922668229240281,2.1719923210399417,2.189369965570928,1.591104888841851
SC4001E0-PSG,857,1.2443390029697217,1.506078515821757,0.9535258465645721,0.8096275840890954
SC4001E0-PSG,858,0.6404538524424227,1.771104259038707,0.4908398620065694,0.26036082386628556
SC4001E0-PSG,859,0.575329966139448,1.2250668423922504,0.11717560743502264,0.6857496940556022
SC4001E0-PSG,860,0.6168594835167375,0.7278728189203693,0.29816167552865486,0.6884204916299215
SC4001E0-PSG,861,0.5420242598672613,1.3908754596782775,0.17511899897578884,-0.11690369737754862
SC4001E0-PSG,862,1.1532722433158962,1.5358163917401004,1.3664461659087108,2.0780882381858796
SC4001E0-PSG,863,0.5047401788369802,0.2150335670142661,0.7291762324353217,1.4785125851994194
SC4001E0-PSG,864,0.820349725968185,-0.1181123577106649,-0.10836930687127275,0.44649698159697343
SC4001E0-PSG,865,0.4695587015123197,-0.932883390225583,-1.0175566260945472,0.20555291251562166
SC4001E0-PSG,866,1.1474249509103378,1.2204611909544378,2.075302417534296,1.3604694382879816
SC4001E0-PSG,867,0.21648730802572252,-0.5176987743710909,-1.5311819475025052,-0.3603815746834657
SC4001E0-PSG,868,0.9525850901246878,-0.43478866882482886,-0.6208849390115639,-0.05165034114502841
SC4001E0-PSG,869,0.6228958410214216,1.1197210865045584,0.05002253840210886,0.1957459213826661
SC4001E0-PSG,870,0.6236267884665009,0.7496254892521661,-0.169970311352608,0.19396270355285
SC4001E0-PSG,871,0.6846069329556037,0.742058408340112,0.8505741336587062,0.564165752093079
SC4001E0-PSG,872,0.6551884316778542,0.8365674744635982,0.8187400818975415,0.646867647722054
SC4001E0-PSG,873,0.6639520223818017,1.1361863001014845,0.7416515258295187,0.9837649606123683
SC4001E0-PSG,874,0.4066328810196167,-0.5315980179655481,-0.8148449216829134,0.21707188692054824
SC4001E0-PSG,875,0.6462094843111921,0.140144689230709,-0.5412822787881655,0.2321019954479337
SC4001E0-PSG,876,0.5910142245631219,1.0755740030700947,2.1464568990100292,2.046424730852193
SC4001E0-PSG,877,-0.29760779043379676,-1.0305070506043852,-0.8050372195856805,0.19932067806160747
SC4001E0-PSG,878,0.2884184190820278,0.3867672765506526,-0.03723457112060498,0.49092359916929695
SC4001E0-PSG,879,0.7281065006306237,0.5469002153995722,2.524075097781931,2.2783319121870598
SC4001E0-PSG,880,0.8291419595078926,1.2117326310380971,1.7049673409519213,2.2998253463131655
SC4001E0-PSG,881,0.8944300508370997,0.9874082229000638,1.6506861143328542,2.06984011956178
SC4001E0-PSG,882,0.8445486237088085,0.828234282140141,1.1413237308799777,1.3685855370242257
SC4001E0-PSG,883,0.1140055430599142,0.5508713835382439,0.09837869703721872,0.23435365686258278
SC4001E0-PSG,884,0.5472527020552039,0.41580670250872226,0.3143931392828128,0.8130850370997692
SC4001E0-PSG,885,0.9847063524752168,0.9432189773105287,0.8733994893614819,0.7368146316563081
SC4001E0-PSG,886,0.8934909251902121,0.8453492398230417,1.4419004202036785,1.7723762680045734
SC4001E0-PSG,887,1.0915203306557204,0.2943185472648622,0.9474271692409141,0.9857415373644781
SC4001E0-PSG,888,0.6213938754949442,0.41343282043782015,0.6287041754710543,0.8179765304842649
SC4001E0-PSG,889,0.847313176841991,0.6734247966662271,1.0319777935147783,1.7914109500557716
SC4001E0-PSG,890,1.4170396801483427,1.3689673788089534,2.3708322255756573,2.2249886463545163
SC4001E0-PSG,891,1.0315380545359971,0.5485658741901152,0.8604117934488101,1.7709863139283812
SC4001E0-PSG,892,1.0075323687306923,0.5283553276907786,0.46876406552086597,0.9428705852394752
SC4001E0-PSG,893,1.2498944789241584,0.661112430672565,0.905615526509405,1.8027317509030565
SC4001E0-PSG,894,1.4914050002368513,1.3461379385197971,1.8552767933921517,1.3128608325551796
SC4001E0-PSG,895,1.930346396811599,1.7565167798384145,2.1920403914030633,2.1224350037805233
SC4001E0-PSG,896,1.5946833704998775,0.4405835285472868,0.8141747433351736,0.6854836860804682
SC4001E0-PSG,897,1.7855654206784226,1.0083335692198836,1.1130536007163163,1.2768137359167335
SC4001E0-PSG,898,1.6873337045556944,1.2100116686147897,0.9740449116151487,0.6041697077503327
SC4001E0-PSG,899,0.9248486168427568,0.626366458498101,0.06460340315649037,0.25742036980035765
SC4001E0-PSG,900,1.211093873495175,-0.03281884024120803,-0.14510896708911827,0.5804906310791361
SC4001E0-PSG,901,0.5227967016391486,0.3738326781220573,-0.33690113387432546,0.5428872140890972
SC4001E0-PSG,902,0.9722032995393135,0.7845967479692804,-0.14007247129425066,0.23038409282768704
SC4001E0-PSG,903,0.4892742917962701,0.9692085654907988,-0.03203519624503969,0.07416595099764013
SC4001E0-PSG,904,0.32919398053724097,1.1208332165382484,-0.5497743597253596,0.2117506042096013
SC4001E0-PSG,905,0.3435317226015819,0.6840375309695726,-0.23629984991624753,0.10166105432600116
SC4001E0-PSG,906,0.15376438404387274,-0.016678850642689206,-0.6532218822831846,-0.1976768517686317
SC4001E0-PSG,907,0.3634369855438732,1.0654790470814122,0.3718396768987166,0.29856077357461447
SC4001E0-PSG,908,0.24781260342340494,1.1848602695619832,0.3067155858138605,0.717236510953706
SC4001E0-PSG,909,0.47790958543093237,0.12545930071269729,-0.23469673233891195,0.3402907831515393
SC4001E0-PSG,910,1.1374806156214154,0.42136820329148555,-0.38007320948052004,-0.12475740420892827
SC4001E0-PSG,911,1.2065610305594572,-0.446093231155755,-0.3166251256345521,0.7557090166843625
SC4001E0-PSG,912,1.0798863298156423,0.9144304696144933,0.6787840801548072,0.3860420145607579
SC4001E0-PSG,913,1.3757709322000191,1.5496849819079899,1.1282814589193149,0.6491950060907585
SC4001E0-PSG,914,1.0215009652943237,1.7352876629830323,-0.31852954296727853,0.03920620963214279
SC4001E0-PSG,915,0.4909873184066357,0.1695650857025379,-0.3997829254505917,0.6620427989859503
SC4001E0-PSG,916,0.5944711119251427,0.8906839112939753,0.29838189273802385,0.5954797264810098
SC4001E0-PSG,917,0.8100051041361205,0.8237282741579339,0.3676715781546011,0.6619165473678682
SC4001E0-PSG,918,0.41972400384160646,1.188515569578705,-0.6416648971064488,0.2937125969587894
SC4001E0-PSG,919,0.9535920251080622,1.475223692821223,-0.1882153158403259,-0.23186235646423076
SC4001E0-PSG,920,0.9906696357060799,1.5314871804053043,0.6086508841761661,0.18771758324399992
SC4001E0-PSG,921,1.0392136383738397,1.378827757362874,0.1258026004961703,-0.5638958182949354
SC4001E0-PSG,922,0.2341529628800335,0.24557298774710656,-1.1161870095690651,-0.8917633593215484
SC4001E0-PSG,923,0.32403210802523347,0.025813301368962784,-1.133758714125622,-0.07998411069979894
SC4001E0-PSG,924,-0.3284435654204085,-0.13130271771983973,-1.0673374069960222,0.05277767535278502
SC4001E0-PSG,925,-0.41893449524468174,-0.09543506092504264,-1.2021307635117204,-0.005232166854523469
SC4001E0-PSG,926,0.09887444954890083,0.11603187267608463,-1.4307031775113086,-0.7789835222459454
SC4001E0-PSG,927,-0.6836013998487944,0.03676742750173457,-0.34134454860827684,0.3430158873074959
SC4001E0-PSG,928,-0.47112822196674126,-0.7619438635141339,-1.3965458218730031,-0.47351089979264116
SC4001E0-PSG,929,0.0657374485802993,-0.39565131952606647,-1.3732951896957981,-0.20089636282893752
SC4001E0-PSG,930,-0.1366946655023785,-0.3963192971065352,-1.0158518351900743,-0.2086781136588887
SC4001E0-PSG,931,-0.01608435533604399,-0.0949140646786,-0.2713175429052995,0.1762581651654341
SC4001E0-PSG,932,-0.07699656975610775,-0.09625037510576173,-1.1187410981100363,-0.117273906868616
SC4001E0-PSG,933,-0.11038336755564426,-0.1258301844730798,-1.1570152164071434,-0.0002401749943970423
SC4001E0-PSG,934,-0.14433173572213934,0.3467883485887837,-1.2345090516382795,0.3538651090825572
SC4001E0-PSG,935,-0.15004697472821063,0.37971329814056265,-0.2313683340266832,0.11378320449942277
SC4001E0-PSG,936,-0.39041677410751185,0.6236508570379682,0.23801279696224126,0.6401749400999452
SC4001E0-PSG,937,0.20424238467681036,0.48195211566083324,-1.4465089918815013,0.48373200628283197
SC4001E0-PSG,938,-0.3309273850404789,-0.16767511201593052,-1.3176985134575323,0.1478372156393846
SC4001E0-PSG,939,-0.026593911197662072,-0.2006871279571242,-1.2331865795446237,0.28790146433725844
SC4001E0-PSG,940,-0.008082603322328647,-0.0016077696011401153,-1.2360267860984027,0.19468575231389595
SC4001E0-PSG,941,-0.11164489879999297,-0.40602911592342855,-0.7434852970684406,0.5410500964475563
SC4001E0-PSG,942,-0.05758969437486899,-0.5734952451473165,-0.8105450959735728,0.8741534136151726
SC4001E0-PSG,943,-0.40374258835713894,-0.13411919373313624,0.03690299201442624,1.174530795981684
SC4001E0-PSG,944,0.13150982237963305,-0.20261956982043103,-0.1882884152818915,1.7011315179942885
SC4001E0-PSG,945,0.2747801393078463,0.8013584615417164,-0.015100331984697726,1.7333449329806578
SC4001E0-PSG,946,-0.05074840915237489,-0.2443414244031497,-0.3830892856117037,1.7182612996885696
SC4001E0-PSG,947,0.4867039862116507,0.6516960737115707,-0.18094358474839015,1.1080100795478216
SC4001E0-PSG,948,0.07944029535060756,0.035823730104919925,-0.05258893798908509,1.4068311350837368
SC4001E0-PSG,949,-0.39524794611595826,-0.11280683734555753,0.3893385412656277,1.8181691087405254
SC4001E0-PSG,950,-0.9817298216432404,-1.4003985252301088,-0.4111409409759073,1.7348250389879862
SC4001E0-PSG,951,0.21134833715114143,-0.2803605359576916,0.17763142506445312,1.9253400175041289
SC4001E0-PSG,952,0.08656713404825428,-0.15028804615582425,0.9846334661756682,1.9740264881512164
SC4001E0-PSG,953,-0.3826778938199614,-0.8013694680840623,-0.18934130742035132,1.3755321699129859
SC4001E0-PSG,954,0.12260545312473853,0.16532478360111313,0.341803916612928,1.6056656441260782
SC4001E0-PSG,955,0.4062663512462819,0.3149365334938942,-0.22702989344712932,1.0038733853880581
SC4001E0-PSG,956,0.5476851041391443,0.38679942707660214,-0.4384382073920826,0.19422250525908713
SC4001E0-PSG,957,0.11204154241660579,-0.2538668358769669,-1.2115054049820722,-0.22955631580524563
SC4001E0-PSG,958,0.4765679610773505,0.6636717604378519,-0.9552575413994822,0.17766201982645918
SC4001E0-PSG,959,0.6166848788573741,0.9959098258644332,-1.0558951881040977,-0.3943970606911827
SC4001E0-PSG,960,0.5667042179544568,0.5192092947860731,-0.8388078047237437,-0.1469823281700197
SC4001E0-PSG,961,0.14931745524551182,0.028336273933768665,-1.2782903080387422,0.06967475155958609
SC4001E0-PSG,962,0.5759959801591159,0.5774514679419044,-1.27361916076719,0.042879351074267866
SC4001E0-PSG,963,1.0751962292745716,1.371026769687617,-1.1051652016662805,-0.23394587612982778
SC4001E0-PSG,964,0.6922261142270046,0.7960945569060939,-0.699840718429872,0.7348344364283846
SC4001E0-PSG,965,0.44743458632014393,0.4170705225284903,-1.178596715171567,0.018163468769334168
SC4001E0-PSG,966,0.3708699311321492,0.31974548713112694,-0.847492840988738,0.07452983124764331
SC4001E0-PSG,967,0.717368827432249,0.5804343081934629,-1.23687952542389,0.31277659887917575
SC4001E0-PSG,968,0.19791331938759912,-0.1487834809602508,-1.2366447556359905,-0.41645691788382144
SC4001E0-PSG,969,0.42732209982511343,0.27837670058095487,-0.7873925927310615,-0.22721092367429094
SC4001E0-PSG,970,0.21466924695205222,0.1627314179521247,-1.0418497725500941,-0.45515903115892087
SC4001E0-PSG,971,-0.05526821214321583,0.8101832505739235,-0.20927043357123282,-0.8184857786418182
SC4001E0-PSG,972,-0.11546381234078697,0.161656409632054,-1.1701272161158334,-0.2236907562465171
SC4001E0-PSG,973,-0.8836715324753576,-0.5940182268970835,-1.7926447073369949,-0.11557145398882993
SC4001E0-PSG,974,-0.2762216530116336,-0.22481954998934345,-1.5051760309881577,-0.1682317150251331
SC4001E0-PSG,975,0.2689155389297009,0.7767859169462754,-0.7738985847604004,0.1612284516299322
SC4001E0-PSG,976,-0.023376718849413097,-0.134519872864232,-1.6015795335269358,-0.14341139044957799
SC4001E0-PSG,977,-0.5314277575664356,-0.3757358209334958,-2.051857905381014,-0.045423796926254874
SC4001E0-PSG,978,-0.32727931874857596,0.005457659636253081,-1.3535315027894301,-0.17013045039375
SC4001E0-PSG,979,-0.23331896456971388,-0.2661032489674236,-0.3530450712472257,0.3837818404946986
SC4001E0-PSG,980,0.1861963469334531,0.1300084841912923,0.06819292084327638,1.0269331303577913
SC4001E0-PSG,981,0.3336957130301951,0.35317905142109146,1.0931996963521546,0.6962549061741745
SC4001E0-PSG,982,0.6705112205293429,0.8309389637959532,0.7252400514931412,0.7239749248228982
SC4001E0-PSG,983,0.26060041514070065,0.9899756868837124,1.36189334878371,0.9785432920578698
SC4001E0-PSG,984,0.7328301806841722,0.7374707012438882,-0.1870196206024927,0.7736250379922578
SC4001E0-PSG,985,0.43152049929585695,0.8602239078368413,1.249036542739724,1.459773145231871
SC4001E0-PSG,986,-0.02480124012802165,0.32301418287460937,-0.21777332265785904,0.16514733175581067
SC4001E0-PSG,987,0.270497669285532,1.171379079547825,0.24453561526037249,0.03866473492128398
SC4001E0-PSG,988,0.8160113511219989,0.8780181791725967,0.027635526505185498,0.9049159438160532
SC4001E0-PSG,989,0.1762983868174804,-0.20211583238007266,-0.4129948751893039,0.26835597620162294
SC4001E0-PSG,990,0.3015815012815551,0.32325479103233995,0.3591052936716028,0.7276600128759723
SC4001E0-PSG,991,0.3977243631010686,-0.1110104305575756,-0.5034745690386124,0.5274231665484687
SC4001E0-PSG,992,0.20204798884209899,-0.29914935455209923,-0.5385239326884957,0.2139679161492006
SC4001E0-PSG,993,0.4371955018865349,0.16734286020665534,-0.26779122770054353,0.41695571368460665
SC4001E0-PSG,994,0.40420745869669095,-0.5036177302824898,-0.28187640935937924,0.23915805710258367
SC4001E0-PSG,995,0.5851129647701867,0.547528082521509,-0.3236436721586026,0.07314085588551271
SC4001E0-PSG,996,0.5081110618453001,-0.5732568771405498,-1.130079503809016,0.10799555094327697
SC4001E0-PSG,997,0.17793058505391623,0.5820259734186356,0.2734649546857652,0.4709109199605059
SC4001E0-PSG,998,0.6613849334941844,1.3810980268944073,1.3188006760225284,1.3741828334210862
SC4001E0-PSG,999,0.6534804882421472,0.5852356380310005,0.5902055402737234,1.6181466752506943
SC4001E0-PSG,1000,0.5397163912459743,-0.5059249533506815,-0.7505187612376825,0.23892896433693442
SC4001E0-PSG,1001,0.5237166090111967,0.8880358614199251,-0.5293602130615199,-0.043726677075379125
SC4001E0-PSG,1002,0.5957563508809196,0.8824788399938615,0.4191023939829698,0.027943748812682696
SC4001E0-PSG,1003,-0.3973905026873457,-0.6018827837315414,-0.6644561174146622,-0.3311797612603516
SC4001E0-PSG,1004,0.8055618447001225,0.3457774313847781,0.6073142707819936,0.12146747403561933
SC4001E0-PSG,1005,0.46062130192198525,-0.14585467548132397,-0.43240081511715583,0.07453852822066899
SC4001E0-PSG,1006,0.18440830864119076,-0.31229584503448504,-0.6240283549777101,-0.0372344310857303
SC4001E0-PSG,1007,1.0375403712094724,1.611077907741155,0.8733797818515155,0.40199307210123764
SC4001E0-PSG,1008,1.7904154137768336,3.1050702566339607,2.1295786189663746,0.5064042630131163
SC4001E0-PSG,1009,0.7477353552370147,0.8216619182530018,0.12090903413081502,0.19979477287596348
SC4001E0-PSG,1010,1.6045442597584743,-0.44236948908124757,-0.2249774856033166,0.22552639410912115
SC4001E0-PSG,1011,-1.0166053653408504,-2.160692757340305,1.732951771606115,-0.36534433424302637
SC4001E0-PSG,1012,-0.9859653989451334,-0.9890762982177338,1.967619194268228,-0.904384931887518
SC4001E0-PSG,1013,-1.7312755156311452,0.3382512999929249,1.7691028959682185,-0.5373828790372144
SC4001E0-PSG,1014,-2.7749049936948613,0.5869932095490576,2.1584800625101823,-1.0408858714062261
SC4001E0-PSG,1015,-1.8621411813927213,1.0466342077478017,1.986595855678497,-0.5104730614975657
SC4001E0-PSG,1016,-2.582492124298783,2.0197523725905144,2.229163056991212,-0.8408337594727968
SC4001E0-PSG,1017,-2.821061322310044,2.2695513838148877,1.1392004011034975,-1.040744749379749
SC4001E0-PSG,1018,-3.1025347279305944,1.1402907251277137,1.9169433254683759,-1.1842343851728134
SC4001E0-PSG,1019,-2.7273952104172015,1.126921914327514,2.2113974713560416,-1.0323689068984367
SC4001E0-PSG,1020,-2.953454218873629,-0.12245950782394345,1.4646587260595787,-1.3059807454523837
SC4001E0-PSG,1021,-2.5312372038442144,-1.1994863602729586,0.7112237509410531,-1.33392276136449
SC4001E0-PSG,1022,-2.3584111426312795,-0.5826124773462877,-1.4419609075013264,-1.0801787725147027
SC4001E0-PSG,1023,-1.9319178546899132,-0.9144995572029627,-1.762142913496169,-1.5211574609158731
SC4001E0-PSG,1024,-0.49471765764184394,0.8171586617246347,-0.959647247169756,-1.1358480787226006
SC4001E0-PSG,1025,-0.5166482486434611,0.11186522317822795,-1.5580083984874824,-1.4119700029361844
SC4001E0-PSG,1026,-0.39097639294600345,1.3476085004472487,-1.586830210445342,-1.313076338703287
SC4001E0-PSG,1027,-0.20434694780342924,0.9428421258259909,-1.3134875430621094,-0.7424561226525184
SC4001E0-PSG,1028,-0.37373708318074733,0.8673786301493771,-0.7539069978628077,-0.5808331089362996
SC4001E0-PSG,1029,-0.416830578567372,0.07307600720938567,-1.144217885951319,-0.6964644276846133
SC4001E0-PSG,1030,-0.9603987154931374,-0.9446929830038292,-1.522374789658334,-1.1267867760973305
SC4001E0-PSG,1031,-0.034714512785048376,0.4722184378430701,0.20943861944471936,-0.02426967298222258
SC4001E0-PSG,1032,-0.11568597940189772,0.04879686398668264,-0.15408801576588407,-1.1130636332334685
SC4001E0-PSG,1033,-0.5400916796189511,0.5040586105394256,0.7198377756672263,0.19350917697813624
SC4001E0-PSG,1034,-0.39845072614862476,0.5152978567340929,-0.19496899243257448,-0.5164332779421726
SC4001E0-PSG,1035,-0.03994509968030351,0.4967895501043473,0.7200235179568071,-0.7405308076236549
SC4001E0-PSG,1036,0.10917286312232043,0.39131173809013703,0.7920432703126469,-0.5795779875079372
SC4001E0-PSG,1037,-0.0897368292090615,-0.014662867035506627,-0.11949353648997388,-0.7733017541218106
SC4001E0-PSG,1038,0.4303890670223214,1.3236420378203357,1.0502762929534515,-0.8427501367141552
SC4001E0-PSG,1039,-0.05665474914634384,0.5234850474794269,0.5074392862884132,-0.9069004250839832
SC4001E0-PSG,1040,0.4072490077807812,1.0832695557716592,2.006099719519948,-0.6811181801186983
SC4001E0-PSG,1041,0.8292165184963368,1.2479782177606207,0.7660030005037164,-0.8859495405877162
SC4001E0-PSG,1042,0.5379933488884705,0.43377138439184737,0.6819487336097975,-1.3411148316946222
SC4001E0-PSG,1043,0.7962528095201221,0.9076528586218121,1.3054198473456513,-0.9961330890022126
SC4001E0-PSG,1044,0.6904096530060683,1.0258223662104116,0.7799716847186319,-0.896716147816529
SC4001E0-PSG,1045,1.1233706750858339,0.8352772833463205,0.5539304941149793,-0.8696915305589952
SC4001E0-PSG,1046,0.6915478369120873,0.31253891133457123,0.6472609353979755,-1.1376527511640375
SC4001E0-PSG,1047,0.7336395303800842,1.0120826411791808,1.12428684366495,-1.1977004164943315
SC4001E0-PSG,1048,1.2437317461737498,1.1475270757360478,1.078106456313996,-1.0177198915625623
SC4001E0-PSG,1049,1.1490222764640075,0.6894739797673357,1.4606279459879525,-1.2070516117102705
SC4001E0-PSG,1050,1.1213580212387584,0.8072105032563105,1.3318437026631456,-1.47392985863151
SC4001E0-PSG,1051,1.061211059693413,0.5888110575974378,0.759050299244611,-1.093285130273904
SC4001E0-PSG,1052,1.1784042507909667,0.8275968732731764,0.526505801591954,-1.3387603341922838
SC4001E0-PSG,1053,0.9857715756089112,0.7195306118986812,0.6601135443355314,-1.4845128249443085
SC4001E0-PSG,1054,1.4821676198289364,0.7689346063908957,1.1671666062878479,-1.429845759039454
SC4001E0-PSG,1055,0.7518241632307926,0.4365936614441911,0.6629804033488976,-1.5665474886903032
SC4001E0-PSG,1056,1.530245556969961,0.7676833564220478,0.3189756077541966,-1.400006239824754
SC4001E0-PSG,1057,1.1696743798074898,1.1575470146914448,-0.31208348764935867,-1.3656581327495787
SC4001E0-PSG,1058,1.4704992121946445,1.1562248736733576,1.3188812977004272,-1.2517201692177724
SC4001E0-PSG,1059,1.5692863456376298,0.6637062039434066,1.3528190208288682,-1.447780816621277
SC4001E0-PSG,1060,-0.1048138122151772,1.5700888388237606,1.9208908926086399,0.9684222135361806
SC4001E0-PSG,1061,0.22093760491170114,0.2606646121161,-1.047838514455704,-1.1568635945178718
SC4001E0-PSG,1062,0.6355395291957994,0.6488853783625163,-0.15877260324139003,-1.0228279927332902
SC4001E0-PSG,1063,-0.05992736237413401,-0.25817718819714935,0.2865674253580569,-0.7985961895441112
SC4001E0-PSG,1064,0.20480659018316294,-0.10987607075789715,-1.3233153926063608,-1.378870030722588
SC4001E0-PSG,1065,0.29683858438290117,0.14911240447132174,-0.16266731444895666,-1.5516558048741427
SC4001E0-PSG,1066,0.4572864268915423,0.5177323753340197,1.1690329691195327,-1.1674041747565835
SC4001E0-PSG,1067,0.8128040258757813,0.2552676106876313,-0.274210172810769,-1.5729397927004112
SC4001E0-PSG,1068,0.7683383681020789,0.15070986382933815,-0.038901025724401385,-1.1115598363480812
SC4001E0-PSG,1069,0.6804180769682198,0.5947756574058116,-0.0324046396369172,-1.4250528799235553
SC4001E0-PSG,1070,0.7769507784500076,0.8595592559751493,0.5644857075191337,-1.1254381737801913
SC4001E0-PSG,1071,1.1513100086204415,1.3234043296093805,1.8410418295228836,-1.207023967166292
SC4001E0-PSG,1072,0.955954538757835,0.8542600880956506,-0.16031970533716833,-1.5448437007396558
SC4001E0-PSG,1073,0.9887215596585438,0.9428861494386284,0.2742205200278342,-0.9673655493577076
SC4001E0-PSG,1074,1.5697343326597821,0.7287450966256966,0.5550665777737879,-1.0685384847109571
SC4001E0-PSG,1075,0.11488060881084361,0.9059178795253607,0.9630823371755355,-0.27310936470887154
SC4001E0-PSG,1076,0.5656184235077225,-0.01756491760627485,-0.9793828068761794,-1.4957749959775222
SC4001E0-PSG,1077,0.20263836406072486,0.6606901102057153,1.2240044920881907,-0.7108867744902144
SC4001E0-PSG,1078,0.23282080181748774,0.4084161596556281,-0.5235984515254273,-0.5372607243440867
SC4001E0-PSG,1079,-0.2233600053015444,1.6879220432368494,0.5962075114900232,-0.9251162332154783
SC4001E0-PSG,1080,-0.016490856636427496,-0.2931133165141208,-1.3276899624487217,-1.3584966402436864
SC4001E0-PSG,1081,-0.6738263329423835,0.2112974505425115,-1.0271424279769037,-0.9200048825384132
SC4001E0-PSG,1082,0.39539077647801246,0.7045036592303651,-0.5948218078159418,-0.539859798360348
SC4001E0-PSG,1083,0.13597808443304515,0.853076004184981,1.1011120680719342,-0.22841767311935984
SC4001E0-PSG,1084,-0.21710691001077698,-0.4308930385990794,-0.06971103542456493,-0.6090083272386838
SC4001E0-PSG,1085,0.34908503384226464,0.363639623987216,0.44365304903951003,-0.5331460569424735
SC4001E0-PSG,1086,0.3671164367985088,0.1211401469996718,-0.13328346868558325,-0.9135578441489768
SC4001E0-PSG,1087,0.574833551785524,0.6583814837274115,1.4499633369035783,-0.9314761010400955
SC4001E0-PSG,1088,0.06899613021041444,0.637235241548432,0.27084103528668074,-1.4986594869181435
SC4001E0-PSG,1089,-0.9808326108213204,0.2673030922022885,1.1490336506563261,0.707300525435737
SC4001E0-PSG,1090,-0.8911011999195882,-1.4837505039466228,-2.327061483363256,-1.128332848417651
SC4001E0-PSG,1091,-0.4985833150759768,-1.513948609850856,-2.3106449614890967,-1.4623433588241588
SC4001E0-PSG,1092,0.21383363333782648,0.5381821623796957,-0.06836164803110445,-0.70598557452786
SC4001E0-PSG,1093,-0.11353863446706787,-0.2793831495516897,-0.5469800227663493,-1.2774889616006884
SC4001E0-PSG,1094,0.2675899398980842,0.19730552118313738,-0.2730194226497899,-1.3589007956086399
SC4001E0-PSG,1095,0.06823947952209304,-0.6117542719730006,-0.4091551322218604,-1.0012565382818333
SC4001E0-PSG,1096,0.5735489329837385,0.6481569533886229,2.4863670160357647,-0.8563951114170301
SC4001E0-PSG,1097,0.10196380638944283,-0.05715615198428347,-0.7554550011696929,-1.0939460880012586
SC4001E0-PSG,1098,0.512254260851499,-0.2188281869302595,0.26561645221413216,-0.7477803146289476
SC4001E0-PSG,1099,0.36162782686173184,0.9804377264004103,0.6935245694365243,-1.3650639965324967
SC4001E0-PSG,1100,0.9746284332020645,0.3227028701342756,0.7899751963678958,-1.289529141482023
SC4001E0-PSG,1101,0.6496208358424369,0.2646292857625156,-0.3639625088500816,-1.4990292177590199
SC4001E0-PSG,1102,0.7422480801640391,0.8704465427156168,0.5378072002050951,-1.1814422069045452
SC4001E0-PSG,1103,0.5484910679989375,0.7303325112964415,0.7937295375467113,-1.2971294410611807
SC4001E0-PSG,1104,1.0203232883002977,0.4430476384686859,0.6516395690576313,-1.4561611839171098
SC4001E0-PSG,1105,1.0153945563891797,0.20665082037759672,0.6681490721308279,-1.438602542288353
SC4001E0-PSG,1106,1.279709198671424,0.7354004662205682,0.5775123697960277,-1.6161365417369034
SC4001E0-PSG,1107,1.5166598574792356,0.6695107676891764,0.5668320725767961,-1.6416156668876907
SC4001E0-PSG,1108,1.2224021153086713,1.192747329846351,0.9891908863656809,-1.3887662765568594
SC4001E0-PSG,1109,1.036077304508606,1.213288973879124,1.9800387551185146,-1.4081834143811125
SC4001E0-PSG,1110,0.5367102574081142,-0.4519531560260113,-1.1587827996783278,-1.595105106286488
SC4001E0-PSG,1111,0.22590015317444803,-0.4917059001776886,-1.2214563696628646,-1.4972329526124988
SC4001E0-PSG,1112,0.5005710286891212,0.13076701258997178,0.2109850632247273,-0.8154318912026969
SC4001E0-PSG,1113,0.6889870649590416,0.06556936916224412,-0.43502184342886135,-1.117638419146504
SC4001E0-PSG,1114,0.2891467188189808,0.28350092996463355,0.7768180025460469,-1.1930384897980637
SC4001E0-PSG,1115,0.8348022096799197,0.6360026315186236,0.7314289928533546,-1.2433448472959248
SC4001E0-PSG,1116,0.9775218881212749,0.7029423097856986,0.9277161686566928,-1.6165116244805755
SC4001E0-PSG,1117,1.3926675803468092,0.5532570500218372,0.7753306390628214,-1.5124310991201384
SC4001E0-PSG,1118,1.3150706207439056,1.1227247501432893,0.948821580027766,-1.7805775382353677
SC4001E0-PSG,1119,1.3425148589211635,0.9900526536542362,0.5995058750416586,-1.3901275071298487
SC4001E0-PSG,1120,1.6934821105125453,0.6537772254284472,1.1530528532935747,-1.7378223701622668
SC4001E0-PSG,1121,1.248543675420922,0.4480507616472804,1.1997856380319367,-1.653355694376058
SC4001E0-PSG,1122,1.4360126201297627,0.9350512408079222,1.4164732023512927,-1.954913306622762
SC4001E0-PSG,1123,1.3284788129002176,0.655262520108459,2.2615216683784376,-1.7191831872977883
SC4001E0-PSG,1124,1.7115473424404146,0.9376039975087702,1.277791193100488,-1.7845339739558148
SC4001E0-PSG,1125,2.085442273634809,0.8656888500534957,1.4661171854321164,-1.44765993722132
SC4001E0-PSG,1126,1.4921491550797705,0.15982551194363245,0.3383705684228971,-1.729748361497537
SC4001E0-PSG,1127,1.5503807002360857,0.7044769119021381,2.071318384977958,-1.7494646934296814
SC4001E0-PSG,1128,1.7135466578477492,0.21965597898748543,0.9482733406181116,-0.8899826261381056
SC4001E0-PSG,1129,1.9084409611689346,0.5640274992727882,1.7308406969987011,-1.7072967995684922
SC4001E0-PSG,1130,1.5178282204528912,0.6144000295014226,0.8104515238169832,-1.840514524539376
SC4001E0-PSG,1131,1.7745888278001767,0.8446234270146332,1.304478596007923,-1.5621022882727158
SC4001E0-PSG,1132,1.608869189193516,-0.07436571660601052,0.4579226429380079,-1.9110400962849738
SC4001E0-PSG,1133,1.8325160738210746,0.6724586245286512,1.6554082404252972,-1.809953291666489
SC4001E0-PSG,1134,1.8665086664065365,0.32255222153565793,0.6647115945296521,-1.7701881986557824
SC4001E0-PSG,1135,1.5428403525553678,0.42192294951654524,1.2380747159796899,-1.8602643322802364
SC4001E0-PSG,1136,1.4717959644917598,0.6350977543939003,1.9347045064605555,-1.9644659091777716
SC4001E0-PSG,1137,2.038940655091361,0.2658497628749202,2.323068104325032,-1.8061755746145012
SC4001E0-PSG,1138,1.8325275741019302,0.5665716862933281,1.43665282540088,-1.693671506662043
SC4001E0-PSG,1139,1.7523139629884323,0.5650917814344352,2.216672359170953,-1.8234047537397045
SC4001E0-PSG,1140,1.6342040409373089,1.1752723379674812,2.3964348447958326,-1.7901279926007836
SC4001E0-PSG,1141,1.450047677983633,0.2877216053920965,1.8166725690800871,-1.7967555211414383
SC4001E0-PSG,1142,1.7607103210117663,0.4174470740083369,1.2595341975171903,-1.9623965299847612
SC4001E0-PSG,1143,1.7049321468275194,0.31631192625870663,1.3252158797887927,-1.9881680845963843
SC4001E0-PSG,1144,1.9598759080779657,0.7360698956601321,1.6503781954039238,-2.0845248817781106
SC4001E0-PSG,1145,2.1099278316128802,0.8182438284333419,1.1844187214453161,-1.9315646207065555
SC4001E0-PSG,1146,1.9702769706179855,0.5612485575237445,1.4641881881378334,-1.9505524770709215
SC4001E0-PSG,1147,2.1270542511232464,0.9330797782865082,1.9695973280896115,-1.9070341536100115
SC4001E0-PSG,1148,2.0158278394898446,0.19792920660743651,0.1311898004263848,-2.102893496828467
SC4001E0-PSG,1149,1.8496737099073708,-0.01109448717527711,0.42216500350056724,-1.751646140701236
SC4001E0-PSG,1150,1.586481578396622,0.11001097603196877,0.29116581025848265,-1.741922313081289
SC4001E0-PSG,1151,2.168818961667483,0.5086083798352704,0.09320967804108751,-1.9402645503668052
SC4001E0-PSG,1152,1.7455794459417346,0.772208450591846,0.7993671064486672,-2.045410928243304
SC4001E0-PSG,1153,2.0010661098790554,0.9439011427905614,0.9005278999724464,-1.853712474675204
SC4001E0-PSG,1154,1.5493075140990837,0.5519917862816321,1.1259585038771855,-2.005098904974023
SC4001E0-PSG,1155,1.8267767115774458,0.5335068017240343,1.0862345910240008,-1.7352732230487677
SC4001E0-PSG,1156,1.8415199410750671,1.0032541076219141,1.1873819942603823,-1.8934588135735384
SC4001E0-PSG,1157,1.641904876867417,0.43333468496079935,0.4875775169394687,-2.024106412357149
SC4001E0-PSG,1158,1.793118238586522,0.7021693927660209,2.406817282071994,-1.5707581304505678
SC4001E0-PSG,1159,1.5797904811552863,0.4344624992384863,1.3951405823879865,-1.7860317925220688
SC4001E0-PSG,1160,1.8016185823712803,0.65030160074235,1.9540125063220342,-1.9657792143559143
SC4001E0-PSG,1161,1.9276858787074662,0.4654115756281705,0.5570156891951531,-1.9324366657012386
SC4001E0-PSG,1162,1.9648972025113967,0.8005534573035664,1.0090051802763298,-1.7212065438982664
SC4001E0-PSG,1163,1.6828375419094355,-0.3135393711099542,1.3976345888506356,-2.2044436758961052
SC4001E0-PSG,1164,2.0640324698943435,1.005191659620922,0.546206725583679,-2.053718500690484
SC4001E0-PSG,1165,1.685816043989738,0.19145311616656072,0.6686517494057249,-1.8309719956324386
SC4001E0-PSG,1166,1.8192316100071266,0.6290143670265484,0.36834258960766275,-2.019514132166043
SC4001E0-PSG,1167,1.9714323469547925,0.3591733336497076,0.049490235323094135,-1.8192316297098992
SC4001E0-PSG,1168,1.985947423840859,0.46425429077557884,-0.09264378340713421,-2.063626016589458
SC4001E0-PSG,1169,1.92666102229958,0.23069955640025513,0.46550250173614655,-2.1484327512830803
SC4001E0-PSG,1170,1.8823842638649193,0.1607958722672374,0.7228219029417283,-1.588894167494763
SC4001E0-PSG,1171,1.8654682277953463,0.30912975577277313,1.289770586030931,-1.9701245982736593
SC4001E0-PSG,1172,1.452858720390398,0.30492237285003015,1.5403741410960745,-2.1783513994007864
SC4001E0-PSG,1173,1.749421088115102,0.26672023285763197,0.5307088254168333,-1.9878613364861684
SC4001E0-PSG,1174,1.7399051326447232,0.1755640214053374,1.149470828950416,-1.955520301936881
SC4001E0-PSG,1175,2.19037272726634,0.6203201648557167,1.1718292701660025,-1.8653858226797522
SC4001E0-PSG,1176,1.813369124720085,0.2642006328758581,0.702778847121792,-1.9318731373619815
SC4001E0-PSG,1177,1.7333766736353642,0.015084357408596323,-0.35676417025265184,-1.9951983676002076
SC4001E0-PSG,1178,1.813076652245818,0.31466387917461414,0.09197553874228076,-1.9509730006919208
SC4001E0-PSG,1179,1.4206691379144263,0.7573484928813767,1.6562356149042032,0.21259066437815438
SC4001E0-PSG,1180,-0.06783078102852783,1.128499213035931,0.9758547826388054,0.2691912178414544
SC4001E0-PSG,1181,0.5963092731163211,0.31435117469654933,-1.6055188777996412,-1.5574729489685601
SC4001E0-PSG,1182,0.4204688012457473,0.13856000229781074,-1.0149853400042423,-1.598902827142081
SC4001E0-PSG,1183,0.5633807602061294,1.2611459808904795,-1.455288771848606,-1.7228387981457565
SC4001E0-PSG,1184,0.3518603830586044,1.1730938434763851,-0.926806923492335,-1.5588125302992815
SC4001E0-PSG,1185,0.2352893755853756,1.052001147547817,-1.2986157379527212,-1.5850193874535186
SC4001E0-PSG,1186,0.16593511959897714,1.072486183926162,-1.7756350253357462,-1.5935750226346053
SC4001E0-PSG,1187,0.32284532063148347,0.06420525821548011,-1.585546430088303,-1.6497465739300234
SC4001E0-PSG,1188,-0.39972272501343725,-0.5602384511109266,-1.4498344661131468,-1.7407959090488432
SC4001E0-PSG,1189,-0.06424410034444408,-0.1154286902825908,-0.7540480316622171,-1.2094113047441004
SC4001E0-PSG,1190,0.5303551007560234,0.46104848413931643,-0.7931769899540128,-0.9961315318756789
SC4001E0-PSG,1191,0.3947008644360503,1.9656359028521306,-0.28601587483184676,-0.7196396222935193
SC4001E0-PSG,1192,0.9126894641021199,2.267459566674127,-0.025109522411227866,-1.1316550898519846
SC4001E0-PSG,1193,-0.10250572325186098,1.8076901227035276,-0.6298293474359549,-1.5482299178708525
SC4001E0-PSG,1194,-0.4834123302181478,1.22225023082792,-0.9846146071349705,-1.4390409239260156
SC4001E0-PSG,1195,-0.29473817578607725,1.5938522399520787,-0.8587983731518506,-0.9180214957593632
SC4001E0-PSG,1196,-0.7666127942115463,2.0656661580323616,0.10041757088047364,-0.053572718682862064
SC4001E0-PSG,1197,-0.7360265591948033,-0.5187605100962007,-2.0416048432108562,-1.7509712982897532
SC4001E0-PSG,1198,-0.07015469698184298,2.409269640614331,-0.1226431832037964,-0.9277693406465516
SC4001E0-PSG,1199,-1.3232336280882047,0.9946529444336046,-1.668509164712956,-1.8966740341435882
SC4001E0-PSG,1200,-1.3797317657187376,1.252447353077356,-1.3560707886166545,-1.6736421340838257
SC4001E0-PSG,1201,-1.1929452786480759,1.1156440037374,-0.5837515575066166,-1.7002640272055412
SC4001E0-PSG,1202,-1.9548401782443927,-0.13908623914812682,-0.586861404656209,-1.7397851840093845
SC4001E0-PSG,1203,-2.013082505925443,-0.14871870441626248,-1.4466767362129256,-1.759425485275759
SC4001E0-PSG,1204,-2.032426092219617,-0.8917188953735165,-0.28937781714037925,-1.8168788307448323
SC4001E0-PSG,1205,-1.4273804329622994,1.9283794672170775,-0.6635192376155615,-1.5214998696962185
SC4001E0-PSG,1206,-2.2960350028124266,-0.3276119543931682,-0.43967365754697074,-1.6768437943099714
SC4001E0-PSG,1207,-1.8217626976316998,-0.42305183980690986,-0.3018974220401681,-1.5346537174845114
SC4001E0-PSG,1208,-2.252185493548958,-1.2140469421641562,-0.9704578932356246,-1.5535766177212602
SC4001E0-PSG,1209,-1.6508569888674303,-1.744959464636754,-0.4604074169898803,-1.861033981903446
SC4001E0-PSG,1210,-2.47763000245055,-0.6486117107686936,-1.047724186791469,-1.6731672111140445
SC4001E0-PSG,1211,-2.278101879793881,0.015336766549388143,-1.0586725206959746,-1.690287741136078
SC4001E0-PSG,1212,-1.958555041998311,-1.071520056619421,-0.7553204640194876,-1.822377779450383
SC4001E0-PSG,1213,-2.6025377307291038,-1.552535813061956,-0.7202596596542893,-1.8144462368997873
SC4001E0-PSG,1214,-2.3577746943279934,-1.653414198354471,-1.399861035604795,-1.613838276531528
SC4001E0-PSG,1215,-2.6742774533819134,-1.5504133576666999,-0.7698150387257738,-1.8263946294777085
SC4001E0-PSG,1216,-2.4524960749124576,-1.7992929667516406,-0.8387990970835577,-1.8911165634537443
SC4001E0-PSG,1217,-2.3605083974860284,-1.8120561052808257,-0.5908978484471075,-2.055777197110045
SC4001E0-PSG,1218,-2.893824635812516,-1.7138077354736299,-2.029584542103997,-1.9673993104906558
SC4001E0-PSG,1219,-2.6379394160523235,-2.2601239526627404,-2.0182136837384017,-1.852039471982056
SC4001E0-PSG,1220,-1.2762318139098463,-0.5005609240308605,-1.8267477513552983,-1.6039692261267033
SC4001E0-PSG,1221,-2.080532387909464,-1.042082675723137,-0.9749989141706525,-1.3632067274060828
SC4001E0-PSG,1222,-2.3157458898643033,-1.412432837225856,-0.5351172571219046,-1.731210471040454
SC4001E0-PSG,1223,-2.006056628403201,-0.787498869949181,-0.15951270267490206,-1.733098542589645
SC4001E0-PSG,1224,-2.7385150637974105,-1.2979274917438208,-1.6677293784523888,-1.404738007443543
SC4001E0-PSG,1225,-1.733758777952469,-0.8316651423309742,-0.4037743920592575,-1.5165513337694043
SC4001E0-PSG,1226,-1.7338420571869628,-0.06472685372970223,-1.0335719210693628,-1.7217620919038412
SC4001E0-PSG,1227,-2.6938697323446545,-1.641217815400249,-1.939279482191074,-1.874626858079048
SC4001E0-PSG,1228,-1.9679058114316892,1.0505128076665258,-0.09195489977823673,0.6239892194299564
SC4001E0-PSG,1229,-0.518909430597866,0.08826443796331385,-0.8010779040841807,-0.49762674778463123
SC4001E0-PSG,1230,-1.4117505106587123,-0.5731543536528331,0.3975635621005853,-0.7857247321596191
SC4001E0-PSG,1231,-1.983377177945278,-1.791635981254986,-2.4277839912603856,-1.6850370406358963
SC4001E0-PSG,1232,-1.6706728132050606,-2.0438220493021713,-2.1539200475507467,-1.704529160010855
SC4001E0-PSG,1233,-1.8406989165119148,-2.4529729734981176,-2.056034213940837,-1.5736433866201127
SC4001E0-PSG,1234,-0.7277150497955547,-0.01922324344271313,-0.6394807741488482,-1.2700522269144492
SC4001E0-PSG,1235,-1.9453940653836974,-2.6262112072989603,-2.3310610424224754,-1.5333523657311081
SC4001E0-PSG,1236,-1.468911934911424,-2.4027578746984584,-1.2160690563908059,-1.2721422927034582
SC4001E0-PSG,1237,-1.6059030084269905,-1.9854794173180363,-1.1886061220219464,-1.378055587246211
SC4001E0-PSG,1238,-1.0414335670624746,-1.6867799882164478,-0.7991233764445616,-1.6754095498468844
SC4001E0-PSG,1239,-1.4724895503980735,-1.2161450895251573,-1.5063505208351768,-1.6845243368604208
SC4001E0-PSG,1240,-1.4344694496289392,-1.6303840557955458,-0.6966060963288405,-1.497669113778918
SC4001E0-PSG,1241,-0.4646898326902337,-0.209361921977734,-0.3593675786137097,-1.4411873775901298
SC4001E0-PSG,1242,0.4500861849852354,-0.4638681044661956,-0.3568400552566213,-1.4452664718262478
SC4001E0-PSG,1243,-1.0301667157375223,0.4486606621238782,-0.18845708564477673,-0.7782029589606568
SC4001E0-PSG,1244,-2.1689866534694313,0.018897409884120333,-1.1326240060207142,-1.3546702019575168
SC4001E0-PSG,1245,-1.9767740364777315,0.009880332797076345,0.14086015403890217,-1.3075632663341248
SC4001E0-PSG,1246,-2.106999463671636,-0.710006544332802,-2.088463524862321,-1.2905561740249258
SC4001E0-PSG,1247,-0.5638816007609635,-1.5874937314532487,-2.4638861038898465,-1.6161639925665217
SC4001E0-PSG,1248,-0.8225856322371067,-0.039618054953353486,-0.8347888228520591,-1.2734389221254991
SC4001E0-PSG,1249,-2.170953526142728,-0.4940304719030186,-1.221116490551739,-1.4387078258198767
SC4001E0-PSG,1250,-2.7647681176261742,-0.9228022305673573,-1.258701959975186,-1.6073825129962578
SC4001E0-PSG,1251,-1.616505438991367,-1.493917018741177,-1.55587219142341,-1.711692970184414
SC4001E0-PSG,1252,-0.9560734597768074,-1.579458570669258,-2.3214939279759657,-1.7081770142414403
SC4001E0-PSG,1253,-0.48204512058465726,-0.9204753240976863,-0.34558002115973396,-0.8107211577752534
SC4001E0-PSG,1254,-0.9472321700247636,-0.8672297786399562,-1.4198683704706812,-1.2372483813083939
SC4001E0-PSG,1255,-1.1389863604695039,-2.1265707346441505,-0.9844807357434198,-1.0808927032219593
SC4001E0-PSG,1256,-1.5496281602789632,-2.304097086284612,-1.503716070926845,-1.304441362111285
SC4001E0-PSG,1257,-0.6345337335012093,-1.4473238991733437,-0.48817709270086823,-1.1609663600821862
SC4001E0-PSG,1258,-0.8654285174771429,-1.4649690421731363,-1.2710466833624314,-1.5802357260900668
SC4001E0-PSG,1259,-0.4632498669837177,-1.2233483848241578,-0.8770414895187859,-1.386198189786915
SC4001E0-PSG,1260,-1.2114996367932922,-0.9802221167751167,0.12652548152891815,-1.2771325939549314
SC4001E0-PSG,1261,-0.5603245263553986,-0.8953489200083898,-0.3836867442252774,-1.462768181459544
SC4001E0-PSG,1262,-1.3886444521448968,-1.1695799032829852,-0.191805534894672,-1.3377163658332782
SC4001E0-PSG,1263,-0.6927661954026196,-0.3035321661652575,-0.8981714642909329,-1.5899207527160708
SC4001E0-PSG,1264,-0.7126879887456508,-1.0925307587035584,-0.5277621131513462,-1.196901907075454
SC4001E0-PSG,1265,-0.8058970131135244,-0.6408807347918243,-1.2228518172528993,-1.5266101755231611
SC4001E0-PSG,1266,-0.8564456310411199,-1.245325891145771,-0.4415102291445929,-1.7165576714100363
SC4001E0-PSG,1267,-0.43729661824132143,0.17254986349023071,-0.003905784317332191,-1.5833507454793196
SC4001E0-PSG,1268,-0.4145639151983983,-0.38637352550113346,-0.3747026884479335,-1.1231863505673347
SC4001E0-PSG,1269,-0.01929912938473384,0.3219081870427806,-0.29892141774509084,-1.1953457795106612
SC4001E0-PSG,1270,-0.2213888457462748,-0.07501727044739445,-0.22923831539397607,-0.8872912928463712
SC4001E0-PSG,1271,-0.25388164708469796,-0.36098940287396003,-0.14729923485246987,-1.2507340749863236
SC4001E0-PSG,1272,0.34102052987758164,0.3980456925141296,-0.21793708232126474,-0.8669809889006121
SC4001E0-PSG,1273,-0.2651656326270203,-0.4999879526189495,-1.1550494781080771,-1.4401629671396023
SC4001E0-PSG,1274,-0.15056902448143478,0.29785538674207834,-0.008941059229901202,-1.2697387586369013
SC4001E0-PSG,1275,-0.5018924675024222,-1.0064429299263367,-0.5726078618742378,-1.744805358035688
SC4001E0-PSG,1276,-0.19702110453620847,-0.48863530135762784,-0.5455005215702045,-1.6567430415167657
SC4001E0-PSG,1277,-0.06317622240685024,0.00017533489457558898,0.9491309860226618,-1.5128446876637145
SC4001E0-PSG,1278,0.08013752247195424,-0.5482105027251746,-0.07132890245919574,-1.463178313317108
SC4001E0-PSG,1279,0.4573614591839153,-0.11244673361942806,0.6548496152383283,-1.4773632975349578
SC4001E0-PSG,1280,0.0511619573424779,0.4915072032267587,0.09292414312003756,-1.9019091186814532
SC4001E0-PSG,1281,-0.00237171542024604,-0.253403010573587,0.14733605718423534,-1.81292245080281
SC4001E0-PSG,1282,0.45464669324413653,0.1816515497015078,-0.2401729661676204,-1.8138337549239927
SC4001E0-PSG,1283,0.10981192921655844,-0.3083210973020869,0.18203354389510418,-1.8990827298606379
SC4001E0-PSG,1284,0.4870689249856458,0.4750325444306052,-0.1908498989397627,-1.8077603523382149
SC4001E0-PSG,1285,0.9796355196584036,0.20732789110221744,0.03945972327650693,-1.8594227909591228
SC4001E0-PSG,1286,0.7930955702736724,-0.17043657829789396,-0.2798616532853255,-1.8076888020215383
SC4001E0-PSG,1287,0.854409078343679,0.642638564044601,0.5551682629859567,-1.6189236253519634
SC4001E0-PSG,1288,1.0629482085144795,-0.05659089937722371,-0.3245006395452095,-1.909977986057708
SC4001E0-PSG,1289,0.7787387009214394,-0.2403921691211771,0.17465317593380472,-1.8822511466899918
SC4001E0-PSG,1290,1.4278310196416522,0.9910930927557745,1.4995232277742656,-1.6627532958185383
SC4001E0-PSG,1291,0.9295305647063103,0.7464486270302079,0.4402018035958725,0.24941686360679402
SC4001E0-PSG,1292,-0.39455853536147595,-0.770910505911605,-1.3097232732981476,-1.1318834554471822
SC4001E0-PSG,1293,-0.5919097293897384,0.0967917132988256,-1.157871027970363,-1.4839317129323175
SC4001E0-PSG,1294,0.11210253647879569,-0.30694576103124427,-0.2975057210239,-1.7189628295256134
SC4001E0-PSG,1295,0.423108195485197,-0.1304350923427966,-0.3634527972156959,-1.2243363430753924
SC4001E0-PSG,1296,-0.18759569662960834,0.02422465815403997,-0.9361976125866918,-1.7990431928579007
SC4001E0-PSG,1297,0.597326436063561,0.5265101433272872,0.08481983507999505,-1.8792603365097202
SC4001E0-PSG,1298,0.465429595899132,-0.20633403792333074,-0.4770402864369557,-1.643341687872416
SC4001E0-PSG,1299,0.8671052269398448,0.49050497172979923,0.22832998443541458,-1.8236339235588384
SC4001E0-PSG,1300,1.2580560178234133,0.35952852474965163,0.30307279456119035,-1.8229489923225484
SC4001E0-PSG,1301,1.3000999478490782,0.5799886964645513,0.4749255617888234,-1.8046689861492644
SC4001E0-PSG,1302,1.0164937462331074,0.25166768274497076,-0.26811522951993133,-1.1382882160788939
SC4001E0-PSG,1303,0.8093080526667386,-0.2500049156643444,-0.4819153699554523,-1.756511269113778
SC4001E0-PSG,1304,1.2043971229333867,0.39298346770384124,0.070120531107205,-1.3788421437299179
SC4001E0-PSG,1305,1.1469770381708666,0.25584930618518464,-0.36174318729069593,-1.8856833828046753
SC4001E0-PSG,1306,1.2020437362364995,-0.17734712528965926,-0.3356588103998889,-1.8726802791752684
SC4001E0-PSG,1307,1.05709938770608,0.729569116665666,-0.20261511465959378,-1.7843999451477883
SC4001E0-PSG,1308,1.220838049535485,0.044294159012476096,-0.5728214145086707,-1.7061203032285466
SC4001E0-PSG,1309,1.185154753210132,-0.12500872091035323,-0.7243380023152279,-1.8895724912619303
SC4001E0-PSG,1310,1.1099164148784961,-0.18967262536302879,-0.03628168445781705,-1.871925280766631
SC4001E0-PSG,1311,1.3331665658098855,0.45214126583458497,-0.3853806258237906,-1.8013186431717527
SC4001E0-PSG,1312,1.6594556024492415,0.06875554734474024,-0.9117291033000244,-1.875896875169952
SC4001E0-PSG,1313,1.5569853859918104,-0.46932868059872057,-1.1781987049690876,-1.6806221159480732
SC4001E0-PSG,1314,1.5412882175373983,0.44188607374925143,0.3263902772861312,-1.8995791382241247
SC4001E0-PSG,1315,1.0886892551981726,-0.4692667553484074,-1.2266415055707167,-0.9702593471466852
SC4001E0-PSG,1316,1.4279697480840101,0.5070613889801673,-0.17153964751438547,-1.5897672476110292
SC4001E0-PSG,1317,1.111901167866459,-0.12277121522954935,-0.6392397690486555,-1.8548199206968643
SC4001E0-PSG,1318,1.3951406873929528,0.2960206350942697,-0.4801991033852045,-1.494882480960706
SC4001E0-PSG,1319,0.8758824021719758,-0.18014716540433517,-0.5805551852835247,-1.9385882768387912
SC4001E0-PSG,1320,1.4761857766531825,-0.39132361393540555,0.159666940076257,-1.8278957547620038
SC4001E0-PSG,1321,1.5863635616659333,0.2843777622085507,-0.8309694469684993,-1.8131314045848992
SC4001E0-PSG,1322,1.4577509427112685,-0.44116860046184525,-0.8129287497043522,-1.4217253231374138
SC4001E0-PSG,1323,1.1414956413917063,-0.4404288748759862,-0.23653193280173157,-1.7176036368650645
SC4001E0-PSG,1324,1.6127948957170857,-0.07016838537570415,-0.5282021711432262,-2.0920330756174628
SC4001E0-PSG,1325,1.668929534494272,0.0728824822734494,0.06798024743372476,-0.9797580421199843
SC4001E0-PSG,1326,1.8082785689860594,0.05585847740537794,-0.5292972178652335,-1.4787351189058568
SC4001E0-PSG,1327,1.9193240524813666,-0.003327944085272886,-0.16257890438592285,-1.8503439439310467
SC4001E0-PSG,1328,1.6735890749389637,0.6298427288206465,0.8674109936429437,0.0062842039831515605
SC4001E0-PSG,1329,-0.23084424284742952,0.11849417868436043,-0.3519401541438674,-1.1476457287526085
SC4001E0-PSG,1330,0.2579964407145591,-0.8103703425045319,-1.835917306195329,-1.740207584879161
SC4001E0-PSG,1331,-0.1764871100055331,-1.7420142372461571,-1.3472530744622955,-1.6472824870926337
SC4001E0-PSG,1332,-0.013658357633849712,-0.7635159213937047,-0.5870915839076833,0.35728648732396395
SC4001E0-PSG,1333,-0.1578104486557454,-1.5991688595387155,-2.3123031012550337,-1.8014361304122386
SC4001E0-PSG,1334,0.027410947190398906,0.029456563791902556,-1.2168631398185101,-1.297638972625207
SC4001E0-PSG,1335,-0.11639432927742416,0.4029243521830891,-1.1965794959771732,-1.713368850459648
SC4001E0-PSG,1336,-1.2640694314345797,-1.7380418490302414,-2.1507373525376154,-1.4327892613644504
SC4001E0-PSG,1337,-0.3185924407879532,0.291132732132496,0.13813276177982403,-1.006292973608805
SC4001E0-PSG,1338,-0.8050335388829248,-1.2350957754046843,-1.4854287381915363,-1.3977466851249436
SC4001E0-PSG,1339,0.4009515711945721,0.4546525554630975,-0.34909287463702793,-1.4045461874721867
SC4001E0-PSG,1340,-0.3944424796732557,-0.00432778321280042,-0.9466587957632951,-1.5847344712705078
SC4001E0-PSG,1341,0.04262301453867632,-0.48593000000751263,-0.9170332485870529,-0.984220109783218
SC4001E0-PSG,1342,-0.49388588720889026,-1.756065057663574,-1.8041220733770016,-1.8103298755845756
SC4001E0-PSG,1343,-0.6619686460621014,-0.1986028536725211,-0.8624293059610865,-1.424840040461901
SC4001E0-PSG,1344,-0.4219459229568405,-1.3184263342300453,-1.1092805992468924,-0.6961433006118964
SC4001E0-PSG,1345,0.3934128132900137,0.2414686403927481,-0.26435118594581075,-0.3377465860797153
SC4001E0-PSG,1346,-0.939924979207128,0.17799400542008723,-0.9816820850290144,-1.2028494768052937
SC4001E0-PSG,1347,-0.687603414996531,0.6881599223956346,-1.9461594184204187,-1.387836282422231
SC4001E0-PSG,1348,-0.3578701474620822,-0.14754670695718347,-1.9740675398184202,-1.766267841005895
SC4001E0-PSG,1349,-0.9240424502788146,0.22947884164676022,-1.123169960332334,-1.399796078485508
SC4001E0-PSG,1350,-2.0847854972324558,-0.20142848187616505,-2.0697822680687685,-1.9409935080704297
SC4001E0-PSG,1351,-1.6242062645945234,-0.07593280077895659,-1.6621124897997195,-1.926260826544382
SC4001E0-PSG,1352,-2.366757559093954,-1.981786668813407,-0.7210697353020109,-1.9417609245496816
SC4001E0-PSG,1353,-2.7510073535427884,-1.0483625653077464,-1.8710754689499105,-1.7084966803365573
SC4001E0-PSG,1354,-1.8512084546637806,-0.6575798326600544,-1.3625655431825043,-1.7748432156637095
SC4001E0-PSG,1355,-2.632463753458217,-1.2528050922310927,-0.5596965973521418,-1.9250974396927574
SC4001E0-PSG,1356,-2.7248657005333956,-1.8554821126537606,-0.4809960129477882,-1.8382751520194256
SC4001E0-PSG,1357,-2.548871078556843,-1.4944497497557867,-1.1254631441867644,-1.6220887564144013
SC4001E0-PSG,1358,-2.367259849851001,-1.3476070810344798,-0.30466343486146524,-1.8172164706295084
SC4001E0-PSG,1359,-1.5392822008916474,-2.0699367970167284,-1.1358965657112716,-2.0220087439808143
SC4001E0-PSG,1360,-2.378465694062095,-1.8021976319473072,-1.2138014392686267,-1.6095657994202361
SC4001E0-PSG,1361,-2.467808080438525,-1.7951573991927718,-0.9166949120190874,-1.8231942523942268
SC4001E0-PSG,1362,-2.285259466904068,-2.0694871876935266,-0.7811306354975792,-1.7309777580504062
SC4001E0-PSG,1363,-2.7369716972458358,-1.8566553111410378,-0.9792393130432514,-1.8261127604432776
SC4001E0-PSG,1364,-2.1328338558452677,-2.095982677203289,-0.6217283280162728,-1.9527874090235626
SC4001E0-PSG,1365,-2.309037709085914,-2.196112669923973,-1.247772643821414,-1.815197492918421
SC4001E0-PSG,1366,-2.2355627666193225,-2.9935004604506505,-1.749596612449853,-1.9022393000013462
SC4001E0-PSG,1367,-2.3251085464358923,-1.069529416120741,-0.6627694779371859,-1.5837975054186213
SC4001E0-PSG,1368,-2.6394811391433515,-1.6470534317147776,-1.7108943405017232,-1.7739138938726244
SC4001E0-PSG,1369,-2.6411347858073264,-1.766422181325701,-0.7919693620953143,-1.7597152346350824
SC4001E0-PSG,1370,-2.7233427179904868,-1.9808008683354372,-1.3397543414255682,-1.9696446147308768
SC4001E0-PSG,1371,-2.480545809215483,-1.9767102606178528,-1.163703944043478,-1.9297342756907883
SC4001E0-PSG,1372,-2.2400861584006955,-1.875298176407326,-1.992863023032452,-1.8376976856931677
SC4001E0-PSG,1373,-2.24582712660845,-2.1037366838278766,-0.7639199249128519,-1.7766888210736675
SC4001E0-PSG,1374,-2.463370048006818,-2.3487246226434166,-2.590454641142119,-1.9441519607603932
SC4001E0-PSG,1375,-2.2522716860291254,-2.13156568667302,-2.5550377069024357,-1.750877975037842
SC4001E0-PSG,1376,-2.8619800874992736,-2.384851859704405,-1.5936911381779522,-1.8907666781551706
SC4001E0-PSG,1377,-2.8190722959869925,-0.32705586331315234,-0.48964432055145496,-1.2005616866401052
SC4001E0-PSG,1378,-1.6038656607211261,-0.26917305832797483,-0.41312523557622344,-1.646126794124566
SC4001E0-PSG,1379,0.516792108901418,-1.3233930286218962,-0.012120698698602893,0.4424351359146841
SC4001E0-PSG,1380,-2.2046698337582504,-1.401148566511448,1.0584291376932875,-0.8996301225896074
SC4001E0-PSG,1381,-2.159268682014952,-1.8915592729093706,-1.8444254190406075,-1.4367332067615957
SC4001E0-PSG,1382,-1.4198840284005954,-2.4516173356547295,0.5863961302657262,0.39062287638781024
SC4001E0-PSG,1383,-2.865562535149755,-0.8874977075935726,0.6850917321940128,-1.447003936919101
SC4001E0-PSG,1384,-3.132141036765484,-0.9838637360152688,0.6312231651334256,-1.6726675568257001
SC4001E0-PSG,1385,-2.7892875078156534,-2.0533771375716316,-1.9412104072962433,-1.6469167263025735
SC4001E0-PSG,1386,-1.272470476970041,-1.655751115023047,-1.9136438357424206,-1.6425798455903093
SC4001E0-PSG,1387,-1.201003254212868,0.18465455543109685,-0.19332847115265747,-1.2276326354538778
SC4001E0-PSG,1388,-0.9051849321861369,-1.1831055830251451,-2.0521463182620763,-1.6855721959946615
SC4001E0-PSG,1389,-1.5396595240659952,-1.467367643305343,-2.197131484536243,-1.5481812658060874
SC4001E0-PSG,1390,-1.390549930125665,-1.1476546376776442,-1.9487518051177612,-1.2066510753045623
SC4001E0-PSG,1391,-1.2006997208757542,-1.2751287450684639,-1.642375619373161,-1.3719152491469004
SC4001E0-PSG,1392,-1.1543023053683852,-0.18619967901565307,-1.1615596418766512,-1.1461673627259463
SC4001E0-PSG,1393,-1.9155599108440935,-2.4517028532249814,-2.567372008376395,-2.0656602649107927
SC4001E0-PSG,1394,-1.8743075008445127,-1.792776433187583,-1.4547154874684995,-1.5614533562436164
SC4001E0-PSG,1395,-1.281820073665204,-1.9010407478497944,-1.9998063418388303,-1.4561028669549767
SC4001E0-PSG,1396,-1.3096666773281689,-1.4732654493713122,-1.7808417819759066,-1.447546298252687
SC4001E0-PSG,1397,-0.5484186822365604,-0.4579978370082793,-0.3146577757014925,-1.5173678333403882
SC4001E0-PSG,1398,-0.9499574452014925,-1.3435820776618608,-1.7865542325750914,-1.4974396060124984
SC4001E0-PSG,1399,-1.3108795783164766,-1.6786621642884676,-1.936868391991375,-1.4857105936349977
SC4001E0-PSG,1400,-1.4685243147893445,-1.4103604504923075,-0.9182409042152447,-1.643387672147841
SC4001E0-PSG,1401,-1.008643116349667,-1.0885580791045395,-1.7762330221920135,-1.6885678152249244
SC4001E0-PSG,1402,-0.7129303687772441,-1.1753814078131801,-1.6306618872561156,-1.689389236954289
SC4001E0-PSG,1403,-1.5560063557645551,-1.2744936742704516,-1.1430349029045972,-1.3219837023366408
SC4001E0-PSG,1404,-1.118401347374752,-1.6944638940707908,-1.6877036389768232,-1.25104478256653
SC4001E0-PSG,1405,-0.7088079535305254,-1.202778790415395,-2.0286158364302738,-1.6848135454261641
SC4001E0-PSG,1406,-0.32400091239955026,-0.8359778943301841,-1.702391779221524,-1.6947081933080397
SC4001E0-PSG,1407,-0.40224819588573457,-0.12347714071791231,-0.3318133892091068,-1.4348320261009362
SC4001E0-PSG,1408,0.09580061544530924,-0.33139112131639525,0.7649119462521603,-0.4769837763772172
SC4001E0-PSG,1409,0.04435353828453432,-0.29563761753613166,-0.7668514014851378,-1.304169486804815
SC4001E0-PSG,1410,-0.21234002825986484,-1.1413932747752487,-1.0212110260245952,-1.719261251244934
SC4001E0-PSG,1411,-0.40830338702652635,-0.9296116781662136,-1.224797114809804,-1.0795016930570378
SC4001E0-PSG,1412,-1.1074300273762194,-1.4716262623012766,-0.8871509515065832,-0.9758183207820627
SC4001E0-PSG,1413,-1.3016146820031766,-2.199270700637165,-1.3582596992013733,-1.3183154548165328
SC4001E0-PSG,1414,-1.0348071112237378,-0.08810875245608085,-0.5757780079001416,-1.3808562503897117
SC4001E0-PSG,1415,-0.9573230654123389,-0.7243034856251858,-1.2433047445042245,-1.5287172982123582
SC4001E0-PSG,1416,-1.3518060136559085,-0.4782529619506362,-0.5894901795588098,-0.1069037710564386
SC4001E0-PSG,1417,-1.5161597991223967,-1.761012773187789,-0.09006590095476473,-0.6499363760077919
SC4001E0-PSG,1418,-2.2470113179803373,-1.567819647175821,-0.5681755541520758,-1.630763064702645
SC4001E0-PSG,1419,-1.7285479456608512,-2.1264966383010147,-1.6807703638621663,-1.5229377035775022
SC4001E0-PSG,1420,-1.3070266035663824,-1.5947727180789384,-1.5947930944313573,-0.6934797116806322
SC4001E0-PSG,1421,-0.8220215717114696,-1.0105396310136807,-1.1926819085824714,-0.9127844177081976
SC4001E0-PSG,1422,-0.9966329787310023,-1.9650274138490527,-1.7920272499946261,-1.5351715444802112
SC4001E0-PSG,1423,-0.8562652384462685,-1.8472580252772752,-1.446551958963905,-1.3855787897032574
SC4001E0-PSG,1424,-1.1207691099984818,-1.5658485755799325,-1.7070118707424584,-1.7825086065894145
SC4001E0-PSG,1425,-0.7809970894677656,-1.7613775125393765,-1.6316703627422606,-1.758254485480891
SC4001E0-PSG,1426,-1.0709265356145243,-0.7212614877324423,-0.7903070538380383,-1.2703359353601247
SC4001E0-PSG,1427,-0.7394953232385846,-1.0858764565650287,-1.1604271696214854,-1.707424164247335
SC4001E0-PSG,1428,-0.6068821866272411,-0.20344883953783066,-0.884362889098809,-1.5843538311329732
SC4001E0-PSG,1429,0.974974571711435,0.03334014144451995,-1.011769573325804,-1.8612889154558758
SC4001E0-PSG,1430,-0.6443927889844004,-1.2766950946229185,-1.6494977852349444,-1.3878040003758054
SC4001E0-PSG,1431,-0.9081637837002386,-0.5596538610476063,-1.5837065820401242,-0.7870382381390848
SC4001E0-PSG,1432,-1.0010255542487836,-1.1950434101455727,-1.2669761996254214,-1.137173594866778
SC4001E0-PSG,1433,0.049156305107622464,-0.3802139702822796,0.3222908450236028,-1.1880165103496632
SC4001E0-PSG,1434,-0.9732809737219169,-0.6524118563036352,-0.6258448641638062,-1.335650465070951
SC4001E0-PSG,1435,-1.2190283473900951,-1.360816420360771,-0.6383582176331076,-1.3233140102098608
SC4001E0-PSG,1436,-0.3299075715027702,-0.552884558508144,-0.24698699366003726,-1.4391750997143877
SC4001E0-PSG,1437,-0.9625977711358151,-0.7775964814676081,-1.3777512507708136,-1.5126479973792004
SC4001E0-PSG,1438,-0.5272318961643779,-0.6821332590927822,-0.34581965173649765,-1.5823152445947188
SC4001E0-PSG,1439,-0.7429473288869525,-0.6254520694933868,-0.4848145142182322,-1.6405400213149934
SC4001E0-PSG,1440,-0.3004813494939073,-0.650596102727861,-0.5110620323903422,-1.5241629454418493
SC4001E0-PSG,1441,-0.12421349886364037,-0.780510250431268,-0.30438775659963985,-1.4915958953253374
SC4001E0-PSG,1442,-0.12151177537230062,-0.5135826291086675,-0.17139888737644426,-1.3623461375326709
SC4001E0-PSG,1443,0.5046117125808817,0.09491959100194226,-0.21831151444146138,-1.5299587290787395
SC4001E0-PSG,1444,0.26861168530265667,0.24641599981376333,-1.2791948746740787,-1.4301744090576005
SC4001E0-PSG,1445,0.6691802432279108,0.5880783612765533,0.6409485243511033,-1.5694876610771924
SC4001E0-PSG,1446,0.14119587312655668,-0.2864501782733024,-0.8837696859307347,-1.8396562411731407
SC4001E0-PSG,1447,0.2574140058130457,-0.07230136197049514,-0.9057228566150272,-1.4093235292956714
SC4001E0-PSG,1448,0.7125775010724725,-0.04334868463660838,-0.4361729804047071,-1.5769047176985087
SC4001E0-PSG,1449,0.3718451108270372,0.2767498678386599,0.8865149361919078,-1.823773152783322
SC4001E0-PSG,1450,0.34792286502721365,-0.4008635275288831,-0.8696763204704614,-1.6100112030479865
SC4001E0-PSG,1451,0.5785423671620906,-0.5551298909893441,-0.011937317152590316,-1.6743099003598274
SC4001E0-PSG,1452,0.33113320846376526,-0.3256662263983703,0.16988460125508678,-1.8770951134954343
SC4001E0-PSG,1453,1.0686771897155696,0.09013022757594283,-0.6673780283631852,-1.8336415970263331
SC4001E0-PSG,1454,0.9836453478500371,0.6030739326233162,0.020199400312373612,-1.750671275795911
SC4001E0-PSG,1455,1.0324887966832632,-0.06268852993625777,-0.18133294015436793,-1.6497917597718927
SC4001E0-PSG,1456,1.214591254719099,0.34674036178276235,2.2031825705080434,-0.16427925979769584
SC4001E0-PSG,1457,-0.026991230378738462,-0.8997972856478498,-1.2958999638586481,-1.882967082456
SC4001E0-PSG,1458,-0.2139680532646098,-1.0056267170022906,-0.9480353429192657,-0.39648844663704613
SC4001E0-PSG,1459,-0.2203807654233147,0.04653162686225737,-0.8029240846169903,-1.2073676547119832
SC4001E0-PSG,1460,-0.09766925424194482,-0.019805842473571617,-0.21551185527116032,-1.308557804286375
SC4001E0-PSG,1461,-0.12791030986211238,-0.4986622416374588,-1.1397277319622225,-1.5176327680943285
SC4001E0-PSG,1462,-0.0888817092231881,-0.49505391410440985,-0.21876201168975049,-1.4011355120390934
SC4001E0-PSG,1463,0.12751065794288505,-1.0912237506968967,-1.059118201727682,-1.6915571584116096
SC4001E0-PSG,1464,0.539533875440706,0.08732101281989066,-0.5847864106693282,-1.712477940059026
SC4001E0-PSG,1465,0.7054723245329494,0.42131599528936076,-0.4549115150294799,-1.3998758616355544
SC4001E0-PSG,1466,0.3283909438862549,-0.49598651432156526,-0.528329591316815,-1.3016923607209927
SC4001E0-PSG,1467,1.3145274570527992,-0.5439037860775707,-0.2620562370649962,-2.036679969529927
SC4001E0-PSG,1468,0.8836314308543239,-0.0024774845626641083,-0.3295167143536446,-1.4636956628967555
SC4001E0-PSG,1469,0.502804663059307,-0.37297081877020327,-1.1089669023569242,-1.4938094006444758
SC4001E0-PSG,1470,0.48126697145043346,-0.6435523472965365,-0.7011459720359378,-1.3058176679829525
SC4001E0-PSG,1471,0.601190649013632,-0.6536051512646412,-0.8028210222948754,-1.541565970347781
SC4001E0-PSG,1472,0.9470060080133378,0.0469855456819655,-0.3300346395181106,-1.7322177908739278
SC4001E0-PSG,1473,0.8165989755028656,0.35441319414968353,0.4668544577538988,-1.6802292578254665
SC4001E0-PSG,1474,1.0580912872552235,0.11818633485571854,-0.7368034406764431,-1.6262046082587267
SC4001E0-PSG,1475,1.2269533943622546,-0.4052104380686175,-0.8830818576050405,-1.5742507083268014
SC4001E0-PSG,1476,1.006958877719182,-0.31694918497339286,-0.32985360326587904,-1.7842788762144608
SC4001E0-PSG,1477,1.4952557801965485,0.1889414175065207,0.18746877287680505,-1.812818699715222
SC4001E0-PSG,1478,1.1116427845488182,-0.058505216178288584,-0.4090888435696775,-1.461068638682569
SC4001E0-PSG,1479,1.4399420702961754,0.22883178782539665,-1.0245223553723035,-1.93700589105204
SC4001E0-PSG,1480,0.6467147201341307,-0.4420206962079144,-1.3660922276527114,-1.6296776543866989
SC4001E0-PSG,1481,1.3695973210386294,0.5255527317415194,2.004892115700338,1.1425131872624101
SC4001E0-PSG,1482,0.5054152171155962,0.35253781847406246,0.16527626292315478,-1.5965881502154704
SC4001E0-PSG,1483,0.4604079098593689,-0.7165184096487505,-0.9550985939785336,-1.614051999008817
SC4001E0-PSG,1484,-1.1122419142778253,-0.16475756761254243,-1.2957528661816593,-1.0946856583762752
SC4001E0-PSG,1485,-0.3857394374337984,0.030817033776379073,-0.3393186323441958,-0.5858182247823845
SC4001E0-PSG,1486,0.025292556410959007,0.2180700581260621,-0.3890497845816617,-1.325553343086257
SC4001E0-PSG,1487,0.6071304628463895,0.5533476885382135,-0.8463899097681619,-1.3288277588109834
SC4001E0-PSG,1488,0.4434262986521648,1.215910351215717,-0.39366836489285545,-1.2666256458865366
SC4001E0-PSG,1489,0.8436868969258772,1.8304107776664194,0.8094178341389701,-1.3256236804772374
SC4001E0-PSG,1490,-0.6430919110020034,0.7396371328881358,-0.125219802098397,-1.5349547460434694
SC4001E0-PSG,1491,-1.4808419880347905,0.005592108601527635,-0.8469291138153313,-1.680914334371993
SC4001E0-PSG,1492,-2.33335017876988,-1.5475191962356987,-0.9829008803588535,-1.83108979642076
SC4001E0-PSG,1493,-2.423788154167036,-1.9222928246149484,-1.872144239695689,-1.9666134566324456
SC4001E0-PSG,1494,-2.0106943352623325,-0.6385444170683194,-1.5714865875326984,-1.6408307114523881
SC4001E0-PSG,1495,-1.9269742854284515,-2.2209407260776888,-1.8079695706967724,-1.523164219128601
SC4001E0-PSG,1496,-2.338401263816141,-1.674426872302234,0.356656207075211,-1.6088822538227947
SC4001E0-PSG,1497,-2.7126224148898146,-2.1842308422875023,-0.8463801037122799,-1.8520578624074382
SC4001E0-PSG,1498,-2.014632116687457,-0.43573170062358335,-0.3830767250886038,-0.3437266497627299
SC4001E0-PSG,1499,-2.7846997758297074,-0.41161579402587045,-0.2143893683534733,-0.8563265030227886
SC4001E0-PSG,1500,-2.417299923113946,-0.6609333589221292,-0.6420486774244285,-0.9233950385812912
SC4001E0-PSG,1501,-2.5352550682505646,-1.7092425269379288,-0.6892881711086886,-1.5569278474761512
SC4001E0-PSG,1502,-2.6394065699478153,-1.424016458035167,-1.5963280158326074,-2.034707623459423
SC4001E0-PSG,1503,-2.3227041081577378,-1.3869667519758935,-2.187334865265634,-1.9336507786343258
SC4001E0-PSG,1504,-2.509863258558269,-1.758838115317943,-2.004034136703979,-1.956097401465362
SC4001E0-PSG,1505,-2.5803690062930564,-2.430739019700548,-2.2055546702140387,-2.067093055628451
SC4001E0-PSG,1506,-2.542818668697481,-2.0751151099656218,-1.5321886230513149,-1.885383181923496
SC4001E0-PSG,1507,-2.700368019972221,-2.3953923238914236,-2.0666916137112357,-1.912142506750888
SC4001E0-PSG,1508,-2.4901836174894516,-1.4302301787863212,-1.0669065582873996,-1.8288928053687832
SC4001E0-PSG,1509,-2.4212852380768926,-1.537901848874245,-1.0927557478123886,-1.687247660473837
SC4001E0-PSG,1510,-3.0239507689055363,-1.7168492740075174,-2.262070697908449,-1.8498013651344163
SC4001E0-PSG,1511,-2.5822652445492036,-2.432570120431373,-2.212840560854724,-1.814267105619439
SC4001E0-PSG,1512,-2.1828696692325447,-0.9879916692600353,-0.7782822773949907,-1.675620249041926
SC4001E0-PSG,1513,-2.477962564019169,-1.8998631599765632,-1.710614350625761,-1.6788059861675024
SC4001E0-PSG,1514,-0.9767764222819509,-1.0771138499671211,-0.7607063747316604,-1.7723169468087607
SC4001E0-PSG,1515,-2.314133489783339,-2.690863598853302,-1.80703836738427,-1.7677265950825762
SC4001E0-PSG,1516,-2.273578014886311,-2.6056531892745176,-1.807373289684995,-1.498379142640372
SC4001E0-PSG,1517,0.028658835336985294,-2.0486964205076013,0.7976340958091257,0.17449565839674247
SC4001E0-PSG,1518,-2.9087183672851205,-1.5296031612984715,1.2918698450464194,-1.4689682066618808
SC4001E0-PSG,1519,-2.9369649081274427,-1.4308746442766138,0.17954562282832842,-1.3664511183312815
SC4001E0-PSG,1520,-2.937210160109771,-1.7882318641504495,-1.0343407004506817,-1.4040744483194434
SC4001E0-PSG,1521,0.862908349246498,-0.9245079361722386,1.138782961450852,0.6469289896563771
SC4001E0-PSG,1522,1.3408727574732955,0.3845587102461175,0.8149794310145442,1.0735210173329204
SC4001E0-PSG,1523,1.0168955369546118,1.143655627454625,0.2176784545605946,0.04818318462312176
SC4001E0-PSG,1524,0.6472479486394721,-0.3343670666884042,-1.1935187150131201,-0.7957507762072852
SC4001E0-PSG,1525,0.7237844099384434,0.4594209288188482,-0.3682936613681256,-0.5951147904315559
SC4001E0-PSG,1526,0.6907305200425111,-0.4779946150632214,-0.6876723423975886,-0.03249926449060185
SC4001E0-PSG,1527,0.8404247956944128,-1.785014371458152,-0.1673096368055845,-0.5155978581445039
SC4001E0-PSG,1528,-2.151324919380952,-1.459158231665152,0.6812158132573946,-1.5650602995296987
SC4001E0-PSG,1529,-3.2165173428557523,-0.07830135001717728,1.8513979143407089,-1.5317148502459972
SC4001E0-PSG,1530,-3.186603405616605,-0.3057897468767891,1.4856846325865074,-1.6668929018805445
SC4001E0-PSG,1531,-3.1443954648306676,-1.0818817037975568,1.7387611590250647,-1.6309080793754238
SC4001E0-PSG,1532,-3.1954131367707026,-0.6598938509001837,1.7906864846035118,-1.5326110545222367
SC4001E0-PSG,1533,-3.1999869247069435,-0.7466392014295807,1.4936984524094477,-1.477067910042138
SC4001E0-PSG,1534,-2.786425291087972,-1.5029559488769013,1.6411643327360839,-1.564193657849332
SC4001E0-PSG,1535,-3.3603998128897055,-2.4536698515286317,0.45019455821170173,-1.75786789355751
SC4001E0-PSG,1536,-3.149592501841667,-1.6184143513218034,0.8343593504338408,-1.5420308829057285
SC4001E0-PSG,1537,-3.1104560514952975,-1.9108121471990003,0.38787663231223507,-1.7669235365165652
SC4001E0-PSG,1538,-3.2189562133014147,-2.3305734608314785,-0.6420408475098642,-1.6595229175032555
SC4001E0-PSG,1539,-2.9182241551595123,-1.1925075161489291,-0.32764127899539314,-1.356179600654937
SC4001E0-PSG,1540,-2.959311513524742,-2.6304030545112074,-0.16292670941483423,-0.537289733773043
SC4001E0-PSG,1541,-2.6668850826848725,-1.1880207186855167,1.5957686344392634,-1.5092912996081007
SC4001E0-PSG,1542,-3.1147044061248432,-2.372695901372036,0.4229704693053757,-1.9272552400496143
SC4001E0-PSG,1543,-2.734509588543026,-1.9000309474785473,-0.7748893805833872,-1.5269747385960286
SC4001E0-PSG,1544,-2.6904529844886302,-2.5209421094059694,-1.017792128718049,-1.6802157038441106
SC4001E0-PSG,1545,-1.6987533929300016,-1.0472908559572724,-2.9404764086351327,-1.828660421129258
SC4001E0-PSG,1546,-1.3162492499013796,-1.171168456999924,-2.115492522266363,-1.6874763720805972
SC4001E0-PSG,1547,-1.25333011020363,-1.2394346723479652,0.1557656420139167,-1.347183832489927
SC4001E0-PSG,1548,-1.8092850981453317,-1.703016230050649,-2.9611153626256566,-1.7222697948313603
SC4001E0-PSG,1549,-0.9145836594613441,-1.1788346262745353,-1.0584249909410302,-1.4434541035980295
SC4001E0-PSG,1550,-1.9626247862271227,-1.7934113157584441,-1.8604895464844982,-1.8608477477285692
SC4001E0-PSG,1551,-1.2174193068086172,-2.400475899688697,-2.2443187582795794,-1.4674970191686616
SC4001E0-PSG,1552,-1.6297396756764864,-1.2598656942818938,-1.815045938237502,-1.227795565623486
SC4001E0-PSG,1553,-1.0324079223451266,-1.167689770271411,-0.22296472349205082,-0.8102219875926443
SC4001E0-PSG,1554,-1.7095044738192677,-1.3758689765540282,-1.429067746172544,-0.5699838407219661
SC4001E0-PSG,1555,-1.0993258537113897,-1.601964594676178,-2.19965814692335,-1.0957775563904648
SC4001E0-PSG,1556,-1.9783762332697512,-1.7288293220616233,-1.540110567516249,-1.6575511548799031
SC4001E0-PSG,1557,-1.1299409507698062,-0.2902192544104151,-1.451583015476491,-0.3526934321823233
SC4001E0-PSG,1558,-1.2226263556249648,-2.1881884664708386,-0.5342189394235385,-0.3541162932737035
SC4001E0-PSG,1559,-1.4996937427168717,-1.766989463316832,-1.7696929479427423,-1.4313319584925515
SC4001E0-PSG,1560,-1.6869665244117638,-0.48131240831219363,-2.4067316736668856,-1.2432362031581925
SC4001E0-PSG,1561,-1.6076845902830774,-1.4095154651420305,-1.8848649721533812,-0.755685162369669
SC4001E0-PSG,1562,-0.7028851321668499,-0.7597104935054061,-1.8861202328286424,-0.4508457229101869
SC4001E0-PSG,1563,-2.109257869113264,-1.6585154174566705,-0.849490395408835,-0.5635049363585305
SC4001E0-PSG,1564,-1.4864350549665915,-1.752681088162108,-1.5160843760117924,-0.8855963752638797
SC4001E0-PSG,1565,-1.4469267440320805,-1.6429402184138955,-1.9835056625100347,-1.1488855774715232
SC4001E0-PSG,1566,-1.5795716084017348,-1.4909145604479055,-1.489721703252217,-1.0964638014182861
SC4001E0-PSG,1567,-1.5016061686203381,-1.0246436431910446,-1.0261851467578698,-0.7114296414788062
SC4001E0-PSG,1568,-1.509062683690595,-1.1867491938333652,-1.8658446892504474,-1.0121974359293027
SC4001E0-PSG,1569,-0.22966002273205036,-2.8639865607444133,1.3847666156654945,0.853933559043738
SC4001E0-PSG,1570,-2.745679205959701,-2.484503537069578,0.18101254324038316,-1.3883011239064431
SC4001E0-PSG,1571,-1.6642728632001078,-2.3584946854711775,-2.4227302047056622,-1.6992949491859193
SC4001E0-PSG,1572,-0.5205906904746339,-1.0247493138684594,-0.9553336996233577,-0.8923501689368752
SC4001E0-PSG,1573,-0.6632442877249223,-1.487368764689949,-0.2603111750530604,-0.5427017430603532
SC4001E0-PSG,1574,-2.0458132764892007,-1.7700679723573982,-1.5540521705976102,-1.535661057657178
SC4001E0-PSG,1575,-1.3296278311792937,-1.7686173040225408,-1.5072571551401934,-1.0546823029546533
SC4001E0-PSG,1576,-1.4416144330203147,-1.5611170521475581,-1.0039193880030932,-0.5004010475293567
SC4001E0-PSG,1577,-1.1370424844316072,-0.9156121235176546,-1.4297392013719508,-1.1507048891768161
SC4001E0-PSG,1578,-1.0580983280854859,-1.001376195317003,-1.5704831420543952,-0.8138589632958254
SC4001E0-PSG,1579,-1.6389823363232514,-1.886823918457207,-1.6287507251263167,-1.0108124106016476
SC4001E0-PSG,1580,-1.404530511716136,-1.2484631100440016,-1.3918296473940324,-1.4233617985461222
SC4001E0-PSG,1581,-1.1400893059147934,-1.7329152257595082,-0.9501467646947073,-0.8467488412055083
SC4001E0-PSG,1582,-1.1872539317165527,-1.293171338364999,-2.0129631272250816,-1.2133195320290104
SC4001E0-PSG,1583,-0.6910643307993601,-0.6006612378795974,-0.903335948324958,-0.6939795854244013
SC4001E0-PSG,1584,-0.620885543093821,-0.5377899720605498,-0.1016589411247066,-0.6468462239771127
SC4001E0-PSG,1585,-0.764368860320462,-0.5336744096439154,-0.1923406967151522,-0.40820915101922306
SC4001E0-PSG,1586,-0.8901300890988586,-0.9390124507335993,-0.7657969747628445,-1.1204268636846308
SC4001E0-PSG,1587,-0.6993194417139647,-1.4735861462170612,-1.5600620442552904,-1.5999623940455665
SC4001E0-PSG,1588,-0.9029322935143235,-1.2013965522442722,0.5489341039702873,-0.5608587419209351
SC4001E0-PSG,1589,-0.9024906593648765,-1.0173425059557681,-2.6691686108617785,-1.5223514198013015
SC4001E0-PSG,1590,-0.6014050334034482,-0.16380199267073883,-1.1891307589948072,-0.5769044360830593
SC4001E0-PSG,1591,-0.5253365364184215,-1.2489303499120754,-0.8853913935458243,-1.1971889143960064
SC4001E0-PSG,1592,-1.510774014888888,-1.1701028018540853,-1.4891297397084307,-1.2400693450421054
SC4001E0-PSG,1593,-1.0270920519464566,-1.1770394736971606,-0.7151280583123049,-0.5046255751398333
SC4001E0-PSG,1594,-0.610730110713682,-0.9311844760888844,-0.8360994700189184,-0.9465851797919598
SC4001E0-PSG,1595,-0.8826363608829125,-0.7152686862964611,-0.6136705068339231,-1.3758645707206147
SC4001E0-PSG,1596,-0.6987042129063215,0.2534800715331206,0.9593199199625967,-1.0910481648135208
SC4001E0-PSG,1597,-0.8945042285575373,-1.057758363601197,-0.7614619557194523,-0.34236065787628295
SC4001E0-PSG,1598,-0.6085370842286112,-1.2397985776943674,-0.9796611829056419,-0.5854977381458347
SC4001E0-PSG,1599,-1.108525398082704,-1.4339079289552557,-1.0623671575928395,-0.40794864902860006
SC4001E0-PSG,1600,-0.6390369578414609,-0.5499831342607435,-1.1538143915200585,-0.7024258787794141
SC4001E0-PSG,1601,-0.8006617313942048,-1.200419338427426,-1.469393383607752,-1.7976813517506622
SC4001E0-PSG,1602,-0.4305646782956497,-0.31591215062227485,-0.22505642979821255,-1.139019992897154
SC4001E0-PSG,1603,-0.6016508200051667,-0.4138760431754911,-0.468356598220699,-0.9848077792928683
SC4001E0-PSG,1604,-0.8947486959299588,-1.272083776758032,-1.1398128685337228,-1.0900918931248524
SC4001E0-PSG,1605,0.608227505406736,-0.49522014393703556,-0.46812447775390403,-1.1719234098394993
SC4001E0-PSG,1606,-0.5294387169892149,-0.47386796003277437,-0.3213919025368956,-1.3480455819657664
SC4001E0-PSG,1607,0.3852541335895213,-0.2002618029033922,-0.2454866788355941,-1.6008843900000047
SC4001E0-PSG,1608,0.4538316881555388,-0.24888496377476527,-0.6681604484273495,-1.3119795824111513
SC4001E0-PSG,1609,0.007569053593430204,-0.46139528001471886,-0.9434975184609307,-1.5064775994760373
SC4001E0-PSG,1610,-0.32383760446044924,-0.8143593091126735,-1.046603315028742,-1.0204488663663098
SC4001E0-PSG,1611,-0.3761572084150366,-0.19075868129694912,0.09362717797052159,-1.2894427585157735
SC4001E0-PSG,1612,-0.7289118689660409,-0.5236070920895604,-1.0350392602409944,-1.0693466716360833
SC4001E0-PSG,1613,0.03668263815708233,-0.22864138720026575,-0.5790394993650706,-0.8403259489500053
SC4001E0-PSG,1614,0.6288538861016215,-0.01340975046327879,-0.6536205201399894,-1.5182904770509846
SC4001E0-PSG,1615,0.5904813066859833,-0.5431280272086568,-0.9623039119497311,-1.2592278264588366
SC4001E0-PSG,1616,-0.1654802097961208,-1.0650341065519413,-1.3606020248906003,-1.7395587980033838
SC4001E0-PSG,1617,0.04964152667254482,-0.3934762762725252,-0.6172725810781672,-0.9538832345050263
SC4001E0-PSG,1618,0.46514029653097144,-0.20765560775926484,-0.6278328198415352,-1.3345563349433647
SC4001E0-PSG,1619,0.19190636203484024,-0.3594279393650306,-0.8760249482806146,-1.1855989755734415
SC4001E0-PSG,1620,0.15281834947049874,-0.3756301936888333,-0.9939526270226026,-1.5500854461066111
SC4001E0-PSG,1621,-0.086570730079046,-0.6481928806631515,-0.07316022674572549,-1.7481482844984604
SC4001E0-PSG,1622,0.9125085987178276,-0.33102054713644424,-0.631216125138743,-1.47964729350196
SC4001E0-PSG,1623,0.891606051529852,0.11341814034949008,-0.6485659761981409,-1.3773539680759335
SC4001E0-PSG,1624,1.284483792581278,-0.461408301946756,0.26184353769128077,-0.31499015372840944
SC4001E0-PSG,1625,0.5533150157889494,0.19912117154226347,-0.2869966930672299,-0.4608287224967003
SC4001E0-PSG,1626,0.12948135066451175,0.27079022422189464,-0.5167713386863603,-1.2229385647488475
SC4001E0-PSG,1627,0.0012207059025260939,-0.5659315327903008,-1.2061197571887194,-1.4623664938557197
SC4001E0-PSG,1628,-0.6835025725395492,-0.6753379246728954,-0.5531329154973493,-0.6002048781628354
SC4001E0-PSG,1629,-0.267694408881065,-0.7857562637070308,-0.8109309217941562,-0.8312727245477903
SC4001E0-PSG,1630,0.13256586799099684,-0.4689875303712821,0.15014622870463387,-0.3459587404774313
SC4001E0-PSG,1631,-0.9325570707937071,0.051075293637172565,-1.0230175955545042,-1.340837831378242
SC4001E0-PSG,1632,-0.09201541190297503,-0.30618333477196913,-1.0522412294720027,-1.1277424419387678
SC4001E0-PSG,1633,0.31249825425578887,0.5474219695984827,-0.12119186507348416,-1.43887516353925
SC4001E0-PSG,1634,-0.8136265017560094,-0.7043420395565262,-1.4117308939019952,-1.5523092608416686
SC4001E0-PSG,1635,-1.1207084158377758,-0.626952134894235,-1.7409225263464319,-1.6290063830776953
SC4001E0-PSG,1636,-0.9660443679972432,0.18963797944160035,-0.8863620805919175,-1.5139595055229376
SC4001E0-PSG,1637,-2.116942102856844,-1.4105394059597398,-1.759986491792989,-1.5913500577959991
SC4001E0-PSG,1638,-2.144930510643682,-1.3525870551288823,0.3613833867627233,-0.43649909200632353
SC4001E0-PSG,1639,-2.1900668617954637,-1.106056842502252,-1.0806394512514303,-1.7896139110031088
SC4001E0-PSG,1640,-2.264415440220338,-1.8437196167968175,-2.422139003957246,-1.8097239151370759
SC4001E0-PSG,1641,-2.4256357471736094,-2.3011094964626575,-2.090023384860906,-1.8921866865085566
SC4001E0-PSG,1642,-2.4285242070293234,-2.0074188120226015,-1.6110267938052085,-1.8668105733339238
SC4001E0-PSG,1643,-2.494084310571745,-1.630347683920754,-2.3569004009844936,-1.8922354388531268
SC4001E0-PSG,1644,-1.8255572149928851,-0.964371566886804,-1.2359826031437833,-1.7106728705126728
SC4001E0-PSG,1645,-2.5044567260741983,-2.6932299541341562,-1.959718272256156,-1.95205196442516
SC4001E0-PSG,1646,-2.1828684456631335,-1.4506625692987267,-1.2082869911423746,-1.7896058938072121
SC4001E0-PSG,1647,-2.6080026715931117,-2.539925136483483,-1.848232775555519,-1.5540699190052516
SC4001E0-PSG,1648,-2.1931437899001063,-2.0992285781731925,-1.572546246134793,-1.8317659723959794
SC4001E0-PSG,1649,-1.313417347082065,-1.9513907494136196,-1.5914433037360398,-1.8696781778086193
SC4001E0-PSG,1650,-2.172993734262443,-2.27847781694019,-2.2139833797531696,-1.7940462748876496
SC4001E0-PSG,1651,-2.24675597307306,-1.619151514290676,-1.8339149006533415,-1.7557248326880828
SC4001E0-PSG,1652,-2.6401948010166443,-2.146137731579753,-1.5483247752838094,-1.9073740097708554
SC4001E0-PSG,1653,-2.5324405096977936,-2.3626494790881254,-2.2453576142485767,-1.8941384939637882
SC4001E0-PSG,1654,-2.002048087950952,-2.053807966459743,-1.7881335666042575,-1.7462004578462784
SC4001E0-PSG,1655,-1.8111770039252495,-2.0824551921522594,-1.3311888401229695,-1.7869367896575408
SC4001E0-PSG,1656,-2.8323424445556054,-2.400173142888695,-1.6377656041998097,-1.848131464815006
SC4001E0-PSG,1657,-2.917811539495532,-2.504719233461468,-1.4898771705112712,-2.021757900693144
SC4001E0-PSG,1658,-2.4677413144434435,-2.308540343944849,-1.0098018976139262,-0.5552512037643154
SC4001E0-PSG,1659,-2.45170657306247,-2.114442330898368,-1.5641290502839214,-1.8839678379795815
SC4001E0-PSG,1660,-2.6862377873974133,-2.1099094066022652,-2.0658857450985395,-1.708637103023873
SC4001E0-PSG,1661,-2.8470123853631324,-1.74465227234117,-2.4649706202455435,-1.7790510939874822
SC4001E0-PSG,1662,-2.043312380901501,-1.7070742059230897,-0.7516050640147452,-1.4379818574950092
SC4001E0-PSG,1663,-2.984681802152548,-2.268131301579604,-1.7593661834755028,-1.778023533106538
SC4001E0-PSG,1664,-2.802022259578308,-1.830882717511359,-2.031155306838023,-1.7633500274209724
SC4001E0-PSG,1665,-2.792927608530852,-1.44859788082598,-1.027951542236384,-1.803042435140907
SC4001E0-PSG,1666,-2.6435411149565953,-1.5548833222765965,-1.968054939076138,-1.8550499941827197
SC4001E0-PSG,1667,-1.074604521014548,-2.0027747690617,-2.0045710184472934,-1.7419527055396071
SC4001E0-PSG,1668,-2.7828495757261718,-2.4279323471227943,-1.6423146979064878,-1.6138859616270147
SC4001E0-PSG,1669,-2.6315936569481484,-2.6954923301608815,-0.8799601693292475,-1.7177689654272819
SC4001E0-PSG,1670,-2.6490142357964896,-1.787608794826446,-1.3515496354860927,-1.6134226380054346
SC4001E0-PSG,1671,-2.0163045363256216,-2.713810579781475,-1.2178319907138102,-1.6862070726815073
SC4001E0-PSG,1672,-1.8455941739840995,-2.439007217259069,-0.7347359397511936,-0.07652888199440178
SC4001E0-PSG,1673,-2.94804566989014,-0.9507230827016211,0.2265269803858228,-0.19033354115920456
SC4001E0-PSG,1674,-2.848814030916026,-2.4643481536036345,-2.544067339782421,-1.47146619160677
SC4001E0-PSG,1675,-2.9752569455812594,-2.565073649956512,-2.931954769658489,-1.6820598158163202
SC4001E0-PSG,1676,-2.3732539676488833,-1.6267085376162351,-1.546585901481738,-1.6848509878330211
SC4001E0-PSG,1677,-2.7552338788397672,-1.9857090018912469,-1.7679824786156098,-1.8610326977294485
SC4001E0-PSG,1678,-2.755514927899991,-2.081912781994266,-1.3201154735223937,-1.393402298893461
SC4001E0-PSG,1679,-3.0096553510984325,-1.2489089304558842,-0.5480551274989883,-1.493697150858822
SC4001E0-PSG,1680,-1.3350753528887727,-2.02156862615048,-1.0539665831776477,-1.2846156708203194
SC4001E0-PSG,1681,-3.0439225140176904,-2.324117509957145,-2.5873000634878665,-1.6171163250412195
SC4001E0-PSG,1682,-2.8181292493438335,-1.427612761553606,-2.122177613071023,-1.7022200505565264
SC4001E0-PSG,1683,-2.3810014926225835,-2.3768817870627785,-2.743460161646765,-1.7345064466822988
SC4001E0-PSG,1684,-2.739600777850026,-2.4903156661827563,-2.924772076258775,-1.6728037179148836
SC4001E0-PSG,1685,-1.8969473973476492,-0.5757904098939317,-1.0454998003333695,-1.569705583634644
SC4001E0-PSG,1686,-3.0141827938170374,-2.423462862538547,-1.2738189582040302,-1.4424888680834222
SC4001E0-PSG,1687,-0.1690217426968253,-2.1369087611972177,-0.559677108027967,-0.10799844438199362
SC4001E0-PSG,1688,1.2143602089880543,-1.3689644264239855,0.551209268866201,0.9807133068670039
SC4001E0-PSG,1689,-1.1888078015399022,-1.1910515047019454,1.7014233752066839,-1.1872969825172002
SC4001E0-PSG,1690,-3.1851593290733318,-0.29009232316801364,2.4097731763646393,-1.3748253647805986
SC4001E0-PSG,1691,-0.8341759422095305,-1.6043994589648078,1.9719396308074995,-0.14458605183645237
SC4001E0-PSG,1692,-0.3624013306304915,-1.2186524329705768,0.5711250618056111,-0.36792107187102274
SC4001E0-PSG,1693,0.22114589369824997,-1.5089719848646574,-0.6427443606468246,-0.17975353032349645
SC4001E0-PSG,1694,0.5177256752054397,-0.5424764229227855,-1.196386318274052,-1.2376256296937311
SC4001E0-PSG,1695,0.022895073400409978,-0.31099015416850084,-1.0344190556624022,-1.2005495857946122
SC4001E0-PSG,1696,-1.783314373392397,-1.0193844620382204,0.3265460711717439,-1.732209870718795
SC4001E0-PSG,1697,-2.292848548148432,-1.4983657470828886,1.4853156616728698,-1.580488495942475
SC4001E0-PSG,1698,-2.9185112109560927,-0.6182335168366303,1.3341308390755324,-1.6414101149993847
SC4001E0-PSG,1699,-3.1489754913057157,-2.7721723672518994,1.1996390283386582,-1.748824361229757
SC4001E0-PSG,1700,-3.508141727578788,-1.39707776170268,2.148745288226252,-1.6197128794103366
SC4001E0-PSG,1701,-3.086334035652282,-0.5868064541128113,1.278619398908298,-1.6575590387347967
SC4001E0-PSG,1702,-3.273555451697769,-1.12080023802661,1.4696696318920643,-1.354583352690308
SC4001E0-PSG,1703,-0.5528701185030971,-1.4632212128208975,0.8536418701803533,0.8411584432920723
SC4001E0-PSG,1704,-3.1193498026585784,-1.169148886891934,1.6533162896807503,-0.6177220046473708
SC4001E0-PSG,1705,-3.140415014974256,-2.062784815780915,-0.45392328536664645,-0.7560261047333973
SC4001E0-PSG,1706,-3.021069587152198,-2.409915428216688,0.18670775564551176,-0.7298851792391293
SC4001E0-PSG,1707,-2.742007406380891,-3.0438005547884828,-1.5468688298403477,-1.2067756026761824
SC4001E0-PSG,1708,1.7884864766995585,-0.41699442850379576,-0.40673406716006916,0.5035887952933114
SC4001E0-PSG,1709,-0.414608391084582,-1.5171070182811666,0.8876490574458318,-0.2052323388051359
SC4001E0-PSG,1710,-0.4250596216843664,-1.132130245572269,0.48803368986583917,0.6220516317344875
SC4001E0-PSG,1711,0.03818120118221024,-1.4971996606996631,-0.23918740299577781,-0.2425924748538669
SC4001E0-PSG,1712,0.6853277528334825,-0.42054819604699667,-1.7605421146425755,-0.41259943516277736
SC4001E0-PSG,1713,-0.4016560324043259,-1.8944929564919508,-0.05430219231771574,-0.04390890034155596
SC4001E0-PSG,1714,1.2851029164776928,0.03520315500847688,0.12650019011810204,0.19922888664983257
SC4001E0-PSG,1715,0.6677006992014975,-0.47245821957531403,-0.20807673620334452,-0.41899992162863914
SC4001E0-PSG,1716,1.0019754131060057,-0.3845920167974649,0.25482038373671523,-0.8310803718512844
SC4001E0-PSG,1717,-2.9229447771941386,-2.6360591888357723,0.9017214622353353,-1.2801450279374227
SC4001E0-PSG,1718,-3.278606754114733,-2.4029447379536566,-0.17305233472562348,-1.484681006371384
SC4001E0-PSG,1719,-0.8147657663110561,-1.3125992059470073,0.09453533426071711,-1.2795664164001097
SC4001E0-PSG,1720,0.6352438734899215,0.232880804579381,-0.3863923419303193,-0.7369936037626149
SC4001E0-PSG,1721,1.3449095782573481,0.7431274586941787,-0.3290227324415378,-1.0039788375479213
SC4001E0-PSG,1722,1.0313262412608912,-1.0576589246334998,0.745689843200206,-0.5190458108326409
SC4001E0-PSG,1723,1.1565907322291193,0.11183320559388127,-0.8961729546120117,-0.06562772842386365
SC4001E0-PSG,1724,0.7271016193175994,-0.6373703358374628,-0.6798170053395569,-0.39311168317365053
SC4001E0-PSG,1725,-0.48385362114831443,-1.4233702952068177,-0.02311435214573249,-1.5113193875239785
SC4001E0-PSG,1726,-1.0027950890634032,-1.8880837126939254,0.34777854838415706,-1.4151248271941308
SC4001E0-PSG,1727,-0.21363260262792438,-0.8416719241564234,-0.5106941281224261,-1.6748883145031823
SC4001E0-PSG,1728,-2.196413834550296,-2.967360254795991,1.5199357218218135,-1.6276258115114441
SC4001E0-PSG,1729,-2.9764504729760244,-0.8581076047603775,1.3900626283836248,-1.115976890792509
SC4001E0-PSG,1730,-1.215019842826702,-1.6967395191897754,0.21988490780197778,-1.511891433143436
SC4001E0-PSG,1731,0.9779901284349448,-1.3531350375456432,-1.2151985896817679,-0.3665595709068801
SC4001E0-PSG,1732,0.8648934898076899,0.6727186857162393,-0.5871909287534918,-0.3443361249031411
SC4001E0-PSG,1733,-0.48544264295213335,-1.1072702430750527,-2.6791282202255173,-1.375863169085286
SC4001E0-PSG,1734,-0.05993925714653602,-0.38060449249117095,-1.4526509173578546,-1.4405924942639277
SC4001E0-PSG,1735,-2.526860211270416,-1.3698156773004087,0.3836538595023204,-1.589631464270403
SC4001E0-PSG,1736,-3.0500064538918195,-1.7270092675118087,0.7193078664275435,-1.810413927834191
SC4001E0-PSG,1737,-3.1662101010319272,-2.683038867384983,-0.7089134910241354,-1.7847161645319354
SC4001E0-PSG,1738,-3.0303576728394717,-2.581104486254341,-0.8822811400427981,-1.6759345271044581
SC4001E0-PSG,1739,-2.7081356366030764,-2.9382582370339994,-2.841226900084386,-1.9110527920558118
SC4001E0-PSG,1740,-1.6512869421628145,-2.750741246072277,-0.2353590622486809,-1.0966959028526282
SC4001E0-PSG,1741,-1.7631051626270742,-2.812897497261168,-1.1136223448251936,-1.5791949250846775
SC4001E0-PSG,1742,-0.22237187681989196,-2.1692816260064403,0.10278112201270223,-0.34005458173391134
SC4001E0-PSG,1743,-2.760232707184999,-0.9152315632461179,-0.078380546204464,-1.726268734148667
SC4001E0-PSG,1744,-2.9800730392213066,-0.8589647834767404,1.0147097827363372,-1.7671473365144283
SC4001E0-PSG,1745,-2.509989967583939,-0.7777947885356892,1.634904943202937,-1.5661731696172596
SC4001E0-PSG,1746,-2.164761238021552,-1.8606450407529658,-0.1004042239976692,-1.7877523453193322
SC4001E0-PSG,1747,-2.404347885104141,-1.8873454994926069,0.42858292074645915,-1.676556583496833
SC4001E0-PSG,1748,-0.6904865873355739,-2.428845107868145,-2.4782246779132926,-1.931474441158078
SC4001E0-PSG,1749,-1.1289800458093753,-2.2737130774303997,0.497827935380861,-1.0921603309521914
SC4001E0-PSG,1750,-0.8491537948301365,-1.940789060244302,-0.4393564940505087,-0.9240206375456631
SC4001E0-PSG,1751,-3.3760963229171894,-2.525924341778954,0.11240836015437276,-1.160956008839159
SC4001E0-PSG,1752,0.18129646588326934,-1.8535179394682804,-0.3261332462414147,-0.45989950533715096
SC4001E0-PSG,1753,-1.3025546364537652,-2.174850456211447,1.29986366457937,-1.1259156020356524
SC4001E0-PSG,1754,-2.123398268559621,-2.1294395595485787,0.05587416075814889,-1.0864638198247916
SC4001E0-PSG,1755,-1.9374299688928398,-2.523365177570214,1.1063657745500621,-1.0294031630754827
SC4001E0-PSG,1756,-0.5575313521118308,-1.6780815125862842,-1.4330744213888509,-0.37291965145009287
SC4001E0-PSG,1757,-0.00932703516913804,-1.4329602576013127,-1.4770806578035014,-0.2174465046868648
SC4001E0-PSG,1758,0.8016241289378111,-0.8046866374429614,-1.2094961654616754,-0.4064657484238397
SC4001E0-PSG,1759,1.239820759311697,0.16230428634705205,-0.39484536583043855,0.11930088666485625
SC4001E0-PSG,1760,0.31415921418550297,-0.3344612932960709,-0.17197560653276897,0.1137691859752229
SC4001E0-PSG,1761,-0.2986998676638233,-0.5150744468816433,-2.0657337273837886,-0.6000963395900275
SC4001E0-PSG,1762,0.25769415868933654,0.03299012157025797,-1.3040235173693302,-0.6027190399204141
SC4001E0-PSG,1763,0.11661460072890074,-0.5697413386217727,-1.551111060687622,-0.4242456841279075
SC4001E0-PSG,1764,0.817110237479381,-0.26289530088079305,-0.3197732954648131,0.10582199118200425
SC4001E0-PSG,1765,-0.9555929787694194,-1.4446511860131,-1.7292189908167592,-0.8344791124016231
SC4001E0-PSG,1766,-0.02841604407150618,-0.9542017394786755,-2.118935742311971,-0.5011158966256376
SC4001E0-PSG,1767,0.27394458932221744,-1.0746626322595143,-1.9527825036258968,-0.7139735365477082
SC4001E0-PSG,1768,0.27218795697914444,-1.1251709226021012,-0.8283258276107031,-0.23605809715919207
SC4001E0-PSG,1769,-0.8238011419653432,-1.984528934928058,-1.31387876455259,-1.4221270010479283
SC4001E0-PSG,1770,-1.1142953521659547,-2.001704562959339,-2.909503859101405,-0.832614582444641
SC4001E0-PSG,1771,-1.8423146276512488,-1.9881059515338018,-1.7387528807287573,-1.8153328174558594
SC4001E0-PSG,1772,-1.3096742446191914,-1.9515533757294186,-2.528755104008981,-1.5990757254085028
SC4001E0-PSG,1773,-0.5185605565817311,-0.6756588250163466,-1.9685059486935832,-1.3307236154964817
SC4001E0-PSG,1774,-0.9514868032431258,-1.8431547578318304,-1.9748727689300491,-0.766612854425954
SC4001E0-PSG,1775,0.365352143000244,-1.135309104940305,-1.9713575815164865,-1.1895621456619325
SC4001E0-PSG,1776,-0.04709535403460486,-0.47363940692152584,-1.406703880267527,-1.4279302913658314
SC4001E0-PSG,1777,0.5816781619603577,-1.037823674121655,-2.028003082080183,-0.5164737581985875
SC4001E0-PSG,1778,0.317026971305576,-1.7018600772620003,-1.092835617455919,-0.02359488224788
SC4001E0-PSG,1779,-0.5165436028276109,-1.1700942835695167,-0.9964025530713173,0.08309845844644904
SC4001E0-PSG,1780,0.47081901058553866,0.3101154852962284,-0.07695364058539232,-0.08617898635903243
SC4001E0-PSG,1781,-1.3944377538948283,-1.7092313603128029,-2.2214876801893064,-0.7100791167311442
SC4001E0-PSG,1782,-0.6182017139414554,-1.4430880326326554,-1.3558373323656245,0.020364043701977256
SC4001E0-PSG,1783,0.5263009128090624,0.13818950480249584,0.33033324581893986,0.548827712984212
SC4001E0-PSG,1784,0.7218666335504491,0.8028676564871466,0.007057534360390979,0.7485939031985037
SC4001E0-PSG,1785,-0.4274197330076469,-1.1413305095572974,-1.0299750445817197,-0.22449300875334788
SC4001E0-PSG,1786,0.3291894160993229,-0.4641013534407003,-0.08811986838420131,0.6235474781150612
SC4001E0-PSG,1787,-0.2765874068322603,0.1442799779887811,-0.443917906119482,0.1569825988373547
SC4001E0-PSG,1788,0.673522830404789,0.6758677311573816,0.7291493324113151,0.19545127810746302
SC4001E0-PSG,1789,-0.2821697513304862,-0.3540264676710524,-0.1443865159968762,0.11533183931060663
SC4001E0-PSG,1790,0.22019208978224952,-0.1461594891541208,0.19727462058878686,0.5713890375535109
SC4001E0-PSG,1791,0.8282933483980875,1.3360056796900488,0.749227028710199,0.39451261613862426
SC4001E0-PSG,1792,0.49082941973728783,0.13678914224534747,0.02713474157957748,0.2525280015905709
SC4001E0-PSG,1793,0.905076509100736,0.6392663462164819,0.42848921625025355,0.8177562139601949
SC4001E0-PSG,1794,0.7635596393833264,0.08681345424235719,0.2796070629064306,0.7620740061001093
SC4001E0-PSG,1795,0.523036286251809,-0.709486737359631,-0.6847057152676855,-0.24000960554042527
SC4001E0-PSG,1796,0.051434029422514606,-0.7156977321291305,0.029936592261213178,0.7685311286643012
SC4001E0-PSG,1797,0.6956715041384346,-0.700493922977207,-0.6358225702287281,-0.025030084329899775
SC4001E0-PSG,1798,0.33861391503227767,0.19566676599040342,-0.43972372174815666,0.17816989067200098
SC4001E0-PSG,1799,-0.8578210812373848,-1.9719943933050108,-1.8310104467897026,-0.09672045363436454
SC4001E0-PSG,1800,-0.23334244917179822,0.5313493907869881,-1.1788690132159638,-0.0021261174503707956
SC4001E0-PSG,1801,-0.3543983099582754,-0.9238153532191379,-1.6241838922626175,-0.3309999212768433
SC4001E0-PSG,1802,-0.397879804321708,-0.5548831129196901,-1.0220852958122268,0.029636723493384337
SC4001E0-PSG,1803,0.12726432434756071,0.4928298163262876,0.525414340874521,0.8061125850479944
SC4001E0-PSG,1804,0.45588735033533306,0.5744005631515234,0.5750085816379996,0.5689746058133573
SC4001E0-PSG,1805,0.6328277803395739,0.7696138559703593,0.6783896942169317,0.5700593475795204
SC4001E0-PSG,1806,-0.08115972377206797,-0.849126118673532,-1.1408033622728018,0.09742171433635986
SC4001E0-PSG,1807,0.18930675864597193,-1.2142581602868947,-0.6753611208995278,0.2571491066651117
SC4001E0-PSG,1808,-0.7867840273609136,-1.1130751290263372,-1.6192322540009516,-0.29042369945284074
SC4001E0-PSG,1809,-1.1355184596885328,-1.714882239354887,-1.4433991383787597,-0.38865389696653546
SC4001E0-PSG,1810,0.4117142670308736,-0.46166207414056637,-0.975458985984537,-0.20934516767868153
SC4001E0-PSG,1811,0.8061747821228299,0.43349769441247193,0.34572784929972117,0.2835262266917689
SC4001E0-PSG,1812,-0.31161284348928464,-1.6214037481586947,-2.0295186685813147,-0.5757794735443476
SC4001E0-PSG,1813,0.26996580919636026,0.02208560543971029,0.1589460352368005,0.49981720574578464
SC4001E0-PSG,1814,-0.7916012005744424,-1.4107409821068886,-1.677763788088186,-0.4609641048987044
SC4001E0-PSG,1815,0.0056624767389539254,-0.48651856974377955,-0.484572886455314,0.3722955133841653
SC4001E0-PSG,1816,-0.18498240616181028,-0.9202175996519127,-1.1017109421130737,-0.022448138460168632
SC4001E0-PSG,1817,0.23263682615069511,-0.4986514648535151,-0.3150482074692075,0.19046069434697713
SC4001E0-PSG,1818,-0.1507006829450089,-0.7166690326935683,-1.0864040772105918,-0.0902723336228844
SC4001E0-PSG,1819,-1.2075437057214191,-1.4129906560199388,-1.1567356241603146,0.3760738806355701
SC4001E0-PSG,1820,-0.9470157821734998,-1.747688852878886,-1.9554800611221892,-0.010052772932388683
SC4001E0-PSG,1821,0.5391635806017772,0.26940581537061464,0.24104309168738028,0.3765020297934091
SC4001E0-PSG,1822,0.24418678440754082,0.290818189769876,-0.23404998122558188,0.5897157216832479
SC4001E0-PSG,1823,0.08255465498652118,-1.1478352133785992,-1.4823401203740862,0.3042760992447727
SC4001E0-PSG,1824,0.6471131133563321,-0.11964710823531048,0.9306228676955799,0.6990887721987878
SC4001E0-PSG,1825,0.7378931852438244,0.8031053538341067,0.7280003513869537,0.9280245289817621
SC4001E0-PSG,1826,0.8129320767465562,0.4773156078312871,1.3845724338605665,0.7838354602010823
SC4001E0-PSG,1827,0.40437478239247154,0.11232174077526157,-0.03474406543182814,0.378041622393092
SC4001E0-PSG,1828,1.4211799140242392,0.9743387610198665,1.2308390264617521,2.1185878717448885
SC4001E0-PSG,1829,1.2904365910820697,0.8958887809591903,1.5037010926041345,1.6358649766200826
SC4001E0-PSG,1830,0.9511514487064083,1.600496418101751,0.4939937437051909,0.5231930938357082
SC4001E0-PSG,1831,0.7650659471127583,0.15412220455164363,0.6485281005517392,0.5245020079919467
SC4001E0-PSG,1832,1.047700553418919,-0.16657817986497972,-0.35120652639481564,0.1137836542789984
SC4001E0-PSG,1833,0.09860087280893753,0.740605367982504,0.09571082580864979,0.09731859909274442
SC4001E0-PSG,1834,0.7528516771120025,0.18431535993977172,-0.015930345325431406,0.21194594528426114
SC4001E0-PSG,1835,0.8245526216835005,0.5923967291318283,0.3134118091521198,0.2627852894409093
SC4001E0-PSG,1836,0.3314693351940059,0.5128668446042798,0.7313872187324006,0.6952999330184648
SC4001E0-PSG,1837,0.20455294335297058,-0.009265530057044549,-0.39168947464891457,-0.1475961705712528
SC4001E0-PSG,1838,1.281658181074394,1.281979621699521,1.5385220937582067,0.9749419824866726
SC4001E0-PSG,1839,0.8250895897674959,1.5626383605006864,1.0510296171131657,1.0163814487645912
SC4001E0-PSG,1840,0.6772262928014455,0.6506838756552698,1.6796809056374036,1.3493697761201946
SC4001E0-PSG,1841,1.525784971229668,1.5402101750529869,0.23065753462709618,-0.2568716706156979
SC4001E0-PSG,1842,0.17993579463765452,-0.9374338320008975,-1.8951643561583864,-0.661443798309282
SC4001E0-PSG,1843,0.6204500927404674,-0.46686759969765945,-0.34739712800596306,-0.1134704708173026
SC4001E0-PSG,1844,0.830912608945814,0.4654082671992403,-0.29658128942412704,-0.018596063045754736
SC4001E0-PSG,1845,-0.696062558978793,-0.3107932573268948,-0.7815698710040309,-0.3769389547112625
SC4001E0-PSG,1846,0.879149203729799,0.16559279232429736,-0.6942690944615825,0.0821869802420749
SC4001E0-PSG,1847,0.32807339686246134,0.6704939477612486,0.5882241123408903,0.28822704256486537
SC4001E0-PSG,1848,0.694261175355791,0.41529475020106743,0.5171142537816158,0.6323765257116922
SC4001E0-PSG,1849,0.38604863988177,-0.5678296647250383,-0.22493952328620356,0.36506598328099094
SC4001E0-PSG,1850,0.01931303324244235,-0.6025601939573053,-0.7047717544958909,0.08451066300591555
SC4001E0-PSG,1851,-0.2710652766267866,-0.810906295552608,-0.784066535188336,0.45368829575475556
SC4001E0-PSG,1852,0.10051582316608569,-0.10928720688785014,0.6152528504230359,0.40839740276472075
SC4001E0-PSG,1853,0.15214986126453325,-0.37956505223053727,0.2542687157159036,-0.15233367950364798
SC4001E0-PSG,1854,-1.0497881859418852,-1.9929516274398045,-1.4207686695180701,-0.41718482468330736
SC4001E0-PSG,1855,-0.712135619227263,-1.0462560605604674,-1.5129746689947412,0.3425167403863936
SC4001E0-PSG,1856,0.16378115503920143,-0.5526815681999294,-0.37311864384763294,0.3812003290812899
SC4001E0-PSG,1857,0.3701782017708715,0.08203780508589617,0.2973701672508503,0.6884354834271941
SC4001E0-PSG,1858,-0.4322847047085468,-1.5743380592608682,-1.1853455131834567,-0.13211737527522194
SC4001E0-PSG,1859,0.7464185545332602,1.429091979782805,0.8394544860299064,0.7538922165505335
SC4001E0-PSG,1860,0.6210637132239158,0.05666742095563047,-0.12869644650111528,0.582298654931706
SC4001E0-PSG,1861,0.471898785741419,0.6717628404830271,1.1324037034078216,1.2976511739333412
SC4001E0-PSG,1862,0.3743088393873588,-0.12996729397112547,0.6997608167317765,0.11181968720680371
SC4001E0-PSG,1863,1.2583101815761633,1.1615001962559441,0.5831427216192424,0.7725769668224878
SC4001E0-PSG,1864,0.544891147279274,0.51398109957196,0.3999420543957487,0.44094693484926156
SC4001E0-PSG,1865,0.8207872024991668,0.9328771647508559,1.0021888505668903,0.5785108696406929
SC4001E0-PSG,1866,0.42294457877939856,0.3025293044813207,0.22809290651724506,0.7414711253748774
SC4001E0-PSG,1867,0.44851092985098434,0.516802813144728,0.474156250488309,0.35219553784417357
SC4001E0-PSG,1868,0.8047934246960258,-0.5598179589740251,-0.17900612289014728,0.0332716888631091
SC4001E0-PSG,1869,0.7970036624113468,0.44731362765414234,0.7549490490866564,0.39018848156134683
SC4001E0-PSG,1870,0.33892420083895497,0.12815748030578292,0.10746869214440526,0.36045863146679924
SC4001E0-PSG,1871,0.5205497543532728,-0.001106153410906059,-0.3205941857470543,0.3487452210486649
SC4001E0-PSG,1872,-0.32110924356931353,-0.36192458403949745,-0.37750529245793557,0.3985459155931313
SC4001E0-PSG,1873,0.1710665343418839,0.09756053037996766,-0.5577660970891035,0.41420996819090733
SC4001E0-PSG,1874,-0.9096516732457521,-0.8756171166832781,-0.5973889118667576,0.39764825177600166
SC4001E0-PSG,1875,0.9482144855622607,0.6304192266825787,1.0589139851986897,0.6841581404275114
SC4001E0-PSG,1876,0.2983742529316078,0.31681429872071765,1.7111527804958184,1.4589232969521688
SC4001E0-PSG,1877,0.4988544019663915,0.54490406034644,-0.009160992870260436,0.4043614405749542
SC4001E0-PSG,1878,0.015709027806019647,-0.158586865072764,0.17410818960914926,0.7668398586884315
SC4001E0-PSG,1879,0.6537200198752785,-0.27858330330608355,0.3793362329000809,0.4095002228927618
SC4001E0-PSG,1880,0.06265867561392675,-0.18406374054319188,0.4610712138833739,1.0419562820249968
SC4001E0-PSG,1881,-0.1682693340461905,-0.5025203505721136,-0.774486577598499,0.48120661798234804
SC4001E0-PSG,1882,-0.1372242109605282,-0.5204236091557811,-0.026136045354635554,0.5700567332375501
SC4001E0-PSG,1883,-0.1559579936530957,-0.6033279573639988,0.629819020557419,0.5881526807129014
SC4001E0-PSG,1884,0.430895129542673,-0.3112227836711333,-0.14611841689851576,0.7516006786056948
SC4001E0-PSG,1885,-0.5823795817288238,-0.8722153315597047,-1.0219750383443127,0.3670398886008454
SC4001E0-PSG,1886,0.41585410201430945,0.0953189446267156,1.1120359329864187,0.978451798705277
SC4001E0-PSG,1887,-0.29854026613781415,-0.6205186572678073,-0.40856473668283416,0.4738514017087212
SC4001E0-PSG,1888,0.37823323279890964,-0.016042400879110595,0.1516392190686541,0.43842166287539175
SC4001E0-PSG,1889,-0.4330977907062956,0.8015525553998283,0.26992879145010185,0.4139267937858637
SC4001E0-PSG,1890,0.7886109012749365,1.0574940312037193,1.8028297746219135,1.281626793731683
SC4001E0-PSG,1891,1.1338562089968842,0.45633701987300057,0.5262226236709152,0.8066856217824835
SC4001E0-PSG,1892,0.9568776157566041,0.9568839930898833,0.8599737440627785,0.7119489020039967
SC4001E0-PSG,1893,0.837557676370501,0.6495297254504114,2.267065528732161,1.7295094903883954
SC4001E0-PSG,1894,0.6040178115489054,1.1707652848086758,1.386203881591513,1.2501594477729823
SC4001E0-PSG,1895,-0.294010601526618,-1.6879580595635968,-0.9221897838945411,-0.014474625699828596
SC4001E0-PSG,1896,-0.5497887895966933,-1.127987590704664,-0.5011939667704595,0.07758764087075257
SC4001E0-PSG,1897,1.1153971479776645,0.847878411861944,1.7794094785081291,1.3804480796519762
SC4001E0-PSG,1898,0.8497109127554155,1.1294625521939698,2.2752896819185655,1.3811503445519762
SC4001E0-PSG,1899,0.9622416071017933,1.6122457320718484,1.7683201063188745,1.053936368551658
SC4001E0-PSG,1900,0.767095127137054,-0.1714071474587934,-1.081481131253652,-0.11850708137746745
SC4001E0-PSG,1901,-0.35731679070297456,-0.7577898893696555,-0.9537510831639516,-0.6550611921461854
SC4001E0-PSG,1902,0.8488975405483467,-0.4770829999485173,-0.12038618445890303,0.13843314515519156
SC4001E0-PSG,1903,-0.12061494403411827,-0.7564114031220077,-0.8107960494222932,0.11195851471145635
SC4001E0-PSG,1904,0.539869434198936,0.12495054141712453,0.03185390770351874,0.296526627117994
SC4001E0-PSG,1905,1.2094006437596485,0.8515082911847229,1.383607218093769,1.232109083013891
SC4001E0-PSG,1906,0.9347511373696203,0.14521956689731216,1.1258645678312484,1.2819426522496802
SC4001E0-PSG,1907,0.6902639761157439,0.4379021471380851,0.7535480674519623,1.1408223700078561
SC4001E0-PSG,1908,0.7107120476230057,0.7886230947051639,1.5761521575666282,1.4937026822928872
SC4001E0-PSG,1909,1.1346441240110396,1.1430060676819058,1.6369793429821142,1.3308111055632361
SC4001E0-PSG,1910,0.7377238074088033,1.035510166464451,1.242715433890853,0.6440945674299281
SC4001E0-PSG,1911,0.9411728712329795,0.7715103407355344,0.36387947672477816,0.3585316208705385
SC4001E0-PSG,1912,0.319448464309351,-0.620416612992834,-1.2120153261719995,-0.19805022539376804
SC4001E0-PSG,1913,-1.0525912505897435,-1.534511584368357,-0.8814156200771311,0.548107052061347
SC4001E0-PSG,1914,0.4095269039528933,0.1930521681357742,0.972838886029605,0.9573763388558056
SC4001E0-PSG,1915,0.19462257106984335,0.004722677407639914,-0.23894246190353796,0.5909044273702947
SC4001E0-PSG,1916,-0.0856075036075125,-0.6671000436206224,-0.8153535717451914,0.004141485797893445
SC4001E0-PSG,1917,-0.42847678769080205,-1.021282840364503,-0.62289667122352,-0.11694068691435905
SC4001E0-PSG,1918,0.3555363679191572,-0.3272494395343465,0.25168812864386797,0.20065472817806593
SC4001E0-PSG,1919,0.6792422977531838,0.47382377680114074,0.9569970215620173,0.9928214463260765
SC4001E0-PSG,1920,0.33351036642992155,-0.30272983346856736,-0.03314540012897494,0.8121727815743174
SC4001E0-PSG,1921,0.6009477895349411,-0.3904740053308063,0.0011772565853160337,0.5336620509685516
SC4001E0-PSG,1922,0.25833269471105375,-0.25546037716880005,-0.5571492861419857,0.7022164083109925
SC4001E0-PSG,1923,-0.0013184641767623505,-0.5138667603320003,0.5388903105267122,0.5271813037612585
SC4001E0-PSG,1924,-1.156804552685986,-0.9298225529045248,-1.3105160164398175,0.2594945090346697
SC4001E0-PSG,1925,-0.042652079566893625,-1.5407842540880812,-0.9098134409767168,0.47008718699570273
SC4001E0-PSG,1926,-0.8729473157130883,-0.7411048300552889,-0.8992805100592434,0.512166045020873
SC4001E0-PSG,1927,0.11543424692703429,-0.9791227964952139,-1.5008115875470107,0.23697583411662257
SC4001E0-PSG,1928,0.6021510495390394,-0.09545278767616114,-0.0356310204280892,0.44083419450088446
SC4001E0-PSG,1929,-0.09347155980514037,0.3334659407570728,0.6825049357213553,1.3956904763323288
SC4001E0-PSG,1930,0.8507106864102438,0.32172721136358995,0.8431483087597248,1.6853824010406888
SC4001E0-PSG,1931,0.945802726566372,0.5489441216281058,1.2908726599424467,1.052411651050256
SC4001E0-PSG,1932,0.314661236653208,-0.09855502993106975,1.3533193963217416,1.0472406061393562
SC4001E0-PSG,1933,0.47155435648352517,0.7848288956345933,0.9266335477100903,0.9385343919399275
SC4001E0-PSG,1934,-1.0346609110681133,-1.687048697661629,-1.4626968698912703,0.15159312462033867
SC4001E0-PSG,1935,0.481481066984212,-0.07872688754895296,-0.004906760879236407,0.5426976249123304
SC4001E0-PSG,1936,-1.2158044649166277,-2.4185289333714035,-1.4189930040486873,0.3729969570309941
SC4001E0-PSG,1937,-0.5353617714818272,-1.7092349304715695,-1.1958657180017571,0.32621686428482677
SC4001E0-PSG,1938,-1.1192807126379394,-1.9568375563592455,-1.9741203764601687,0.19579922908530623
SC4001E0-PSG,1939,-0.3288284183209048,-0.6490336951118305,-1.520090253022457,0.14353774659923615
SC4001E0-PSG,1940,1.2460354461532994,0.5928520825962684,1.7075165399552066,0.9628966836125947
SC4001E0-PSG,1941,0.6861676834735997,0.38531484978226194,1.273633317850128,0.8051191733346601
SC4001E0-PSG,1942,0.5062381795872462,0.45942967451661065,-0.3559648889546971,0.7106542263244118
SC4001E0-PSG,1943,-0.258722244223093,-1.0205133432726348,-0.4962217679283124,0.11434871851382215
SC4001E0-PSG,1944,-0.5045537052995592,-0.5144688867576721,-0.5192575675730496,0.32327827164744327
SC4001E0-PSG,1945,0.5027315705496059,0.6525245370135381,0.10575312917914075,0.7150398329604468
SC4001E0-PSG,1946,0.23983739912697827,0.023679398182310803,0.047531998941119306,0.4703574126448917
SC4001E0-PSG,1947,0.729258229055803,0.7386329691037199,1.403812063249724,1.0422056245538827
SC4001E0-PSG,1948,0.3291802600934313,0.4857986121380382,1.2099520616096877,1.1930847105405582
SC4001E0-PSG,1949,0.9792055730203177,0.9409625233836143,1.1023269550032067,0.9437454483437965
SC4001E0-PSG,1950,0.17125511632220616,-0.8951085330679333,-0.3551337963818708,0.5439925691788086
SC4001E0-PSG,1951,0.20696959201382367,-0.7391338999392852,0.4429700138106218,1.022165062045561
SC4001E0-PSG,1952,0.9540500462027542,0.07888817928064808,0.7873847049313278,0.8136043277446156
SC4001E0-PSG,1953,0.5923728500987837,0.06090561832058782,0.4589651729997701,0.5900801295131064
SC4001E0-PSG,1954,0.0542614116178294,-0.5934462734518415,-0.51391327922353,0.11601703421745742
SC4001E0-PSG,1955,0.13081253571160478,-0.41698447095194424,-0.036840571077252936,0.39444173106622904
SC4001E0-PSG,1956,0.11174993521216948,-0.14594340953293622,-0.49204236429991727,0.4181394293233608
SC4001E0-PSG,1957,-0.3787933603610751,-0.3518012086084804,-0.9294966333852314,0.5257923278172881
SC4001E0-PSG,1958,-1.321370156537202,-1.6378235306711952,-2.045536004154842,-0.9551252832229099
SC4001E0-PSG,1959,0.2277704118985529,-1.1675655370180922,-1.2496749559293634,-0.4381807049160424
SC4001E0-PSG,1960,0.3903565875996738,0.29764845949845004,0.426177854952235,0.32183327910694565
SC4001E0-PSG,1961,0.29050037077821883,0.5308413862912822,0.26287598992983285,0.6635363799915156
SC4001E0-PSG,1962,0.6473811288311239,0.7386166106502697,0.9683409623823818,0.7440163639494113
SC4001E0-PSG,1963,0.3844165451180597,0.4965084289242542,0.013124643100640338,0.7593618942975983
SC4001E0-PSG,1964,-0.003708828828805812,0.21883950653955245,-0.2522499756755729,0.20670031726613938
SC4001E0-PSG,1965,-0.24732702704342147,-1.0264493631070761,-0.7008284007411685,0.09266233597925504
SC4001E0-PSG,1966,-1.5473011002724864,-1.8737328293743123,-2.1282300061484736,-0.5442860977159538
SC4001E0-PSG,1967,-0.07080601744197941,-0.8631155459783144,-1.2079914330209276,-0.0755475975074389
SC4001E0-PSG,1968,-0.14609763036832024,-1.136717151906813,-0.4041359676485802,0.8303538010526129
SC4001E0-PSG,1969,0.07029917650605132,-0.41651660918351013,-0.523716117113336,0.46603093464127465
SC4001E0-PSG,1970,-1.8830585017260448,-1.4255343231163233,-1.6205826262035448,-0.22092633887269267
SC4001E0-PSG,1971,-0.8134176305879225,-1.3142122777187197,-1.3441711805130394,0.06336753210979969
SC4001E0-PSG,1972,-0.0010902847333843027,-0.010424644153636252,-0.6582776260317282,0.4186981030139714
SC4001E0-PSG,1973,-0.5476962436202099,-0.8350979698420264,-0.23331876687418962,0.5965161072068165
SC4001E0-PSG,1974,0.01459951099400793,0.6068778382956863,1.749373856480911,0.861160572739007
SC4001E0-PSG,1975,0.8216797301446969,0.8330068596904495,0.27303622106407677,0.5276392413271576
SC4001E0-PSG,1976,-1.4811440696868077,-1.4529178114890153,-1.3369852613412507,-0.27703392284427286
SC4001E0-PSG,1977,-1.1210829524311314,-1.7133122226363242,-1.2399259537562322,-0.1173193827246678
SC4001E0-PSG,1978,-0.6500523010872953,-1.1982507725325955,-0.9580970513765142,-0.030560035534777607
SC4001E0-PSG,1979,0.10608080080324421,-0.7689845656032559,-0.1554392204570281,0.20323622612926312
SC4001E0-PSG,1980,0.0015662742174080422,-0.1921671628280273,0.2563816341846197,0.43405547727636706
SC4001E0-PSG,1981,-1.1270141051167453,-2.4359069763910313,-1.375194284784431,-0.2333918838857233
SC4001E0-PSG,1982,-0.3458843884361592,-0.9853465832851979,-0.6576898087939548,-0.05189126817861137
SC4001E0-PSG,1983,0.8828719711008562,0.257578980354667,1.1324553997085263,1.2857168767748122
SC4001E0-PSG,1984,0.0051009021696211305,-0.5036430499901078,-0.22987049320637784,0.22769832696586004
SC4001E0-PSG,1985,0.41427870975383374,0.24032659320113214,0.4765569418236388,0.40174311758109577
SC4001E0-PSG,1986,0.0938197170450934,-0.6883315399017896,-1.519706100124709,-0.037326128139988
SC4001E0-PSG,1987,-0.4471233890715015,-0.24739473590734176,-1.428055492512573,-0.24126041622036068
SC4001E0-PSG,1988,-0.6220508307665435,-0.39649225209909117,-0.8144430226493005,-0.048889225005078564
SC4001E0-PSG,1989,-0.5522741739216899,-1.1145978571422697,-1.3232181796710545,-0.03899718624754676
SC4001E0-PSG,1990,-1.3140315055057519,-2.018531020526304,-1.0226965176899874,-0.09392330143437969
SC4001E0-PSG,1991,-0.269124348428423,-1.0124662860743263,-0.624494374097465,0.8085804435417008
SC4001E0-PSG,1992,0.5468412041296065,0.11312169718584249,0.26526392806774396,0.5387782248373262
SC4001E0-PSG,1993,0.8379903382645677,0.8631521966707576,0.6262132854135387,0.6576306690491975
SC4001E0-PSG,1994,-0.14170264606916308,-1.2263932424872757,-0.6730892566028102,0.5516296770131609
SC4001E0-PSG,1995,0.971490977749532,0.8152306864968472,1.2268951619334278,0.8951310674256162
SC4001E0-PSG,1996,0.6654303963232744,1.401377842236029,0.9997823446743376,1.1591051117449374
SC4001E0-PSG,1997,0.616405765698172,0.2776039362704983,0.6290225400004504,0.8787643335270239
SC4001E0-PSG,1998,0.27800031542658543,0.2855360701890295,0.5764084426731371,0.7449376711271511
SC4001E0-PSG,1999,0.4747407625946821,0.6807285095182236,0.13834730778246887,0.7785388010007996
SC4001E0-PSG,2000,0.6667488390510165,0.45429655883504566,0.5122808735534121,0.5193537831458508
SC4001E0-PSG,2001,1.1423815727369437,0.6791232467278545,0.7957731876345389,0.20521141894277042
SC4001E0-PSG,2002,0.6029585622154989,0.4340063591232067,0.19851240540220533,0.5926518102487685
SC4001E0-PSG,2003,0.6056833673462024,1.3315524098137954,0.7482914555560541,0.41786933697201534
SC4001E0-PSG,2004,0.4130123703589335,0.03019356970460259,0.34213100077212444,0.2998996500518092
SC4001E0-PSG,2005,0.09263842466459304,-0.8080429334795484,-0.08217796379644916,0.441683174773462
SC4001E0-PSG,2006,0.5039073139609413,0.6292042096084199,1.1403615362497797,0.8816313579088472
SC4001E0-PSG,2007,0.07419147780917058,-0.45004243491836693,-0.05583065611536321,0.3190942798482709
SC4001E0-PSG,2008,-0.06554463836131799,-0.19241233486696957,0.31642020643640106,0.5290047538546789
SC4001E0-PSG,2009,-0.5717967142088287,-0.6999137084996068,-0.7748481916711554,0.3212367054607264
SC4001E0-PSG,2010,-0.21563723467185802,-0.04971745567817289,0.12808153016406995,0.20304234071427096
SC4001E0-PSG,2011,0.21853177292867992,-0.26842432310175557,-0.08148164769574452,0.27076289239103735
SC4001E0-PSG,2012,-0.0026389663799162933,0.12929283665462155,0.29699496817434134,0.8118002604865096
SC4001E0-PSG,2013,0.5043748662951154,-0.13005113691389084,0.28404721526583165,0.8711994064891633
SC4001E0-PSG,2014,0.17494558015941825,0.03632003108848041,0.4026319629296636,0.5608405168177665
SC4001E0-PSG,2015,0.3972546554556665,1.301513356661264,0.9126138032719937,0.45489577013338944
SC4001E0-PSG,2016,0.11114332017685064,0.7489978491309371,0.4528661153511378,0.40987195413433414
SC4001E0-PSG,2017,-0.1973306935203968,-1.3950743031267354,-0.8690243341205466,0.0004155081403471576
SC4001E0-PSG,2018,0.30560903523416855,0.11653406167861666,0.8639176124638874,1.0935668623225498
SC4001E0-PSG,2019,-0.19641053092908728,-0.47033492042879577,0.27446099466329016,0.5775299559303837
SC4001E0-PSG,2020,-0.447522422914478,-1.3499909880786156,-0.6881721980889409,0.10308982854586986
SC4001E0-PSG,2021,0.4199386269933451,0.6858375826695956,1.0854534345619262,1.0412071673652747
SC4001E0-PSG,2022,0.5507137308232664,0.3180652775902723,1.0412108003184344,0.7967444299160906
SC4001E0-PSG,2023,0.386281733407864,-0.018978758720834245,1.7760686894387792,1.01851857391356
SC4001E0-PSG,2024,0.25616271641302885,0.469612867715648,0.5357340255545707,0.6759752643211163
SC4001E0-PSG,2025,-0.46107742820261044,-0.8690514314277514,-1.0223442498069095,0.35813098866849596
SC4001E0-PSG,2026,0.01742383550031785,-0.1580701307249799,0.11861132125009487,0.5659289479770571
SC4001E0-PSG,2027,-0.5041964964975489,-0.6260101707996918,-0.14263366819532433,0.7057293191668913
SC4001E0-PSG,2028,0.14110861798685206,-0.66103626798613,-0.29318169218659634,0.9483317062074806
SC4001E0-PSG,2029,-0.05335492714766927,-0.37647005341692624,-0.21743147594475407,0.859295043854961
SC4001E0-PSG,2030,0.3944272863499959,-0.1240615239080335,0.24618498989618487,0.36082079915721105
SC4001E0-PSG,2031,0.018517815236147227,0.14652934148386043,-0.1632876448580558,0.13411202967145774
SC4001E0-PSG,2032,0.4010790845470501,0.6287603831386892,0.2962911638738334,0.39754568620558794
SC4001E0-PSG,2033,0.2012128254996375,0.8100618916702217,0.6117968945626672,0.5428763146752349
SC4001E0-PSG,2034,0.6068378251180856,0.7897452326802519,0.6520085079219049,0.5582621932574929
SC4001E0-PSG,2035,0.6953545947965679,1.040353168478263,1.4328090557011146,1.3495571371789559
SC4001E0-PSG,2036,0.7644726965029708,0.8345374635184533,1.0427195028267104,0.7778294363221506
SC4001E0-PSG,2037,0.4108698529566379,0.6022551176996248,1.0131356881395113,0.6056405125992316
SC4001E0-PSG,2038,1.3238323869501532,1.570422534945828,1.4286708524118699,1.0666519999110626
SC4001E0-PSG,2039,0.8701385236352013,0.7706445864466489,1.9739076955228265,1.2132027708740258
SC4001E0-PSG,2040,0.7907877661512318,1.2533978385586124,1.9309081379668147,1.0588156869756957
SC4001E0-PSG,2041,0.5757702124893962,1.1202557238546422,0.9836066770791786,1.2852404449771175
SC4001E0-PSG,2042,0.2757955325923039,0.4231950336993159,0.4051773991462094,0.6263538593131212
SC4001E0-PSG,2043,0.500563747605361,1.7115258109302232,0.9164883881153048,0.4251846779063578
SC4001E0-PSG,2044,0.7254591670850349,1.3739006860267393,1.5051468232930576,1.032155603482398
SC4001E0-PSG,2045,1.3586866132683542,1.7388871062365419,1.3638006268236662,0.9763328363132885
SC4001E0-PSG,2046,1.2114564909222096,1.5344168447887419,1.7347050658179772,0.9854663598969998
SC4001E0-PSG,2047,0.3357802015371868,-0.12277548830527087,0.2750930663944156,0.5466674622446609
SC4001E0-PSG,2048,0.006750768205031998,0.26504511595215063,0.28767471220632557,0.43817528587783694
SC4001E0-PSG,2049,0.3566922740901267,-0.12231675921231362,-0.6990834986655072,0.43984183977296154
SC4001E0-PSG,2050,-0.6330283950408968,-0.6682110060753931,-0.9661231381506425,-0.2041642104209621
SC4001E0-PSG,2051,-0.09458287494183398,-1.0030644133136892,-0.7315491127486631,0.5721989286041882
SC4001E0-PSG,2052,0.12308364682729898,-0.07128028970222235,0.11887210009916346,0.5005739918132153
SC4001E0-PSG,2053,0.06523268929896872,0.2632285452605275,0.5891238484620469,0.5659143559363521
SC4001E0-PSG,2054,0.4356898758450999,0.21566927019767781,-0.14838771677511509,0.6383149873563321
SC4001E0-PSG,2055,0.18905684095680464,0.2578718843493597,0.6372360880650481,0.40193562563857443
SC4001E0-PSG,2056,0.22834052681323608,0.7170598118380932,0.36265102119858594,0.40354226000353854
SC4001E0-PSG,2057,0.5662328641517548,0.12781984233406682,0.3760608602156693,0.6557950890788793
SC4001E0-PSG,2058,-0.5557834144942168,-0.2280534298226055,-0.5383645875588644,-0.09610780088774062
SC4001E0-PSG,2059,0.3392598706241677,0.573660765315296,0.5599991182571578,0.30133212444766555
SC4001E0-PSG,2060,0.40394970111055567,0.963971971269084,0.6248910013980273,0.7041915980544436
SC4001E0-PSG,2061,0.6225176913746492,1.1922531778738545,0.8234015227845142,0.8325798585826683
SC4001E0-PSG,2062,0.6401016808149819,0.9578855423410406,1.2363594509057945,0.7584616516469227
SC4001E0-PSG,2063,0.3707211161380982,0.5412139076047108,0.5350253536681266,0.478906186152412
SC4001E0-PSG,2064,-0.251901200928608,-0.40762333770445125,-1.2324414955609078,0.10544598778718549
SC4001E0-PSG,2065,-0.08500315634985597,-0.2803172939544568,-0.31518031682099895,0.16683622165405942
SC4001E0-PSG,2066,-0.6678437060215362,-0.12515674298877735,-0.0970368555218999,0.44549103273138174
SC4001E0-PSG,2067,-0.022279436216188025,0.45730990241214653,0.9563904070988047,0.5166262241999614
SC4001E0-PSG,2068,-0.2855217297005966,0.21505664712233385,0.5268956938315124,0.22302671819851053
SC4001E0-PSG,2069,0.7670676408873535,0.23770278707462705,0.9993924954567882,0.5136879512550624
SC4001E0-PSG,2070,0.35969763438332564,-0.003228617753349671,0.25935129524798206,0.5345763124935049
SC4001E0-PSG,2071,-0.7168467051322511,-0.9547447282292765,-1.1554243442359562,0.07123205085128512
SC4001E0-PSG,2072,0.5037278626860763,0.19147459591895463,0.12137866925683358,0.10362697486775159
SC4001E0-PSG,2073,-0.056026661232267995,0.06547514063545161,-0.10369091594703606,0.2847531274381084
SC4001E0-PSG,2074,-0.8715699378713705,-0.8235968983703729,-0.7975092901547741,0.999656340561476
SC4001E0-PSG,2075,-1.6402196855634543,-1.6689367050203183,-1.37159122624201,0.45403316151245043
SC4001E0-PSG,2076,0.21822611830084962,-0.06835417973800748,0.3742529438532999,0.5910717407730323
SC4001E0-PSG,2077,0.20473249334634258,-0.11786745044431404,0.6663932209039347,0.45869935336543727
SC4001E0-PSG,2078,-0.22227651238802348,-0.0421969328916418,0.41117309701993665,0.5112647875736658
SC4001E0-PSG,2079,-0.10662365346684141,0.14118523669802094,0.4920659677532648,0.8177837534987276
SC4001E0-PSG,2080,-0.5153021193787054,-0.25977877346147316,0.36631250463517767,1.0934180434163805
SC4001E0-PSG,2081,0.2970215846712303,-0.42878939618511497,-0.02385974641994334,0.5030489476166934
SC4001E0-PSG,2082,-0.6744080672790328,-0.7824927332407594,-0.8920764960090726,0.25493837296152316
SC4001E0-PSG,2083,-0.28964424925294924,0.21590176938843023,0.1733196212434045,0.44796764617349205
SC4001E0-PSG,2084,-0.4456412973526095,0.28666516159023003,0.4839781389875592,1.5557154644868203
SC4001E0-PSG,2085,-0.3033141822730731,0.6632994356326108,-0.2748223879156591,0.41461705557790973
SC4001E0-PSG,2086,0.27891754138685493,0.7091490169849631,1.1431360169085996,1.1188320564168655
SC4001E0-PSG,2087,-0.7190402320952399,-0.4997341709842986,0.11413631945482934,0.4894380853030359
SC4001E0-PSG,2088,0.3174620198008398,0.07609976957087594,0.04417646641967086,0.38360156360558945
SC4001E0-PSG,2089,-0.3595161635297619,-0.4877326385405237,-0.5561154226836988,0.3835536446463951
SC4001E0-PSG,2090,-0.39204595699912737,-1.1698685245820704,-0.5472444985954192,0.01474284517587093
SC4001E0-PSG,2091,-0.4376739900499503,-0.6431232630887528,-0.9319802839523793,0.16431222893579037
SC4001E0-PSG,2092,-0.04940631070678572,1.058360268291765,0.7236183706679573,0.24186231467115296
SC4001E0-PSG,2093,-0.32955159255239513,-1.4936725096137335,-0.7921311345703832,0.32980707139555243
SC4001E0-PSG,2094,0.4591955666890103,-0.4828775185782925,-0.7327211648445888,0.1289038692914653
SC4001E0-PSG,2095,0.020894118641260707,-0.4708465173513042,0.0003726079017522016,0.3543352916304997
SC4001E0-PSG,2096,0.01941443981649508,-0.48431320303519787,-0.7406810836674976,0.1963454053603373
SC4001E0-PSG,2097,-0.22897774133907048,-0.5339736231145397,-0.4486586972643052,0.03663868998635881
SC4001E0-PSG,2098,-0.7737210575872903,-1.2739649522341232,-0.24525295809666328,0.07383938795328311
SC4001E0-PSG,2099,-0.7132413937004468,0.15718720545943227,-0.056301054136328285,-0.015757188651803398
SC4001E0-PSG,2100,0.4005342433781048,0.38433249611492815,0.6217216902443687,0.3817985102971988
SC4001E0-PSG,2101,-0.461044628253644,-0.385952016302476,-0.31141990781098605,0.05714668821605255
SC4001E0-PSG,2102,-0.11139373822911794,0.11768513328319385,-0.5951732130866211,0.5924755933878497
SC4001E0-PSG,2103,0.22500468390777334,0.4131720959634294,0.6259290600412384,0.46449215401905475
SC4001E0-PSG,2104,0.5233673784148603,-0.27931575623855215,-0.658533713941404,0.030362741537252453
SC4001E0-PSG,2105,0.00512208921365642,0.43014532026520175,-0.3856655511080121,0.3622649870095873
SC4001E0-PSG,2106,-0.2540990506930253,-0.471241412417607,-0.687506909319524,0.17592518112449787
SC4001E0-PSG,2107,-1.4658519746342444,-2.101853019335291,-1.7626022750495864,-0.11688148483104925
SC4001E0-PSG,2108,-1.3201320356351833,-0.9202945259791633,-0.8854848613297446,-0.06919281785614279
SC4001E0-PSG,2109,0.9174177524062149,0.155359263811658,0.4754716591131594,0.4107300856474092
SC4001E0-PSG,2110,0.1519007574024823,-0.37023456189749615,-0.21047242951580994,0.25742686203211057
SC4001E0-PSG,2111,-0.2425727208933518,-0.31129647226538426,-0.30246783556882656,0.16378437300946788
SC4001E0-PSG,2112,0.048253077907325026,1.1405674284133218,0.09418700668748328,0.3394771897946594
SC4001E0-PSG,2113,0.3044399736585459,-0.07842740567161183,-0.03563701605973481,0.22169232054218885
SC4001E0-PSG,2114,0.07992106840282338,0.0659614450788444,-0.621942000362483,0.41820324361739847
SC4001E0-PSG,2115,0.2323437993098036,-0.014070091518906909,-0.044188805507022734,0.28743644987239547
SC4001E0-PSG,2116,-0.20625288249684537,-1.1971960658531087,-0.644162848244134,-0.20114802629145445
SC4001E0-PSG,2117,0.15693495939597693,0.010794733021424243,0.742482802926084,0.8667066356260177
SC4001E0-PSG,2118,-0.2234302831346994,-0.7504117713518244,-0.29839661961617586,-0.1951338323862318
SC4001E0-PSG,2119,0.29176851841336093,1.0518363205892587,0.5655427016284678,0.2343522027608394
SC4001E0-PSG,2120,0.43941554547217826,0.4835972802163352,-0.5559127707879357,0.1241917650795875
SC4001E0-PSG,2121,-0.5423470455866368,-0.49034839561103194,-1.1752264621740545,-0.048743656802474444
SC4001E0-PSG,2122,0.060392988953506435,-0.15311090848923878,-0.44776552752212395,0.19293196725515577
SC4001E0-PSG,2123,-0.5536072013354734,-0.5895706617399714,-0.9792067500039322,-0.19383931027258106
SC4001E0-PSG,2124,0.17927975042714636,-0.7542631675045592,-0.6404673270125728,0.07478230394694595
SC4001E0-PSG,2125,-0.0026767752788091626,-0.4718220302119996,-0.3751110783366783,0.06623535954690445
SC4001E0-PSG,2126,0.31703802661741853,0.5237185232055616,0.2721251199820681,0.23845733868874738
SC4001E0-PSG,2127,0.38724768052261405,0.23346975682690704,-0.11621804255513324,0.17020232332015084
SC4001E0-PSG,2128,-0.07442908321683377,-0.6057014364433232,-0.885749954153608,-0.31304917092949835
SC4001E0-PSG,2129,-0.4048771238489022,-1.0306804841410673,-1.7443871524197676,-0.3332805102942143
SC4001E0-PSG,2130,-0.0386217145489756,-0.7444121126858001,-1.0158329003204618,-0.3984546037972485
SC4001E0-PSG,2131,0.20448045632779466,0.38956178937819397,-0.6242717027067068,-0.09567527506637777
SC4001E0-PSG,2132,-0.06257976575808634,-0.8235544262682306,-0.9519786308020073,-0.0830558598219234
SC4001E0-PSG,2133,-0.30311255649555907,-0.8318510582553643,-0.9958072760327159,0.12605502494262555
SC4001E0-PSG,2134,-0.6692720684872289,-0.03704473040689392,0.5402566390977998,0.1854771061201917
SC4001E0-PSG,2135,-0.1462848456474957,-0.3663895855096469,-0.39795403079962255,0.01963185700432801
SC4001E0-PSG,2136,-0.9757610839040731,-0.8787636085518733,-1.1439862454459482,-0.12881118234284736
SC4001E0-PSG,2137,0.4138392252157992,0.11049932143458846,-0.6980514636425624,0.027061132195720584
SC4001E0-PSG,2138,0.07147891954219629,-0.16684655738496607,-1.0414252711239294,-0.05606235746223402
SC4001E0-PSG,2139,-0.3321362083827189,-0.18615615710226027,-0.49912343814175564,-0.09704053704018761
SC4001E0-PSG,2140,0.7020137889528,0.28734340196006725,0.3469812096065069,0.5806506301688729
SC4001E0-PSG,2141,0.886398132669492,0.7334268721459185,1.0839556978749028,0.8002089094946151
SC4001E0-PSG,2142,0.45295015690786444,-0.3616226888900825,-0.22991518390866006,0.22039809879818126
SC4001E0-PSG,2143,0.46578103590414444,-0.3491955441999345,-0.22016156484439164,0.290059824941276
SC4001E0-PSG,2144,0.2258517195492526,0.3491309585082196,-0.12672746026293666,0.19512206731267842
SC4001E0-PSG,2145,0.7134251079005204,-0.17433584533955218,1.0170092183285182,0.34171244567681514
SC4001E0-PSG,2146,0.3384371144882727,0.21567953525925085,0.028093986233423185,0.721583843955425
SC4001E0-PSG,2147,0.13404154018283784,-0.27083304179980583,0.12344259509382216,0.5273041752841922
SC4001E0-PSG,2148,0.8312890289362527,0.9697874445800354,0.23403248131933274,0.9018709096427615
SC4001E0-PSG,2149,0.6676649573406276,0.4596313281679525,1.1104546245581879,0.6846856197535724
SC4001E0-PSG,2150,0.3080338194313435,0.2704458213566502,0.2331441702496611,0.6795888040054925
SC4001E0-PSG,2151,0.23713316250714153,0.33862862157088325,0.3552584324363078,0.49377157176381037
SC4001E0-PSG,2152,-0.03955124639596455,0.319575243425292,-0.21719479812568013,0.4554917665743524
SC4001E0-PSG,2153,0.4059093356819363,0.9007129629343883,0.4195749755749063,0.8594676166058899
SC4001E0-PSG,2154,0.612999005266251,1.3990686465240392,0.6566624258362224,0.8329810277350546
SC4001E0-PSG,2155,0.05335323473613569,-0.2280145471184922,-0.17074125143186467,0.364262111373152
SC4001E0-PSG,2156,-0.2697341876972136,-0.8103999942598547,-0.46888442374126504,0.2308556779237961
SC4001E0-PSG,2157,0.7340758022968435,0.04128526262477622,-0.6675123622721377,0.40162540081229725
SC4001E0-PSG,2158,-0.7433251657331514,-0.5538108876470477,-0.2149335866659999,0.13280968242011737
SC4001E0-PSG,2159,1.213709054052648,0.9230142070536442,1.2449605893119426,0.49787037066099554
SC4001E0-PSG,2160,1.0023283249149375,0.5633624322883122,1.0151481987305475,1.1054190946362408
SC4001E0-PSG,2161,0.6656053236360056,-0.4113326173704475,-0.031038093719321473,0.15062200584545146
SC4001E0-PSG,2162,0.4372363294366718,-0.2795702662925973,1.1850328158921726,-0.04298334591449031
SC4001E0-PSG,2163,0.13111103505987318,-1.4802103119021217,0.48924006904549405,0.08612268563215472
SC4001E0-PSG,2164,-0.2621684186459251,-0.6094518785057017,-0.2582754260111193,0.35490573265226794
SC4001E0-PSG,2165,0.0381441348268328,0.1143389390931624,0.8657683999122615,1.1836071562333816
SC4001E0-PSG,2166,0.20203882530130915,0.4743657638260482,0.2613048484989502,0.9250356804902599
SC4001E0-PSG,2167,0.5660459967138411,-0.05851306680367357,0.7223633688732772,0.22438245943650342
SC4001E0-PSG,2168,-0.2041489159802663,-0.4746102796064911,-0.4883928264025864,0.10162196599538706
SC4001E0-PSG,2169,-0.045685484774905985,-0.25529117430218046,0.4188305644688892,0.5670547880361859
SC4001E0-PSG,2170,-0.6371897901320037,-0.6523442673397428,0.2342237731289904,0.43135591568287446
SC4001E0-PSG,2171,0.9306996037652853,1.0059287330672937,0.7493691375895273,0.8336362931265526
SC4001E0-PSG,2172,-0.2632328164629819,-0.29924585191454134,0.5293520145018291,0.42081034530251754
SC4001E0-PSG,2173,0.9395898578383214,1.4522919204007045,0.5689552464344099,0.6310306071570719
SC4001E0-PSG,2174,0.8333027543751291,1.509909003822609,0.7868023140315377,0.6236781348074797
SC4001E0-PSG,2175,0.9655772122604583,1.1555427334283461,0.38770802489836603,0.5663323951186477
SC4001E0-PSG,2176,0.49628158213548423,0.6103570602508375,0.9359995324639109,0.7329241731965619
SC4001E0-PSG,2177,0.5208652599644552,1.2631664141336765,1.7383646731961016,0.9231510017913878
SC4001E0-PSG,2178,-0.04603310332273142,0.6280856912702963,0.8908420052471531,0.528854163334875
SC4001E0-PSG,2179,0.6627720603192878,0.9284880182393302,1.637408468586691,0.9876200846585559
SC4001E0-PSG,2180,0.28672205271131074,0.4959418024756284,0.06299812005931325,0.5507135319127677
SC4001E0-PSG,2181,0.2866044808090239,-0.4841782235515229,0.33524120973017063,1.0614968590492275
SC4001E0-PSG,2182,0.15960052985297732,0.1697786010645611,-0.5809371487897947,0.40999537559709637
SC4001E0-PSG,2183,0.21338279292906778,0.3068170778382322,0.16554695447456771,0.5576081717992397
SC4001E0-PSG,2184,-0.028938858342001696,-0.28022839069430594,0.1123798774556444,0.582532975476276
SC4001E0-PSG,2185,-0.2811041979607272,0.15018133916393805,-0.43192008195098724,0.5157435175778801
SC4001E0-PSG,2186,0.7110466542606774,0.5312961985470647,0.911087031632525,0.5221270549816389
SC4001E0-PSG,2187,0.5417190388592424,0.5668432873756278,0.5867754435714769,0.5909948751364832
SC4001E0-PSG,2188,0.5086344356890365,-0.02569160122546068,-0.19494602150994622,0.6862053600745811
SC4001E0-PSG,2189,-0.08433048720337227,-0.28024296054514036,0.5019867763292695,0.580275892828007
SC4001E0-PSG,2190,0.2409417954839971,1.152334893927521,1.2942202558031755,1.1410839666864439
SC4001E0-PSG,2191,-0.10614995771264044,-0.587360674824477,-0.7094065983965924,0.1682321608785219
SC4001E0-PSG,2192,-0.29368855974059865,-0.165653177642216,-0.43396663150679615,0.0345918515157003
SC4001E0-PSG,2193,0.09816625942154907,-0.962949400599739,-0.65668198265687,0.25950005240168167
SC4001E0-PSG,2194,-0.1531244718891066,-0.7153267313701617,-0.44348571216403065,0.25273220190153267
SC4001E0-PSG,2195,0.5181264680068638,0.62231622228984,0.9633015360243599,0.8695914336264784
SC4001E0-PSG,2196,0.7398322937153937,1.093723601677701,1.2085197972323125,0.7728495536320302
SC4001E0-PSG,2197,0.49019142538410243,1.3671345880167816,0.4552390374721305,0.5115244220994661
SC4001E0-PSG,2198,0.25130927374151346,0.8704760042910785,0.8194264206322084,0.6271106410135923
SC4001E0-PSG,2199,0.937281497040446,0.9204654789657746,0.9016961160885107,0.7862423031559647
SC4001E0-PSG,2200,1.200753135958543,1.2825018248173252,1.7463438677100516,0.9860091132494556
SC4001E0-PSG,2201,0.8557457206904489,0.9474268717835249,1.3584350317719995,0.7905693344789129
SC4001E0-PSG,2202,0.44027237919839746,0.24803502030024696,1.0996625593765461,1.1737870486960373
SC4001E0-PSG,2203,0.5857240836972397,1.1990859909683913,1.5861403424838174,1.2056244886653154
SC4001E0-PSG,2204,0.5576548471969621,-0.012460781148208942,0.9689422332464172,1.0182756306281637
SC4001E0-PSG,2205,1.0454325872895402,0.5888003261504331,0.9832399201430698,0.9125056260015031
SC4001E0-PSG,2206,0.668136055523953,0.35126682896569034,0.6940831533717157,0.7167974517622225
SC4001E0-PSG,2207,-0.10745353480621836,-0.4401736648569876,-0.7086707188096358,0.5409426397850761
SC4001E0-PSG,2208,0.7320744222188799,0.679972811228945,0.9656475592868947,0.8255518986789651
SC4001E0-PSG,2209,-0.4236730649791461,-0.43330135277179077,0.86499904405979,1.0839770318418631
SC4001E0-PSG,2210,0.38547861037240977,0.06128435697265876,0.5024765737294734,0.5062072777518808
SC4001E0-PSG,2211,0.6561729348777424,0.9200403664872845,1.7073482587221314,1.6336079736177636
SC4001E0-PSG,2212,0.6970291614923065,0.732585120044821,0.8829438181550614,0.9052159201027311
SC4001E0-PSG,2213,0.6025621316902086,0.9892763855105496,0.9192963364949058,0.22519514715739702
SC4001E0-PSG,2214,0.8990530573700294,1.6381696402103603,0.6732045960298257,0.36888089118253603
SC4001E0-PSG,2215,0.6452041514680372,0.7860992651313874,1.2666677498872911,0.40090491388783767
SC4001E0-PSG,2216,0.26766322903950124,-0.19654520107867735,0.4069265171723981,0.4906412996952335
SC4001E0-PSG,2217,0.4645756649970508,0.4822500591916712,0.9677301764832303,0.8390366219704862
SC4001E0-PSG,2218,1.0385861347353882,0.5247743407504495,0.5230836126904594,0.584990829911518
SC4001E0-PSG,2219,1.07441535949708,0.8738398469420626,0.8998320741456404,0.4019623186524522
SC4001E0-PSG,2220,0.6266137718166713,0.6820878342781216,0.9270585084195898,0.5656723359450884
SC4001E0-PSG,2221,0.36956093078186697,0.3217033781014643,1.0557248098721717,0.8513210221048791
SC4001E0-PSG,2222,0.5911455314344237,0.00740393454112494,0.6673209681594576,0.36913784660850235
SC4001E0-PSG,2223,0.13269005560493516,-0.10223172877627798,1.263148796325562,0.828599308639416
SC4001E0-PSG,2224,-0.4549533734652143,-1.0837239669010426,0.542017252353772,1.113570944172366
SC4001E0-PSG,2225,0.47050004953661817,-0.5847756716342807,0.6402624093065993,1.4992688928737297
SC4001E0-PSG,2226,0.3021373016288422,-0.6942646524711955,1.1738014582401677,1.364618460989198
SC4001E0-PSG,2227,0.40910444815668023,0.28186784627996453,1.0074137073273672,0.7047917800353606
SC4001E0-PSG,2228,0.6951202645555885,0.4754949850650066,-0.13820821040700912,0.40083250484236516
SC4001E0-PSG,2229,0.3760813687935868,-0.1628886596415892,0.30571343456584815,0.9682895329820912
SC4001E0-PSG,2230,0.29380964906412427,0.35982129255339884,1.005379030751784,0.6351901833475495
SC4001E0-PSG,2231,0.8232807477169952,0.27845848213830987,1.002971668883807,1.2528387252684565
SC4001E0-PSG,2232,0.8955692000387117,0.2798178316859148,1.0417626467563965,0.4650223768112511
SC4001E0-PSG,2233,0.5492906653580657,-0.13556251907506306,0.1717132315517274,0.4434920155377634
SC4001E0-PSG,2234,0.1486006736353298,0.7671348632621935,0.4500201397456096,0.4856260679470784
SC4001E0-PSG,2235,0.3200830080017236,-0.8485946813780028,-0.3283984018575226,0.27701877050547874
SC4001E0-PSG,2236,0.683426719589851,0.8719242393535374,0.7705938260480739,0.36163592051022436
SC4001E0-PSG,2237,-0.04882653816954086,-0.9280689292538946,-1.143925477983417,0.23407633227480568
SC4001E0-PSG,2238,-0.22377712398574498,-0.7385266762359795,1.5994610824548665,1.849095819920375
SC4001E0-PSG,2239,-0.38741718113382223,-0.20482874738299234,1.2254557170732236,1.7128783004857226
SC4001E0-PSG,2240,0.19931985907025362,0.2110161666327566,0.8102426533206744,0.7233525800133083
SC4001E0-PSG,2241,0.2317556567669164,-0.02725641467394815,-0.6693831492412992,1.000559422668922
SC4001E0-PSG,2242,-0.5541731645940925,-1.0401182191352634,-0.2970531981055228,1.1463540340000635
SC4001E0-PSG,2243,-0.19061712909963183,-0.45727094648121597,1.0394511546203562,1.6138033029995646
SC4001E0-PSG,2244,0.8246357030912616,0.3519912518234315,1.5662302688031335,1.6210793123542389
SC4001E0-PSG,2245,0.9815562097109926,-0.037629219359694904,0.028116435281757474,1.1876391520750145
SC4001E0-PSG,2246,0.6729153416345719,0.6442403707601584,-0.22462677763010241,0.33231910756841265
SC4001E0-PSG,2247,0.684757730480624,0.4377233181848559,0.49338603298949996,0.631842986499838
SC4001E0-PSG,2248,0.2722341873235634,-0.1739256529660342,-0.42713984789177795,0.6653782780807159
SC4001E0-PSG,2249,0.09814495905333004,-0.0627789505261097,0.3695130545390133,0.36039754427026177
SC4001E0-PSG,2250,-0.03169079119938784,-0.4345634456066895,-0.2589863373512976,0.5371880421416654
SC4001E0-PSG,2251,-0.16291473573329698,-0.5600308530536788,-0.5536002463886331,0.14727011262286824
SC4001E0-PSG,2252,0.7513504208721196,0.42504410444873925,0.11088633507621853,0.31285125623234905
SC4001E0-PSG,2253,0.05937730310001758,-0.14970989920533823,0.5686316923832111,0.947799096616082
SC4001E0-PSG,2254,0.4298628587897602,0.07623596612270452,0.7999840325148642,0.7977721801999749
SC4001E0-PSG,2255,-0.3567936307285706,-0.8770358276756506,-0.1526483580836831,0.9308681930814725
SC4001E0-PSG,2256,-1.076726171539961,-1.5938596149207758,-0.8706480986270115,0.44553983672000724
SC4001E0-PSG,2257,-0.12273167111152841,-0.4260378987580147,0.0407255617452548,0.8862826665216781
SC4001E0-PSG,2258,0.3623946932035335,0.2576293846180775,0.756849339197021,0.8008123688469865
SC4001E0-PSG,2259,0.3405746342786385,0.19400249195722957,0.3558378236904633,1.3422896373174318
SC4001E0-PSG,2260,0.5113023667656615,0.6193776652096608,0.12881920019199217,0.6777097084518131
SC4001E0-PSG,2261,0.3062478349649586,-0.24750310456836083,-0.3261918736288168,0.7207451136852819
SC4001E0-PSG,2262,0.33607617234936693,-0.0026956872341587675,1.5393085340742227,1.82643757927513
SC4001E0-PSG,2263,0.3692392571415578,0.2794076405827229,0.25251211543921753,1.2660091641308557
SC4001E0-PSG,2264,1.1909081940509296,1.0875716626619347,1.716372730378029,1.3430250821812069
SC4001E0-PSG,2265,0.5955217583854396,0.13949287173082106,0.1438694629982238,0.6728807838603217
SC4001E0-PSG,2266,0.0823292673478381,0.12145997160885519,-0.16656203265601643,0.17451458708990378
SC4001E0-PSG,2267,0.40551947869140303,-0.12634441022542806,-0.000983249004182616,0.10305947836720658
SC4001E0-PSG,2268,-0.19339324218783857,-0.6037857554557289,-0.36487955541396627,-0.015793880205867823
SC4001E0-PSG,2269,0.529296129480125,0.2475109194839344,1.128494735499934,1.5201084748468998
SC4001E0-PSG,2270,-0.3926271031315737,-0.9626880835526286,-0.7043780393681947,0.23072272635381996
SC4001E0-PSG,2271,0.7157324883805797,-0.10127370929868108,0.516377621232988,0.284224660945793
SC4001E0-PSG,2272,0.054274691708306406,-1.164316742009587,-0.41963238386791973,-0.005753925973751554
SC4001E0-PSG,2273,0.16881176317542154,0.22601007895290934,0.40843253465553686,0.3747193770311562
SC4001E0-PSG,2274,0.009407636258719492,0.21760086293932093,-0.2429319894507231,0.5053384851286101
SC4001E0-PSG,2275,-0.034675500449218744,-0.22612558704059277,-0.11644724583425776,0.4360271848546406
SC4001E0-PSG,2276,-0.18925109090817316,-0.28003197418442677,0.3455903863715583,0.5281267960036411
SC4001E0-PSG,2277,0.07201256133661117,-0.017148444889451945,0.10133554982056334,0.8909551700112494
SC4001E0-PSG,2278,0.2993825566070102,0.44211376862806145,1.0273702066058397,1.199544285253965
SC4001E0-PSG,2279,0.48623316029909674,0.474949466097496,0.395700992678069,0.6513235948508943
SC4001E0-PSG,2280,0.387945741159789,0.3313797874050252,0.9976156740861679,0.908224320406865
SC4001E0-PSG,2281,-0.23546216207133386,-0.34891272507722076,0.3765676340626898,0.8314125995873327
SC4001E0-PSG,2282,-0.07764424172755195,-0.8115584488660228,0.6092255796297884,1.1700346114592048
SC4001E0-PSG,2283,-0.33790591350853405,-1.017274168321307,-0.3064958527258331,0.3838689530832989
SC4001E0-PSG,2284,-0.25483823172287207,-0.4821362943210967,0.13447246967092924,0.6426047999603353
SC4001E0-PSG,2285,0.5510480830899003,-0.3276059876229501,0.6139787514083844,0.5902224105261035
SC4001E0-PSG,2286,0.16946249971317168,-0.3481317816588225,-0.025803135531687473,0.7972446908513859
SC4001E0-PSG,2287,0.4352998500386716,-0.21919743023279725,0.07170307973476747,0.7645240767975077
SC4001E0-PSG,2288,0.18197474774745673,-0.5522365644080492,-0.11743367190995109,0.4706782851422316
SC4001E0-PSG,2289,0.23274496806531916,-0.3285204215158033,0.38332030919133714,1.1223826558642531
SC4001E0-PSG,2290,0.6888676319620547,0.5889678420979237,1.1209610286220968,1.096140002145894
SC4001E0-PSG,2291,1.1099717760187995,0.973213265978251,1.4721470565026473,0.8555950668024329
SC4001E0-PSG,2292,0.6428140641584573,0.15290758226511644,0.5480840165633042,0.8569424509532142
SC4001E0-PSG,2293,0.3301802022731603,0.21845361511899672,-0.11587472618022615,0.5087518405588558
SC4001E0-PSG,2294,0.27637662728031587,-0.5878957483078635,-0.0021962279291198373,0.8729067825734785
SC4001E0-PSG,2295,0.29414018630936706,0.005431794995187772,0.45744528344515084,0.2747851678266687
SC4001E0-PSG,2296,-0.44964730878027487,-0.8102194824565123,-0.4656772605135937,0.11592046325047119
SC4001E0-PSG,2297,-0.1644114228424525,-1.6102860901778147,-0.8621377561330197,0.3802789049181719
SC4001E0-PSG,2298,0.13013944149023432,-0.07913484133633687,-0.2707860645276179,0.607558814767401
SC4001E0-PSG,2299,0.9065278120632388,0.7396718868095489,1.1664769217395612,1.0605907294919263
SC4001E0-PSG,2300,0.551324085808413,0.1576964870801018,1.5587524221768752,1.628319972467103
SC4001E0-PSG,2301,0.5774956467623144,0.2005509993091154,1.1071854707145656,0.9315279911887105
SC4001E0-PSG,2302,0.37401966790315405,-0.011767072125626284,0.16157921137148223,0.9616554820090056
SC4001E0-PSG,2303,0.1413793138700299,0.0550281192027774,1.0098592525121166,1.4984347759155818
SC4001E0-PSG,2304,-0.2608129880986079,-0.07545991089379583,-0.03447289104334353,0.64983472031914
SC4001E0-PSG,2305,0.6124009879436934,0.7910090026250094,0.8865189813932111,0.7982255416015337
SC4001E0-PSG,2306,-0.29314544687849214,-0.8473662379881971,-0.5796787705718549,0.3818022922999401
SC4001E0-PSG,2307,0.5269083708107081,0.8116069265972867,0.7323841905617503,0.5127363236210603
SC4001E0-PSG,2308,0.12022345667066552,-1.1067715456518095,-0.09422443336397181,0.1517253702441243
SC4001E0-PSG,2309,0.016876606262222905,0.05200471110733363,0.6025080081949129,1.2964689551237978
SC4001E0-PSG,2310,0.4750147141249544,0.05449313854214737,1.4550649174239791,1.382650911212068
SC4001E0-PSG,2311,0.6401413599747947,0.2071293995439568,0.23880900624474297,1.1219415988108972
SC4001E0-PSG,2312,-0.11527847171163673,0.1171420647599996,0.42261276514311397,1.1159901903560883
SC4001E0-PSG,2313,0.11087972259104864,-0.40591402953615263,0.10286406352640072,0.4998986273722077
SC4001E0-PSG,2314,0.3519231840547074,0.7147518242202255,0.2765394710295265,0.7580231172520758
SC4001E0-PSG,2315,1.0803604332425054,0.8279741814742714,0.5742504459033796,0.4656022521675832
SC4001E0-PSG,2316,0.30999088478180825,0.16914054277044394,-0.11728355003669981,0.21748149059743646
SC4001E0-PSG,2317,0.7019526111006131,0.20145767394720254,0.5989424922844245,0.385614407201237
SC4001E0-PSG,2318,-0.2591019094110298,-0.7341980427303656,-0.025223519473456687,0.683658794804503
SC4001E0-PSG,2319,0.8427480118665046,-0.34928013951339854,-0.03776951787885043,1.2285533753444426
SC4001E0-PSG,2320,0.33874367530225563,-0.9752834099973319,0.2867102989013433,0.6325483104257078
SC4001E0-PSG,2321,0.9288986619705503,-0.24743164632328654,-0.3719254954631408,0.34512763874993624
SC4001E0-PSG,2322,1.353860771282131,1.0043557996888446,1.3191006852127645,1.104413472477733
SC4001E0-PSG,2323,1.2837910997034143,1.1117254401981675,1.7987994762426023,2.0421021151083356
SC4001E0-PSG,2324,1.3883927543151777,0.4540964466083719,1.3924586855147731,1.1756001857614522
SC4001E0-PSG,2325,0.5645949813732621,-0.3956322730943972,0.2646624590994314,0.7563441414700974
SC4001E0-PSG,2326,0.8382622542379967,0.610720089585956,0.6147676028329746,0.3666660395470804
SC4001E0-PSG,2327,0.7415525103345251,1.1613735007896244,0.8536326198753664,0.5756365527344043
SC4001E0-PSG,2328,1.0478470390030845,0.6067464355727481,1.1574626973302438,0.978833679549463
SC4001E0-PSG,2329,0.7728693780710366,0.024063334124129702,0.7826686232871175,0.47160542453447024
SC4001E0-PSG,2330,0.5429121783440073,0.19274938865326338,0.45054103070547863,0.6560835193255128
SC4001E0-PSG,2331,1.1628565303817517,1.2876380741289646,1.600078923557933,0.7170175410854254
SC4001E0-PSG,2332,0.6486185857096843,0.6021375356552967,0.6249238460409421,0.9969281745324614
SC4001E0-PSG,2333,0.8822652147991157,0.7808309195990433,0.4021162851291121,0.3503172347268031
SC4001E0-PSG,2334,-0.2592486411736709,-1.0641438046638407,-0.5950350630558621,0.15225993373642585
SC4001E0-PSG,2335,0.17373974590612898,0.3633532330349804,-0.4115968280771411,0.34227862024121564
SC4001E0-PSG,2336,0.6105925285966889,0.4061030080150056,0.4876136678573848,0.644740641254333
SC4001E0-PSG,2337,0.8046839204243614,1.3222977706117514,0.5531247069223044,0.39591995552253845
SC4001E0-PSG,2338,0.23745437948020057,0.4453279541922329,0.5535276354212917,0.4011219071918157
SC4001E0-PSG,2339,-0.8333603925021023,-1.0651943445365242,-0.9965941485285807,-0.03852632392543581
SC4001E0-PSG,2340,0.044222094773562905,-1.3557384583238437,-1.5370560011901997,-0.1640182421164734
SC4001E0-PSG,2341,0.3735448392827378,0.8433765004892219,0.5318598287525798,0.73440340772396
SC4001E0-PSG,2342,0.3278654841930149,0.7986167064375321,0.5101868051841838,0.8622061015204743
SC4001E0-PSG,2343,0.13263047824169855,0.4912900351240789,1.5523428257510552,1.3926737453261204
SC4001E0-PSG,2344,-0.1034946933993774,-0.4649748046565545,-0.6432624371931032,0.2666716530800252
SC4001E0-PSG,2345,0.11032812471415022,0.8907747463522707,0.717382440525917,0.6800248985522707
SC4001E0-PSG,2346,0.23685450795958254,0.27719789392649496,0.21440555064659658,0.22093880504147692
SC4001E0-PSG,2347,0.049857011618900646,0.13093646932004824,0.3157372247745871,0.5966551898227944
SC4001E0-PSG,2348,0.26266149358961016,0.9071750169770371,0.9011255354242318,0.3915995227557142
SC4001E0-PSG,2349,0.08525713088034373,0.046183732060018,0.03149374609365901,0.4920680142738621
SC4001E0-PSG,2350,0.10643115522526621,-0.38925533251552924,0.06694529581929567,0.22177514867080292
SC4001E0-PSG,2351,0.296128085556815,0.3041954491680306,-0.31511334170092903,0.3419375744994484
SC4001E0-PSG,2352,0.7205565610822483,0.6091910451386852,1.185817571732645,0.8059692416966899
SC4001E0-PSG,2353,0.0044901877146822635,0.2654454752350956,0.4875859572347452,0.12492331317376705
SC4001E0-PSG,2354,0.7625764438323619,1.5516095104545722,1.2469979967216518,0.9780976123251823
SC4001E0-PSG,2355,0.18118129451534848,0.17650621871387287,0.6868913716985665,0.8805665992521976
SC4001E0-PSG,2356,0.36460010936568965,0.182115008938784,-0.4408249995051289,0.10858890818759034
SC4001E0-PSG,2357,-0.14358800829290236,-1.37215082722993,-0.7349643064696355,0.3803464499206583
SC4001E0-PSG,2358,-0.13536419327826738,-0.8842939741434491,-1.0118260948521245,0.12625503573682087
SC4001E0-PSG,2359,0.09843766479936163,0.11449896605093501,-0.024617354610612194,0.1770830577031027
SC4001E0-PSG,2360,0.7240168342587356,0.5915356681314707,0.2988967895449482,0.3235291974011068
SC4001E0-PSG,2361,0.831812071231489,0.640096388295569,0.3902720408191531,0.32159456430934136
SC4001E0-PSG,2362,0.7234721095580062,0.343307125576353,0.9987894570074013,0.5284120040844907
SC4001E0-PSG,2363,0.31749046721221685,0.36919931817217433,0.33730957741311823,0.571318637303367
SC4001E0-PSG,2364,0.49392280564528246,0.6919208604019755,0.4342747636821513,0.11005260588808218
SC4001E0-PSG,2365,0.7951166797099932,0.46886030563253267,0.9051780168342876,1.0175935239069471
SC4001E0-PSG,2366,0.7521941506980346,0.8487251022786425,1.4386985787729094,1.4937470229302998
SC4001E0-PSG,2367,1.3965517909445486,1.4337112057531354,1.9994804492636453,1.2108810041907812
SC4001E0-PSG,2368,0.9123208157712157,1.0886645244938626,0.9350482457620393,0.4845862424738742
SC4001E0-PSG,2369,1.6562457631981196,1.4951819032213096,1.8639020864502736,1.6772345407909315
SC4001E0-PSG,2370,0.873389637479124,0.35174562980480184,1.2511444193818735,0.7970405848734041
SC4001E0-PSG,2371,0.41142871724230706,-0.6063295120077732,-0.17419316275509572,-0.07152474070859648
SC4001E0-PSG,2372,0.035295967205212754,-0.6440182939775737,0.4820974314858245,0.567656001069992
SC4001E0-PSG,2373,0.34839547208676797,0.23264284239362834,0.18222721669245845,0.17213536584172642
SC4001E0-PSG,2374,1.0265961614605215,0.9258826365830352,0.9445137541431531,0.5458719374945676
SC4001E0-PSG,2375,1.1162880365671959,1.628743667695289,2.157422067693349,1.269513038508321
SC4001E0-PSG,2376,0.047737720515320714,0.08273006334161283,-0.14657331764983822,0.43273403292406987
SC4001E0-PSG,2377,-0.2753582064937691,-0.0012586785356089709,-0.4701086584196531,0.4037839681045355
SC4001E0-PSG,2378,0.7727990256814257,0.6780622449168063,0.4012532829295066,0.8438312929128241
SC4001E0-PSG,2379,0.8901443132995123,2.085445413365159,1.3008047936534743,0.8397444561786176
SC4001E0-PSG,2380,0.6366391859293279,0.8139430223421956,0.9516017776479383,0.6456110849269202
SC4001E0-PSG,2381,0.41248053385390376,0.4409873968868352,0.3137121075736555,0.7215572317437106
SC4001E0-PSG,2382,0.05783484948696401,0.04986890194881243,0.4564551268221808,0.6860384383287251
SC4001E0-PSG,2383,0.369354320727587,0.1555083165852175,-0.1288977710833665,0.573333496205078
SC4001E0-PSG,2384,0.8289381616695938,0.09751053544313439,0.6990739644621062,0.3679640716283479
SC4001E0-PSG,2385,-0.21564904685151662,-0.24805208755742422,-0.07775034840366106,0.47484822880562827
SC4001E0-PSG,2386,0.7531559869023792,0.43571568010670625,0.8130165624551018,0.37621513274774765
SC4001E0-PSG,2387,0.10191235128004107,0.19228601302700227,0.7674135107853887,0.8807320788203569
SC4001E0-PSG,2388,0.5355558362270375,0.19823922512753564,0.7451335009202821,0.9626018617912059
SC4001E0-PSG,2389,-0.01626240617648788,0.24047868774719816,0.8017322309366354,1.2089898322510977
SC4001E0-PSG,2390,-0.2074102313610608,-0.8897419381267435,-0.11637523715159082,1.108743868102211
SC4001E0-PSG,2391,-0.5218105718667418,-0.8178422063556253,-0.6819853052479444,0.32112608386342517
SC4001E0-PSG,2392,0.12117842597077118,-0.2300615005819495,0.2509383955700335,0.800432278164551
SC4001E0-PSG,2393,0.21793034549224405,-0.6849388226133586,-0.4387580708564827,0.24456896208987636
SC4001E0-PSG,2394,-0.24312882147204515,-0.9809860440053498,-0.9464456189749952,0.33344933588718556
SC4001E0-PSG,2395,0.3279631975180104,0.3124046686372334,0.03265562160577247,0.764854769558028
SC4001E0-PSG,2396,0.5798068480348483,0.3200591242447976,1.479713158888654,1.8692728253301987
SC4001E0-PSG,2397,0.7887632997806013,0.331445637314505,1.9389600473073034,1.8787041668020579
SC4001E0-PSG,2398,0.04612999115691969,0.5972139228498516,1.9608869795052863,1.9920097476808953
SC4001E0-PSG,2399,0.6756206139627695,0.7221298787417325,1.3171372831807922,1.7372576692663024
SC4001E0-PSG,2400,1.1805761890461421,0.08944201599674304,0.5008541547310805,0.7853956439275651
SC4001E0-PSG,2401,0.07527726731767333,-0.8654410489338367,-0.059154490041097255,0.3260435489663343
SC4001E0-PSG,2402,-0.10359401804132619,-0.7550389306103281,-0.2690144608098005,0.2654212921949317
SC4001E0-PSG,2403,-0.5189076460380901,-1.0068613544679894,-0.8684297920360421,0.12916911470799244
SC4001E0-PSG,2404,0.0821772123151068,-0.6232082423744391,-0.6385220112173705,0.29113978202244667
SC4001E0-PSG,2405,1.1096582861395698,0.556942675749048,1.4094338129953818,1.5380247701506984
SC4001E0-PSG,2406,0.7541034803001014,0.47390369197006377,1.4735424411979483,1.6231509749465765
SC4001E0-PSG,2407,0.8179627725035798,0.5287358192373277,1.0908793159618495,1.8212787317480192
SC4001E0-PSG,2408,0.5323444661610607,0.12340648315408462,1.2538078758179672,1.7107585474426614
SC4001E0-PSG,2409,1.5949990661617004,1.3705833050950498,1.8325775493740915,1.8139246095601893
SC4001E0-PSG,2410,0.9350686817920278,0.8590018413574891,0.6375045057991401,0.8461263910871509
SC4001E0-PSG,2411,0.585523903360395,0.046853664934655224,0.9314313550497808,1.0036128233578758
SC4001E0-PSG,2412,0.6871553358647725,-0.1431460214167525,0.5697786957360211,0.8443856210070347
SC4001E0-PSG,2413,-0.06273857643188045,-0.5351862622795512,1.1355067814897515,1.1360193777366947
SC4001E0-PSG,2414,0.061769680825902,-0.5133376184306543,0.7226420649086668,0.9122270181469422
SC4001E0-PSG,2415,-0.542066107649408,-0.7162860524606891,0.12600208546621036,1.0411959688739816
SC4001E0-PSG,2416,0.5483436717578554,0.33016449440894213,0.9172313382876855,1.4935876246223536
SC4001E0-PSG,2417,1.10110983383087,1.0544204217686597,1.763683681931015,1.360041950318592
SC4001E0-PSG,2418,0.6399134184545391,0.9272346456313335,1.215663817458818,0.9387104731895933
SC4001E0-PSG,2419,0.3634063400891202,0.4064563668608207,1.0134767290911668,0.9692573827647605
SC4001E0-PSG,2420,0.6658912549668962,-0.5052970494421356,-1.0644469935350476,0.07214397155522609
SC4001E0-PSG,2421,0.7653459263938436,0.1025468197688409,0.258464641437147,0.5905925509834441
SC4001E0-PSG,2422,0.5354767716951495,-0.08299187471823115,-0.44519751828529835,0.28237627657763537
SC4001E0-PSG,2423,1.0738350780162251,-0.21980597009465674,0.16294890314563115,0.39635132323919864
SC4001E0-PSG,2424,-0.36176287510571803,-1.6342429339527136,-1.2663036891132,-0.02005289176757165
SC4001E0-PSG,2425,0.5099388386897172,-0.16144398016816003,-0.4348464425197294,0.13729915026349718
SC4001E0-PSG,2426,0.3544529469618425,0.8444942611972904,0.3371839089658415,0.5763454186347262
SC4001E0-PSG,2427,-0.037289213729540645,-0.1398707778456334,0.05518213341561674,0.3477300360699816
SC4001E0-PSG,2428,0.4905310871331369,-0.03560952691596104,0.09029751141426783,0.5987104969670143
SC4001E0-PSG,2429,-0.5257203261547,-1.0438415816411237,-1.2233461819923044,-0.06327689157775729
SC4001E0-PSG,2430,0.4866692495470949,-0.14860704130912822,-0.17082727971331596,0.29488804796466156
SC4001E0-PSG,2431,0.88582388640716,-0.056226448615384186,-0.049316683781684995,0.2621003093862623
SC4001E0-PSG,2432,-0.6613529671550055,-0.6197330086623996,0.05243815688701558,0.1945699761206223
SC4001E0-PSG,2433,-0.2479035363314392,-0.3459290748734101,0.04633620687650148,0.47703697195898065
SC4001E0-PSG,2434,-0.13996003978326427,-0.48046621472597567,0.48453196884541005,0.8438681735558272
SC4001E0-PSG,2435,0.428577332544628,0.8722676006602422,1.1977086391974476,0.9229730867924612
SC4001E0-PSG,2436,0.2150165982961555,0.05254515358109103,0.16253831848363623,0.5753737387194701
SC4001E0-PSG,2437,0.023830647499456563,-0.06564565088807918,0.32691201690927196,0.7465246339693804
SC4001E0-PSG,2438,0.5861579681486694,0.3275037312479222,0.3888411849911399,0.8711054294021697
SC4001E0-PSG,2439,0.62568969810065,0.42128570543839683,0.5527528299855952,0.33087530817049704
SC4001E0-PSG,2440,0.49573532315461155,0.16585729229957805,0.31364563899128783,0.34708846066508386
SC4001E0-PSG,2441,0.6052172541278399,0.3053112295308424,0.7651969018160466,1.3014379076705
SC4001E0-PSG,2442,0.7771659013219654,0.33293545761073756,1.1493095384192162,0.9202526677880603
SC4001E0-PSG,2443,0.05499061051016959,-0.41805327171805906,0.26430548993753317,0.14593311423063002
SC4001E0-PSG,2444,0.06962637824212238,0.3378154649067766,0.4224087309692085,0.6084041605005756
SC4001E0-PSG,2445,0.8445051643223126,0.26288284449060084,0.9755158343227802,0.7156580127457207
SC4001E0-PSG,2446,0.7017066821080379,0.3667174878360346,0.5325805925972148,0.5338846552720358
SC4001E0-PSG,2447,-0.20606797741998312,-0.42733170658913117,0.48291278481110356,0.38514239359524743
SC4001E0-PSG,2448,0.11904779050174885,-0.20021589142388485,0.46937617654700325,0.3435235882876174
SC4001E0-PSG,2449,0.5691000801979021,0.33121418630057087,1.53452284773563,1.4244008428772317
SC4001E0-PSG,2450,0.56979814846136,0.9737109891177385,0.5224645531942665,0.6030672308515875
SC4001E0-PSG,2451,0.3262796157103688,0.774539010153865,0.48250111063554174,0.7427012616967076
SC4001E0-PSG,2452,0.20693568184044245,-0.0018438031897289474,-0.05717476272809947,0.6458598223879423
SC4001E0-PSG,2453,0.6191511760932578,0.46803774154272043,0.7488070624735299,1.2006776347799584
SC4001E0-PSG,2454,0.9192862095118421,0.7521665840809448,0.9449889471765827,0.7685981329044506
SC4001E0-PSG,2455,0.4877719836717461,0.5348498363625774,0.3133040756221895,0.5710976855272822
SC4001E0-PSG,2456,-0.014885355132808642,-0.18038538675852392,0.2801522613095754,0.712393943229373
SC4001E0-PSG,2457,0.3023596004330829,0.5412750492927325,0.44907828850343773,0.7071185178023238
SC4001E0-PSG,2458,0.015611954032057786,0.06580909657865748,-0.20606973148582297,0.34387032117887023
SC4001E0-PSG,2459,0.5613949608673203,0.4634980697544819,0.44499559765527835,0.8436070439148328
SC4001E0-PSG,2460,-0.3566251769352817,-0.32098020229148577,0.2422231489459236,0.7215412093450944
SC4001E0-PSG,2461,0.8434243502976848,0.6906343493177217,2.727947768979168,2.251701032241256
SC4001E0-PSG,2462,-0.019809056178295665,-0.29343387779549,-0.1925967953335578,0.2658581798420858
SC4001E0-PSG,2463,0.11223013034227859,0.5077444137521699,0.28101883892259194,0.9181261056782529
SC4001E0-PSG,2464,-0.12086990517786259,0.08850550687572757,0.1703369469888822,0.8716450541898539
SC4001E0-PSG,2465,0.807111976211702,0.2863180541758593,0.7580890011910298,0.9739427612439333
SC4001E0-PSG,2466,0.6132187006817371,1.1290920716036021,0.7712256715038943,0.7869759988726575
SC4001E0-PSG,2467,0.4080481980052454,0.054339971200764635,1.284528166399494,0.8781135216423059
SC4001E0-PSG,2468,0.5395271968948322,0.09414599835204689,-0.16620887168514684,0.312283098381224
SC4001E0-PSG,2469,0.6530044965436718,0.33264461247210814,0.8452310861596225,0.4641303289399299
SC4001E0-PSG,2470,0.3008137912116635,1.040887113394265,1.0972730923294525,0.6989270523957302
SC4001E0-PSG,2471,0.41848790589999624,0.9466522370112077,0.8125698810529784,0.87907098842978
SC4001E0-PSG,2472,0.7957340743441546,0.8050572937790152,0.4027491198311147,0.5384005823039428
SC4001E0-PSG,2473,0.5597352733339571,1.1679324980697083,0.9493247451016705,0.628951736056572
SC4001E0-PSG,2474,1.0099270844232215,0.8980225930644551,0.9696432911873797,1.2523895223377643
SC4001E0-PSG,2475,0.03874295329460458,0.06442075847348856,0.1664093268378486,0.46649894398450076
SC4001E0-PSG,2476,0.93886055623442,0.5161721974971165,0.5309976164427639,0.5027710563881317
SC4001E0-PSG,2477,0.22028378384006508,0.10905603219426456,0.6812980678224074,0.23210938267178616
SC4001E0-PSG,2478,0.7101939587983359,0.6824726614429044,0.4766566965266097,0.5592232825711985
SC4001E0-PSG,2479,0.0799999848457691,-0.17148700748996593,0.05994835798176272,0.4074760826656006
SC4001E0-PSG,2480,0.08819827823444025,0.35346902843031097,0.40608836641559526,0.4267382183216702
SC4001E0-PSG,2481,0.5996055873228885,0.6432824602213831,0.4629089939280843,0.9062320594570658
SC4001E0-PSG,2482,0.19546375967279772,-0.163284553311006,0.14302363657495198,0.3984221717924881
SC4001E0-PSG,2483,0.26096847507599225,0.4730327520581544,0.05662729534416864,0.31127746971201864
SC4001E0-PSG,2484,0.9069914614413125,0.5722661198068838,0.4602660693118209,0.6982644824142329
SC4001E0-PSG,2485,0.4931193557089187,0.3810118465443778,0.9770857782119017,0.9387498967669405
SC4001E0-PSG,2486,-0.23439237394973,-0.935026911135858,-0.6736308966218016,0.000541041064077237
SC4001E0-PSG,2487,-0.1506677407452187,-0.38510803979359265,-0.9088013720503381,-0.016421534907228114
SC4001E0-PSG,2488,0.39166209775894595,0.31084341941263793,0.4868522711010086,0.7891746686431418
SC4001E0-PSG,2489,0.6069729772127433,0.06027451156999509,-0.24321966122433988,0.7753219517444475
SC4001E0-PSG,2490,0.3550468108343362,-0.31743857122224545,0.12921149939570714,0.8524534768281231
SC4001E0-PSG,2491,0.07345500076323194,0.06848222936255689,-0.15140099432677911,0.3610650994522813
SC4001E0-PSG,2492,-0.2921945799971328,0.10027124493061294,0.40050751742666124,0.216043384315449
SC4001E0-PSG,2493,-0.3103137618669934,0.38625867004720454,-0.8590341511750269,-0.25319960187791607
SC4001E0-PSG,2494,0.2689050477499465,0.6273437160857317,-0.0733115813510913,0.34877638722290893
SC4001E0-PSG,2495,0.14847122962243517,-0.5572460257666219,0.5416490943062826,0.5023290706286105
SC4001E0-PSG,2496,0.38866770425527153,0.48935666880328904,0.33301562873047613,0.8024396767434562
SC4001E0-PSG,2497,0.07852812652007465,-0.21363805264547456,0.11073697487311467,0.30510425455799334
SC4001E0-PSG,2498,0.7256486289226524,1.0724705036821063,0.650619538397289,0.3140974878101847
SC4001E0-PSG,2499,0.3018366296193066,0.43702779256869634,0.6592096164883264,0.36065202818117914
SC4001E0-PSG,2500,0.596138628241841,0.43127174479658914,0.1673155967429254,0.4868991065642095
SC4001E0-PSG,2501,0.2266157975330718,-0.500189489368223,-0.4583369129312604,0.32797668799320745
SC4001E0-PSG,2502,-0.6008934169816583,-1.5498699112418095,-0.6866804896410829,0.0801156662734014
SC4001E0-PSG,2503,-0.31295685192107076,-1.2706683992293157,0.3778374660932972,0.5747097946772896
SC4001E0-PSG,2504,0.39800915859051195,0.7740645587661247,0.8948104585360201,0.7954132498491621
SC4001E0-PSG,2505,0.3592869592397021,0.7931226301859761,0.3318395565153112,0.6511392708329782
SC4001E0-PSG,2506,-0.00041675692968173265,-0.6595232640462237,-0.21945795173942378,0.3661328342953282
SC4001E0-PSG,2507,0.2131137625163054,-0.3463544530793419,0.1938311116428663,0.4299247518875504
SC4001E0-PSG,2508,0.623761093162064,0.18774385513275615,0.39538072576339334,0.7633975514922319
SC4001E0-PSG,2509,-0.6858648865021277,-0.6793069551947155,-0.0939731411912271,0.47414362778180114
SC4001E0-PSG,2510,-0.1924362930312093,-0.44688369985196175,-0.3927721872693071,0.2708396323286977
SC4001E0-PSG,2511,0.2661054113291869,-1.0430140899639375,-0.1578138865920728,-0.004949468047519995
SC4001E0-PSG,2512,-0.3719380210963917,-0.36687170777845146,-0.11192503950693765,0.3596859253893194
SC4001E0-PSG,2513,0.1955833545780552,-0.4174040071712597,-0.4120175985762985,0.1209531197254523
SC4001E0-PSG,2514,-0.0869109822215255,-0.406733192368845,-0.8456717271546317,-0.17898498835424367
SC4001E0-PSG,2515,-0.22905364481834894,-0.7936643351595538,-0.011096862471805202,0.26933743100157753
SC4001E0-PSG,2516,-0.185009274584895,-0.5018144235555481,-0.06326429322347454,0.6561698542964015
SC4001E0-PSG,2517,0.19718154394099446,-0.054828480094278674,0.07964923204324753,0.600547171003611
SC4001E0-PSG,2518,0.14254853601503925,-0.03947660139722394,-0.37478079924016694,0.32585572720972694
SC4001E0-PSG,2519,0.20426735496765702,-0.9474150630801276,-0.7844422188519521,0.39125829372648935
SC4001E0-PSG,2520,0.15098132020307636,-0.25839559386637345,0.5528765141249946,0.7908357183489669
SC4001E0-PSG,2521,0.22884459530612036,0.251380633703393,0.31862153642176655,0.7169054123804204
SC4001E0-PSG,2522,0.8873176387891282,0.6675712869915995,0.8797209990492595,0.7518009155656968
SC4001E0-PSG,2523,0.7573357150077628,0.7253665670924061,-0.32986955913166743,0.3430191124635377
SC4001E0-PSG,2524,0.734497290555458,0.46265111440820145,0.13564399686234146,0.30466227956785696
SC4001E0-PSG,2525,-0.0514069241409097,-1.2386000443854106,-0.5571425670172877,0.2825244421756966
SC4001E0-PSG,2526,-0.4457381232549449,-0.760048539826069,0.39697212485163097,0.13102990224494487
SC4001E0-PSG,2527,-0.5772626781217819,-0.40254066980020714,-0.7342824867183676,0.007131458687672052
SC4001E0-PSG,2528,0.796137569022994,0.17126585422637625,0.05464318230782914,0.48915144518529036
SC4001E0-PSG,2529,1.5969878507143362,1.5216911897349081,0.6385263399640508,0.47180048058896457
SC4001E0-PSG,2530,0.6613613791493523,0.8855246404601078,1.6857459075275538,0.8629847218939665
SC4001E0-PSG,2531,0.8503459793109103,1.1515136802548227,1.0900178057099215,0.7445914795730044
SC4001E0-PSG,2532,0.8377221952741173,0.6459644116721021,1.1871970123646043,0.6418434236961389
SC4001E0-PSG,2533,0.6915575084036801,0.7753308186893877,0.7313989139180704,0.7089337256797346
SC4001E0-PSG,2534,-0.25573859458446174,-1.542239865783646,-0.8594637845974121,0.43224805318795695
SC4001E0-PSG,2535,-0.9078601704773516,-1.6531432570623796,-1.9259182997500432,-0.31710712201051705
SC4001E0-PSG,2536,0.3418537403089323,0.014136212372524472,0.6625199129020306,0.4934514822072627
SC4001E0-PSG,2537,-0.6167833746858196,0.08042808134754102,-0.29000849191290745,0.22855596236854517
SC4001E0-PSG,2538,-2.4090478643860362,-2.254668040367096,-1.4214228848264483,-0.08390146943279067
SC4001E0-PSG,2539,-1.6107647404018208,-1.6758604108520634,-1.1915170561950938,0.09921440917279145
SC4001E0-PSG,2540,-1.3887144766241963,-1.9050586466698383,-1.3377044456672256,0.09982916552420848
SC4001E0-PSG,2541,-0.9448431419828198,-1.323964949470991,-0.8110653238830086,0.3386629036701583
SC4001E0-PSG,2542,-1.1259067974288446,-1.918157602321439,-1.4725300453917838,0.23226621437765224
SC4001E0-PSG,2543,0.6908410309673857,0.6643749486011709,1.4438783141709959,1.2825179249181504
SC4001E0-PSG,2544,0.663971074945313,0.12967878074001638,-0.04906503368336108,0.6446264802879563
SC4001E0-PSG,2545,0.7623532122818778,0.5667690450118144,0.8474058111868478,0.8548640353773356
SC4001E0-PSG,2546,0.07678846829409039,-0.2995454792264347,0.1888852790082515,0.5367411960982635
SC4001E0-PSG,2547,0.6051399309037377,0.5189724497104059,0.7613918130184175,0.6547228136515425
SC4001E0-PSG,2548,0.29199492722709147,0.03811027056936929,0.053613793715139864,0.4639117499849189
SC4001E0-PSG,2549,-0.8123837166619098,-1.2213050297698622,-1.4216100572042178,-0.016600775982787547
SC4001E0-PSG,2550,0.3109384446017063,0.27681924117161605,0.6205292201157546,0.7081425027109659
SC4001E0-PSG,2551,-0.023055461401307042,-0.7584110846581723,-0.15091659814687677,0.6820634336267407
SC4001E0-PSG,2552,0.00885649933998914,-1.3842259134176194,-0.5394108857731322,-0.015480451182474918
SC4001E0-PSG,2553,0.32242878997011937,-0.8134383160137066,-0.040941550669292275,0.30542442108210854
SC4001E0-PSG,2554,0.17898724731861285,-1.0569161848771325,-0.22707481510546018,0.4626461055524806
SC4001E0-PSG,2555,0.42684475343097966,-0.6242011887731485,0.023170774307196676,0.869119100609304
SC4001E0-PSG,2556,0.3201059245645014,-0.8485495726422351,-0.7022408349598528,0.07682566405192288
SC4001E0-PSG,2557,0.07808278824477566,-0.8538472863675196,-0.9374729816524229,-0.03948010117129697
SC4001E0-PSG,2558,0.8797865411744741,0.29990603531910864,0.13417876440040094,0.19844548456253255
SC4001E0-PSG,2559,0.5207612429791236,1.0852458014369606,1.3366336119638607,0.5459188736820266
SC4001E0-PSG,2560,0.8030385553738492,0.9013875180209842,1.0025570833085768,0.41003678783560377
SC4001E0-PSG,2561,0.8913964404638308,0.9132865626942653,0.6476361366020197,0.7035645959197615
SC4001E0-PSG,2562,0.041413962491084436,0.46120702870648794,0.31327400712236797,0.41486984302828345
SC4001E0-PSG,2563,0.3962213202492371,0.13788729880520553,0.37032833875733623,0.5581286531197193
SC4001E0-PSG,2564,0.25437991138491767,-0.1115126943450862,-0.012115069897363504,0.3999802722450576
SC4001E0-PSG,2565,0.6861704634584163,1.0264346791614112,0.7658326790780814,0.6491736749468012
SC4001E0-PSG,2566,1.0999790838419747,1.2227898368370873,1.8314382383930774,0.815918083144449
SC4001E0-PSG,2567,0.40907270376363597,0.5117754239588321,0.7522181897391834,0.7633650899086963
SC4001E0-PSG,2568,0.7056640206020236,0.44398981534293736,0.9140084864624134,1.0948476792895965
SC4001E0-PSG,2569,1.13246979669574,0.9859560607532891,1.2617116236579407,1.0082440932025
SC4001E0-PSG,2570,0.108536646848234,-0.21746539573647727,0.6017554707264091,0.4847035754121257
SC4001E0-PSG,2571,-0.7230743490282001,-1.2175792276928465,-0.5063901202573787,-0.011305194431481707
SC4001E0-PSG,2572,0.5627018850249128,0.7046509885380984,1.4269549513952298,0.8695286505141346
SC4001E0-PSG,2573,0.6495503876313318,1.8849930269452548,1.6270839424656547,0.6704275032276843
SC4001E0-PSG,2574,0.7519557054025214,0.6724402912078556,0.5730467605229183,0.5228400509326081
SC4001E0-PSG,2575,0.33948222033212133,0.05012895111456589,-0.03488829742197224,0.8323581927477586
SC4001E0-PSG,2576,0.6122083253521553,1.1068734947066787,0.9587431616105215,0.9238193609868308
SC4001E0-PSG,2577,0.984816694493206,1.7485241644835534,2.372717259371854,1.341743560505823
SC4001E0-PSG,2578,-0.3231269856777887,-0.8980499088437967,-0.5764041423958631,0.26476740540542004
SC4001E0-PSG,2579,0.8100644123701454,0.9845500511724982,0.5436371930750051,0.4403919327641059
SC4001E0-PSG,2580,0.1851446702607527,0.260008296980811,0.7072626277082811,0.5793025067051258
SC4001E0-PSG,2581,-0.22630652447502086,0.15186471232517237,0.3294049737068562,0.7761842174400919
SC4001E0-PSG,2582,-0.1999959076761405,-0.2107178456578392,0.19918512407752276,0.3184333910399427
SC4001E0-PSG,2583,0.6138657719406827,-0.06708506522651554,0.6414872837087487,0.3279458232882793
SC4001E0-PSG,2584,-0.3523138509279459,-0.46215565471542447,0.11271528315832875,0.3407462052007204
SC4001E0-PSG,2585,0.42579230593395306,0.6191590434625495,0.6087492569929438,0.4586578830334271
SC4001E0-PSG,2586,0.14855375685457164,0.2994550318415922,-0.4662103156063405,0.43500964104924233
SC4001E0-PSG,2587,-0.8048532158691717,-0.5664400491352033,-0.23587275662189827,0.3027561986441103
SC4001E0-PSG,2588,0.6480812126332822,1.6632036994986898,1.2303821473897976,0.4769037416514956
SC4001E0-PSG,2589,0.1222239715422296,0.9838293872199279,0.37610890654589213,0.7525016976039531
SC4001E0-PSG,2590,0.41791485334446676,0.9691272274690018,-0.10686747894964167,0.1900367322736662
SC4001E0-PSG,2591,1.2929835186000056,1.0854735760746959,0.8635503092469228,0.4798646965028708
SC4001E0-PSG,2592,0.5369457854066025,0.752504329815768,0.5878272673813553,0.5725171671654913
SC4001E0-PSG,2593,0.812880525969519,1.0219154576798568,0.8324586620646403,0.4518510243823313
SC4001E0-PSG,2594,0.6903659550537944,0.33153303729444544,0.3775163599102883,0.4153399605922
SC4001E0-PSG,2595,0.14625370511150437,0.7023424789098399,0.013538607405785337,0.3179552683940826
SC4001E0-PSG,2596,-0.024901197121643154,0.8712331979386294,0.39186040980389947,0.8994074111718967
SC4001E0-PSG,2597,0.28576089159533735,1.2441287085063177,0.9079069222747336,1.10486024605592
SC4001E0-PSG,2598,-0.6048837051852815,-0.34600273873681947,-0.6670364315546249,0.1909115850126377
SC4001E0-PSG,2599,-0.18871677560856204,-0.0910364870837183,-0.4058449147209634,0.11902771461966893
SC4001E0-PSG,2600,0.08488432035161138,0.7981313336660335,0.8024885363455218,0.48948674225423755
SC4001E0-PSG,2601,-0.30713569068126356,-0.035964569488571026,-0.21564613890264658,0.21569342888555867
SC4001E0-PSG,2602,0.17714438822167877,1.2662765541865941,0.5992705284165468,0.6619508159352633
SC4001E0-PSG,2603,0.2108800816006306,-0.22182241321505425,-0.8509187483659071,-0.18428518799719212
SC4001E0-PSG,2604,0.9549002751123341,1.6573639556250632,0.8873461396759431,0.481790159644986
SC4001E0-PSG,2605,0.27008157373300556,0.6617219353120516,0.3583428886144867,0.44799631622300223
SC4001E0-PSG,2606,-0.1378995432568202,0.738968874068089,0.77034770130727,0.7396046599853533
SC4001E0-PSG,2607,0.6292450722765847,1.1580908712693079,1.09517487722597,0.29087893371331164
SC4001E0-PSG,2608,0.26149450499589705,0.6890900684982043,-0.03727796153671003,0.3151117068857758
SC4001E0-PSG,2609,0.42252497731864436,1.090934171013741,0.762237294257209,0.3827452194985378
SC4001E0-PSG,2610,-0.1975784605353768,0.827268237560018,0.33698881410847353,0.25874456717761524
SC4001E0-PSG,2611,0.22192570800226663,0.6065354321616436,0.800121441293347,0.6989822979687564
SC4001E0-PSG,2612,0.6925870126632967,0.5095842846345496,0.5233954693095246,0.4074882492833434
SC4001E0-PSG,2613,0.390163201634734,1.1090257531364858,-0.02178401010249155,0.4498959259139665
SC4001E0-PSG,2614,0.23765847341092672,1.33029985344894,1.160229129134227,0.61431858977579
SC4001E0-PSG,2615,0.5480784586392892,0.7131143590984473,0.36721411058211145,0.5375415972844451
SC4001E0-PSG,2616,-0.0973522987387186,0.9413803047509979,2.1259286155675463,0.43085549684824626
SC4001E0-PSG,2617,0.03891514539362842,0.9721993156381945,0.5637523284700361,0.6024798568145686
SC4001E0-PSG,2618,-0.1476574295619651,0.5182217648662911,-0.16953455747171864,0.6382053392985326
SC4001E0-PSG,2619,-0.9985277987752348,-0.3015894281344722,-0.7943535646777075,0.22763572074832025
SC4001E0-PSG,2620,-0.5031858039736509,0.02618884851636116,-0.23488380470269268,0.6219090727684785
SC4001E0-PSG,2621,0.09605331135811966,0.12931332188911845,-0.03199692660596249,-0.27448546111970584
SC4001E0-PSG,2622,-0.10686972921848392,0.13334109736872088,-0.5565250776643503,-0.07656708395550343
SC4001E0-PSG,2623,-0.453796778206873,-0.3008794958493146,-0.2724797323944977,-0.03862658333804591
SC4001E0-PSG,2624,-0.007889102227954418,0.6843511597443616,0.7448936536276076,0.2209556937615212
SC4001E0-PSG,2625,0.22272244911201977,-0.01637081616885383,0.19104913748151459,0.2310678295367635
SC4001E0-PSG,2626,0.6194379888120749,1.005693307419433,0.40952317003394434,0.4078063988150494
SC4001E0-PSG,2627,-0.9620148948552845,-0.25986271264625327,-0.1708177822330831,0.7457116592659788
SC4001E0-PSG,2628,-0.3340518964933789,0.9384037920716878,0.6196559250026097,0.44137472520233795
SC4001E0-PSG,2629,-0.16577019561686743,-0.04166066708790541,0.3277769350518016,0.37594323478920105
SC4001E0-PSG,2630,1.3516413211387566,2.003021908570566,2.629164742098886,1.344202361358703
SC4001E0-PSG,2631,0.758825323292444,2.127747036625986,2.249997430651331,1.1243050964025458
SC4001E0-PSG,2632,1.16268999355216,2.14851011565114,2.1435351724279497,1.0815072733166196
SC4001E0-PSG,2633,1.1985895018581398,1.8212485307781376,1.949254400935009,0.8056428045319683
SC4001E0-PSG,2634,1.2608262567887039,1.4891203119039877,1.188862944243863,0.6023046420041523
SC4001E0-PSG,2635,1.2403510364160875,2.184850148166079,2.319437877887667,2.0476362021335732
SC4001E0-PSG,2636,1.3506697333903648,3.0811362744777164,3.1080568924812377,1.408841792341996
SC4001E0-PSG,2637,0.38117269859396874,-0.2144494199899685,0.13616899792182155,1.1214463086106825
SC4001E0-PSG,2638,1.5866260309256839,2.2468223869982005,2.1458546814159627,1.5683329922581777
SC4001E0-PSG,2639,1.0646615238228267,1.1727786881884388,1.3576147799390428,1.0329723154400707
SC4001E0-PSG,2640,1.0199121120654717,2.0465075400862203,2.0587158145480293,0.5322015303695178
SC4001E0-PSG,2641,1.2241365585363035,1.2772708629966876,1.0123369378230336,0.3923240291121564
SC4001E0-PSG,2642,1.1123049657128963,1.0802983130701127,0.23136857107322398,0.40951700129012625
SC4001E0-PSG,2643,-0.71977237325071,-0.11334050055674753,0.10947408988181473,0.6944757719512464
SC4001E0-PSG,2644,-0.4586228109403027,0.4563664053813871,0.38527238830852334,0.30281125759090693
SC4001E0-PSG,2645,-0.6583305992896511,-0.2500746538751225,-0.0026728980962252968,0.2997961243103448
SC4001E0-PSG,2646,0.1998364821292388,0.21327813684940583,0.27145071529046694,0.4933559742044484
SC4001E0-PSG,2647,-0.43942543888618557,0.15160206979029484,0.535523464715919,0.3013703557850336
SC4001E0-PSG,2648,0.6521762064530545,0.2094572635391515,-0.0014489218383857872,0.33050338099900073
SC4001E0-PSG,2649,0.13864727211224762,0.8070717722279105,0.772355803688134,0.5320322435806456
SC4002E0-PSG,0,0.5316336695783933,0.9208237682378354,0.30144727158050905,0.43854893675413487
SC4002E0-PSG,1,0.9017594286286816,-0.4333535178303629,0.35514836603416217,0.056778659681250294
SC4002E0-PSG,2,0.3932715039346898,1.580151329798353,1.239964701925385,-0.3878332598478635
SC4002E0-PSG,3,1.445170045998615,2.187532740362547,1.257512103760501,1.0135616369408458
SC4002E0-PSG,4,1.0037922414550522,2.065812055562768,0.9477682177945075,0.7370233815690427
SC4002E0-PSG,5,0.902711081995477,1.0596431045345396,0.4435164217912225,0.4523269797023686
SC4002E0-PSG,6,0.22275505448330152,0.581825775921456,0.5138560351086056,0.5228913895608966
SC4002E0-PSG,7,1.0682704406584274,1.0686695808809472,0.5742624141535547,0.5949285912765486
SC4002E0-PSG,8,0.9401238516691517,1.2030653621574348,0.8674933857957858,0.8090330016253455
SC4002E0-PSG,9,0.35747867717741555,0.7594426889959786,0.6807215044120397,0.8427897840493218
SC4002E0-PSG,10,0.3697069227088777,0.4045738572974014,0.7739973150533926,0.8515247537844312
SC4002E0-PSG,11,0.15916804980737778,-1.015664689529874,-0.32100332683405325,0.3869845314298466
SC4002E0-PSG,12,0.06642931632332091,-0.2549960742365908,-0.02790605900397021,0.26918503897978224
SC4002E0-PSG,13,-0.0012638431969563704,-0.6063632129702441,-0.10661635222239346,0.3383110262309792
SC4002E0-PSG,14,-0.004731338040852859,0.10437406855059798,-0.5922520908105716,0.04349887047830569
SC4002E0-PSG,15,-0.8104576152282419,-1.40366566729228,-0.8283631583915849,0.03194198697846599
SC4002E0-PSG,16,-0.4835044519695,-1.0938110762170552,-0.5636631229821483,0.09179907455987947
SC4002E0-PSG,17,0.12092681789359941,-0.667147821818785,-0.2513491052578804,0.3748941685337419
SC4002E0-PSG,18,0.6427965902862747,-0.3484457667787712,0.285518901220932,0.437780138020077
SC4002E0-PSG,19,-0.4895833872566706,-0.9010980198523183,-0.4468572295640111,0.08450621936238428
SC4002E0-PSG,20,-0.2087803213623696,-0.7874170691680884,-0.41706343471054075,0.2234907522985898
SC4002E0-PSG,21,-0.06331195652011042,-0.36891410591252577,-0.3980949044500657,0.24679303984950032
SC4002E0-PSG,22,0.29249747137675786,0.45168368585497914,1.0371080689627106,1.348293676096385
SC4002E0-PSG,23,0.3206790762527318,0.09378424759929978,0.670855682573292,0.9838679781628942
SC4002E0-PSG,24,-0.6343739166898897,-0.7062627176518345,0.4979985147663992,0.941233487446029
SC4002E0-PSG,25,0.9139649270111243,0.21584635640403665,1.1787643892485535,1.2798057903310576
SC4002E0-PSG,26,0.015683541046567075,-0.7171220744539359,-0.27355357913793404,0.5639466282670087
SC4002E0-PSG,27,-0.7846250154496759,-1.5627975468603377,-0.6374476404691788,0.06386060658291101
SC4002E0-PSG,28,-0.8237319041608331,-1.3955679096891518,-0.9391598697603266,-0.08648813647957128
SC4002E0-PSG,29,-0.023380535741728662,0.545179490191402,-0.058104038247368484,0.40219929825050016
SC4002E0-PSG,30,0.53573200889417,0.12923736852600412,0.08339916347884192,0.45943217618127846
SC4002E0-PSG,31,0.7386434026734725,1.0340786328602236,0.9560419415591112,0.9734094664547871
SC4002E0-PSG,32,0.9524193664173943,1.5139685003361494,0.6717979314033296,0.5879873596556385
SC4002E0-PSG,33,1.0267238186949845,1.812748358141644,0.5797626453631044,0.48061272659908566
SC4002E0-PSG,34,1.3179239438314951,2.7634358501459566,2.166125834769757,1.3231754089573704
SC4002E0-PSG,35,1.3712695058826223,2.3359240185837438,1.855455599480613,0.7500411732742576
SC4002E0-PSG,36,1.1609627798782651,2.659622378080583,2.0242646758002762,1.1068939640928865
SC4002E0-PSG,37,0.8831277398311561,1.6196511766686346,1.1006142361600297,0.9780084140276246
SC4002E0-PSG,38,0.9227101990824834,1.068543675426086,0.623362343920672,0.9880573247988883
SC4002E0-PSG,39,0.689541104290586,1.0491728794809434,-0.03621435429584281,0.40427247527997967
SC4002E0-PSG,40,1.032191084662606,0.9643227808982469,0.6100116205578583,0.39195131244399867
SC4002E0-PSG,41,0.6759792912329842,1.3697699413585538,0.737088922618683,0.9502217759682781
SC4002E0-PSG,42,0.285768741043851,0.43651314424881343,0.2771103750164298,0.363151626112579
SC4002E0-PSG,43,-0.2649606678703353,-0.22478759617179786,-0.23458839701369966,0.1200535313972159
SC4002E0-PSG,44,0.7514541286554551,0.8014767704811186,0.12307169356549491,0.37717061441022237
SC4002E0-PSG,45,0.6201400549584337,1.539852561453598,0.3724844401221516,0.563711890200257
SC4002E0-PSG,46,-0.39373661188825065,0.5376231004760764,0.2706137723705807,0.5545504293494895
SC4002E0-PSG,47,0.1313728291901929,0.1245724364835209,0.5424006509496594,0.761251833914079
SC4002E0-PSG,48,-0.08853403342938002,0.015054835742171048,-0.11357598979670357,-0.11580459100831347
SC4002E0-PSG,49,-0.5592366394772983,-0.6436578024272229,-0.111308996537631,0.137026038441002
SC4002E0-PSG,50,-0.35037321704229274,-0.8964383436160795,-0.3908101129610903,0.21009012875119826
SC4002E0-PSG,51,0.11862576521974429,0.09743631154987163,0.5011963897117283,0.6298715095097999
SC4002E0-PSG,52,-0.8010992742189446,-0.582322007112177,0.19071881498506418,0.5148660099428681
SC4002E0-PSG,53,0.721718191579577,0.5223766851721775,0.26416578416582776,0.72752167292113
SC4002E0-PSG,54,-0.5197426752176177,-0.8243582082074873,0.22125961088970877,0.6484526664619359
SC4002E0-PSG,55,0.23853387416357888,0.03742743768291602,-0.2527055174226398,0.34969851166761107
SC4002E0-PSG,56,-0.3808038364450349,-0.13819419271791172,0.4269526377901467,0.7379235783539828
SC4002E0-PSG,57,-0.49018142790232866,0.22593296536419336,0.40766052236345063,0.8501628814880999
SC4002E0-PSG,58,0.5031903454305986,0.7244259347967887,0.026464943700778197,0.36457791746617485
SC4002E0-PSG,59,-0.1024024679683263,-0.16351491520074116,0.30649253228207457,0.3594185385357269
SC4002E0-PSG,60,0.07059996514048489,0.5732216580798436,0.4139839925891932,0.11972054380511106
SC4002E0-PSG,61,0.2768826938974554,0.6151347884979981,0.18661257826562666,0.39370206072430947
SC4002E0-PSG,62,-0.42067008031330744,0.45631036045720413,-0.050227287612414864,0.10011860504468748
SC4002E0-PSG,63,0.07501242992202677,0.6161135380103049,0.6721636784785876,0.7288192259545014
SC4002E0-PSG,64,-0.2894266698557207,0.3727062010186256,-0.1451358641826877,0.12597565152169196
SC4002E0-PSG,65,-0.20590152159715966,0.022223563003409656,0.26909011847531006,0.37841305310306994
SC4002E0-PSG,66,0.0010549243407270358,0.5095299704620228,-0.06386941049743006,0.30098850205691136
SC4002E0-PSG,67,-0.07372833530890614,0.5445882544049593,0.3036359677341143,0.42845324633490406
SC4002E0-PSG,68,-0.2795650703383708,0.4391201746748628,0.5036551575505231,0.5729444963400934
SC4002E0-PSG,69,-0.07405430131720538,-0.08007079294464116,0.11167038773729444,0.3662637733951163
SC4002E0-PSG,70,-0.8902330900621886,-0.131443051041055,0.30804495880514604,0.45446733830804115
SC4002E0-PSG,71,-0.9683179356277325,-0.5985765330640755,-0.43182540705228345,0.19795399829984045
SC4002E0-PSG,72,-0.16963211492493652,0.5347906433823558,0.08157452664312989,0.08502705595329871
SC4002E0-PSG,73,-0.5340966496856794,-0.920061402331775,-0.33280847158130406,0.2575739220829839
SC4002E0-PSG,74,-0.0965060130647067,0.42420528636177607,-0.1324755445679678,0.2698739568658753
SC4002E0-PSG,75,-0.1765306401573907,0.4287133256916897,0.20290992603155947,0.37663200908987454
SC4002E0-PSG,76,-0.2665841581501339,0.4613489139303529,0.12676532563948487,0.28000489073918194
SC4002E0-PSG,77,-0.041098553977673966,0.7766809748376504,0.6040191600821762,0.9601213329845992
SC4002E0-PSG,78,0.0813271559618063,0.801293366508581,0.7692731848559275,0.9919154789098754
SC4002E0-PSG,79,-0.08285743938096544,0.629172797875239,0.3918377933580223,0.7584300299326331
SC4002E0-PSG,80,0.37041785954454604,1.650839478114616,0.3733582670484071,0.4384992911540119
SC4002E0-PSG,81,-0.2715950522967572,0.13988181598126204,0.19428906841527127,0.43589764582762924
SC4002E0-PSG,82,0.2684650138773756,0.6604448308488463,-0.04972902889588572,0.37732194828653887
SC4002E0-PSG,83,0.17781152843368211,0.8031985381413839,-0.048051453841575636,0.34842343363819883
SC4002E0-PSG,84,-0.173898330011179,0.13193027793937456,0.2774715999547122,0.5656514630632608
SC4002E0-PSG,85,0.47156090300416587,1.5122419282098334,-0.3525015395741465,-0.1604082015472038
SC4002E0-PSG,86,0.0014644507948022765,1.0489649311600178,0.06572284769750451,0.7450831062713734
SC4002E0-PSG,87,0.2377070529291408,0.7412704859177953,0.03283097432254968,0.45821593915005326
SC4002E0-PSG,88,0.4380722550410453,0.7019929837219311,0.06318175926726578,0.6662053289670719
SC4002E0-PSG,89,0.44315922569983535,1.9085327866095823,0.3179540367372044,0.3391385736171869
SC4002E0-PSG,90,0.686520705704484,1.691767046514581,0.1234564258929889,0.026398412329622176
SC4002E0-PSG,91,0.40368838530038975,0.9967565545938598,-0.20690868334213028,0.0285527354210951
SC4002E0-PSG,92,0.334633233487118,0.5428608898550983,0.7453210250418681,0.6211756066456815
SC4002E0-PSG,93,-0.40515182617824136,0.4858396312842522,0.15426912615054522,0.6590535832033255
SC4002E0-PSG,94,0.07938880582632099,0.5981841741891125,-0.7931250528692069,-0.13833030186334766
SC4002E0-PSG,95,-0.499715574512104,-0.4243897076442634,0.13443765936332017,0.1881664909213808
SC4002E0-PSG,96,0.02266853530526378,0.8121104954652287,0.08079395155730572,0.25126422434520335
SC4002E0-PSG,97,0.8267792650916388,1.5956028232923674,1.1030050711821637,0.7013102164011531
SC4002E0-PSG,98,0.6080765151894713,1.073257938709274,0.98162684866097,0.9709468378050873
SC4002E0-PSG,99,0.633969010282721,1.5185153018028206,0.6285878400903141,0.47571678470812484
SC4002E0-PSG,100,0.5629098223767368,1.166390408383889,1.839887229646913,1.3856043969574319
SC4002E0-PSG,101,-0.20079487251768305,-0.304625194386448,-0.474337377978026,0.18284678069245064
SC4002E0-PSG,102,0.19051845607358417,0.127897523496221,-0.4492332055199345,0.23009725273405
SC4002E0-PSG,103,0.33832484064652724,0.26908005119194545,0.6576519212539306,1.006579810850235
SC4002E0-PSG,104,0.39771756874876313,-0.15775846738978838,0.8459715896433125,1.0894928252134803
SC4002E0-PSG,105,0.45598795627682487,-0.7348803198091617,-0.3953289447184573,0.19168373352087317
SC4002E0-PSG,106,0.7540958445759205,0.4736034544555967,0.42776086243858097,0.6919270184151719
SC4002E0-PSG,107,0.7933306677674851,1.0436166854804971,0.7835843408957636,0.7282259930068372
SC4002E0-PSG,108,-0.03826442371308008,-0.8981533971876492,0.7768198471034276,0.744784780477496
SC4002E0-PSG,109,0.6376943897047961,0.49101036495181066,0.5942500143548696,0.4156988088243177
SC4002E0-PSG,110,0.8809917984420095,1.4433926358853055,1.5197088790764086,0.9526240231776876
SC4002E0-PSG,111,1.2181337826369112,1.2859974670663057,0.9994410323497008,0.854595857650396
SC4002E0-PSG,112,0.8947368918722146,1.593184831687588,2.733012141976406,1.802310796564124
SC4002E0-PSG,113,0.46229875479778626,0.13716564317548144,0.8212087508618294,1.158800322666057
SC4002E0-PSG,114,1.074373827110142,0.7495449699967689,0.6535753203036526,0.5893921252514714
SC4002E0-PSG,115,0.9344904592234639,1.0792308833761362,0.7436081764057734,0.6524126390739582
SC4002E0-PSG,116,0.85050090944578,1.273831982081085,1.5503796444756894,1.197809965225101
SC4002E0-PSG,117,1.0623940832919114,1.1321545960632913,2.4573339847595865,1.907234892886088
SC4002E0-PSG,118,1.076352847149783,1.0977431377405276,1.2293584485649767,1.1191956465652928
SC4002E0-PSG,119,1.280235420255933,1.5348296308885354,1.0047151793130995,0.6058921943679779
SC4002E0-PSG,120,1.119580092252246,0.9821201660888009,0.7084472608182268,0.7134943441521043
SC4002E0-PSG,121,0.43112489639187734,0.3188954720987056,0.1690104931116477,0.5231183903555076
SC4002E0-PSG,122,0.4904961949359545,-0.06790388267823166,0.22783514815257083,0.4374256742344327
SC4002E0-PSG,123,0.8821552700394689,0.3098610481263484,0.8798921296477789,0.8448755440614691
SC4002E0-PSG,124,0.4901692815635569,0.3658061775950266,0.4865983689869314,0.6785230652699403
SC4002E0-PSG,125,0.30366849205786606,-0.2930323546079538,-0.12690925019544952,0.4172629285941576
SC4002E0-PSG,126,-0.03695413290976821,-0.2865756093308097,0.023380220670604655,0.22608169230870753
SC4002E0-PSG,127,0.20575472886597337,0.663703870923357,0.8396296977527116,0.9135522908568224
SC4002E0-PSG,128,0.5499953823838459,0.8094250166999704,2.3245079072352106,1.669401362689282
SC4002E0-PSG,129,0.4630918097172037,1.2353491281206705,2.2110824277561587,1.6129982034570438
SC4002E0-PSG,130,0.33637586113311135,0.22701423125377002,0.5177579476988033,0.5213878548474992
SC4002E0-PSG,131,0.4798302105698095,0.3506571964902842,0.7002506104078642,0.3594376327182522
SC4002E0-PSG,132,0.8246177563383714,1.8929066120067948,1.7496694514503242,1.4272587820220064
SC4002E0-PSG,133,0.8830648321454354,1.0742624665543288,1.4921038664058286,1.2985025832918027
SC4002E0-PSG,134,0.521976744791764,1.0076096413498457,1.062583312291045,1.122983285920954
SC4002E0-PSG,135,0.6128587421732129,0.8264071586254755,1.8271813701925357,1.571637101699464
SC4002E0-PSG,136,0.9219813114754949,0.4401550640096323,0.33145490273752737,0.7418991618392781
SC4002E0-PSG,137,1.1215331189409927,0.6182543072179422,0.11403003089121572,0.6916481782040261
SC4002E0-PSG,138,0.48696859502265644,0.49631470824271406,0.4241672455048975,0.4841076055562504
SC4002E0-PSG,139,0.422603143931279,-0.375784144108001,-0.4572987833879576,0.5705887584530749
SC4002E0-PSG,140,0.2701509569469759,-0.7658367170688831,-0.5361869477516735,0.12210540743010581
SC4002E0-PSG,141,1.0700840521813957,0.2371313462396652,-0.24257529841036532,0.5426351731787281
SC4002E0-PSG,142,0.46031747564575043,-0.37230124649724816,-0.09778688086066342,0.43850354190015683
SC4002E0-PSG,143,0.2962364997806291,-0.3549315558983714,-0.38802564759015495,0.21500719389893092
SC4002E0-PSG,144,0.4999710773308851,-1.0398667669589519,-0.45096707305743605,0.2608414649710827
SC4002E0-PSG,145,-0.007255233306363471,-0.2710688866438483,0.09695095253617189,0.24873122897563862
SC4002E0-PSG,146,0.3816847608026452,-0.33835343805694634,-0.4440559121505457,0.5551666178835176
SC4002E0-PSG,147,0.8560822381366331,0.5048643848234642,0.17508389429903565,0.5204011406452913
SC4002E0-PSG,148,1.0191396616171828,0.8885354968228926,0.3397816592156653,0.1788674798108175
SC4002E0-PSG,149,0.63117905129391,0.5525578247138183,0.1101149282014045,0.3634035074332606
SC4002E0-PSG,150,0.4583341085042753,0.5222169249628662,0.11113479751221575,0.19837782669588505
SC4002E0-PSG,151,0.6743311261727363,-0.25429290293793283,-0.08260023823731412,0.46969000137431477
SC4002E0-PSG,152,0.5899347447248033,-0.13670037013434175,0.19343136925014567,0.3572835660078116
SC4002E0-PSG,153,0.3992087689768977,1.0660617971509248,0.7400267176098408,0.37689122042898
SC4002E0-PSG,154,1.4818763068030119,3.4850347387653136,2.3872581878249868,1.2831223520669672
SC4002E0-PSG,155,0.13528720265797406,-0.14068584852575677,-0.0775230524689696,0.24621464997811515
SC4002E0-PSG,156,0.6480176206210694,0.19959745130273693,0.20910633838218043,0.8704354137263498
SC4002E0-PSG,157,0.2758099431440409,0.2616500661020305,0.14091122934336953,0.6106586362175005
SC4002E0-PSG,158,-0.16655144318752207,0.02858661237546766,0.29286733487391825,0.6341256234186567
SC4002E0-PSG,159,0.6196517956608287,-0.2826045597011525,-0.0962723008526854,0.4142170561553232
SC4002E0-PSG,160,0.6064635295913725,0.608667014111389,0.47612354043277866,0.49190074186688953
SC4002E0-PSG,161,0.1923261640052608,-0.350553685532099,-0.6174858384441241,0.32324604608098584
SC4002E0-PSG,162,0.8559776411429333,0.37953272951301725,0.09627285814637213,0.4675925434970865
SC4002E0-PSG,163,1.2089783284599367,1.1559687603846318,0.8090361608555255,0.6725304862121099
SC4002E0-PSG,164,0.7236517289564981,0.2759419608908956,0.2578456080861251,0.45816500346700256
SC4002E0-PSG,165,-0.2835892403327563,-0.18102652012545917,-0.35185278122983826,-0.04576780885279151
SC4002E0-PSG,166,0.8269927150849931,0.24382703556611163,0.22938340875680838,0.45442358392748666
SC4002E0-PSG,167,1.074024884921587,1.1819178868873785,0.7820345696578878,1.0069050603627956
SC4002E0-PSG,168,0.9896794824653019,0.9669770423032226,0.6870193868878482,0.5605234716714181
SC4002E0-PSG,169,0.5450097560107758,0.8081143438610487,0.5164499215402536,0.4279520363610975
SC4002E0-PSG,170,0.33012036337638273,0.7174120862882837,0.3452720561884679,0.6037492304415791
SC4002E0-PSG,171,1.0050869647084515,0.8081405047141559,0.5464881467878464,0.7274017534065298
SC4002E0-PSG,172,1.1051525919846306,0.3421766436255653,0.8028584391066464,0.4801738903257655
SC4002E0-PSG,173,0.8132717109096256,0.8719688402497231,0.47043328450281635,0.7102381649562246
SC4002E0-PSG,174,1.0951048080983474,0.9271778826648926,0.7508795367469914,0.8926207238645564
SC4002E0-PSG,175,0.7264234369232887,0.9024967923093506,0.23771794506732838,0.3663921150065742
SC4002E0-PSG,176,0.7126775062639907,0.6601565679496898,0.6368947649105361,0.5782461060551288
SC4002E0-PSG,177,0.8889525862843874,0.7684738647093148,0.22831275373002288,0.28894448203841094
SC4002E0-PSG,178,0.9660406912103294,0.7120292646822423,0.6308679610505549,0.4355813765852217
SC4002E0-PSG,179,0.032330293155885044,-0.3197168217084371,-0.09702374988271308,0.17425623349976757
SC4002E0-PSG,180,-0.3549340173722428,0.11624019524816216,-0.6444830303954175,0.023354601739864356
SC4002E0-PSG,181,-1.2656091945566195,-0.5121976486367416,-1.1237094924677973,-0.4036385065548225
SC4002E0-PSG,182,-0.4245885290410199,0.3094122043884174,-0.8184939452496028,-0.36281547210656556
SC4002E0-PSG,183,0.6492506295619341,0.9660390809530851,0.38533237092607386,0.19949170713526243
SC4002E0-PSG,184,0.4497982022520958,0.01144597644477658,0.20727173775651178,0.28673325098019925
SC4002E0-PSG,185,0.5943666183567045,0.19339661814058726,-0.5079906360328817,-0.020120328162221313
SC4002E0-PSG,186,0.6225967570720673,1.420493995064741,0.0380675435291396,0.010018735560591484
SC4002E0-PSG,187,0.4619351202128115,-0.024573365405521873,-0.10185169167715735,0.19928986555235204
SC4002E0-PSG,188,0.1768877561068505,0.4226698193045608,-0.4021087172364034,0.12850498644223496
SC4002E0-PSG,189,-0.0853377786916971,-0.3788930938312551,-0.1789254340160548,0.40995218496004177
SC4002E0-PSG,190,1.0204028002264085,0.23445626563040523,0.24134406907688694,0.5556794608489128
SC4002E0-PSG,191,0.2524450027593509,0.35242726997865065,0.309535392542228,0.584897744038158
SC4002E0-PSG,192,0.5521391129851322,-0.0493629569587607,0.07316689908261946,0.28407323543152097
SC4002E0-PSG,193,0.028866228600728454,-0.4273963764750681,-0.036673453699065724,0.2858517834192988
SC4002E0-PSG,194,-0.07566821752835885,-0.05243368979256673,0.266163677915706,0.6226505271622335
SC4002E0-PSG,195,-0.7051477296289393,-0.6751081064391443,-0.1627550154572412,0.6321270338275425
SC4002E0-PSG,196,1.0211890008801028,-0.0412532769587659,-0.029998306269202992,0.33131812569061625
SC4002E0-PSG,197,0.9437209146251617,0.7856329523675643,0.2165208093589467,0.4933926792148238
SC4002E0-PSG,198,-0.5251540494009426,-0.05207641376516077,-0.28130077123635094,0.22744004117598113
SC4002E0-PSG,199,-1.1811619409842475,-1.0025976926281892,-0.9374805529236606,-0.413109081382979
SC4002E0-PSG,200,-0.9380447172443843,-1.7296492245323043,-0.9924399953471351,-0.35777312832815417
SC4002E0-PSG,201,-1.1180617023397046,-1.7790595928870736,-1.545809214918948,-0.5275773313471573
SC4002E0-PSG,202,0.2172029603099091,-0.8177539495630993,-0.7149592744207293,-0.34987660561327494
SC4002E0-PSG,203,-0.8487783354707077,-1.1263225998633215,-1.0076491523843722,0.17880651520699833
SC4002E0-PSG,204,-1.6402189432658525,-1.2892250727482495,-1.4960294283746396,-0.44607545366180107
SC4002E0-PSG,205,-0.14675440934000242,-0.8367132930581662,-0.6549481137292141,-0.08157069752620547
SC4002E0-PSG,206,0.43029053206215057,-0.830448404635468,-0.584898347960153,-0.0560929513899845
SC4002E0-PSG,207,0.4376020274450885,-0.6460662719996775,-0.6108588516932245,-0.04965878579542705
SC4002E0-PSG,208,0.14677431333226124,-1.0028423133760602,-0.46440436140076324,-0.00256084172912192
SC4002E0-PSG,209,-0.981695292630016,-1.4074490389945675,-0.7575786882418776,0.026405324014253804
SC4002E0-PSG,210,-0.5206557984154021,-1.1182417097406394,-0.6708574266832703,-0.29313731054710734
SC4002E0-PSG,211,0.8910319194060161,0.5659799501332609,0.5329497937329832,0.6343980699819772
SC4002E0-PSG,212,-0.20570932505131173,-1.1320944194230775,-0.5962759947936253,0.25676415661156
SC4002E0-PSG,213,0.41609871766979445,1.3677677857753296,0.1723815761887742,0.38936117414003035
SC4002E0-PSG,214,0.8681954317907756,-0.24565775244525928,0.8078457265625617,0.8085136133200609
SC4002E0-PSG,215,0.3835296101349574,0.2675836678344826,0.07744981763373185,0.22529182968496345
SC4002E0-PSG,216,0.6437522724843954,0.6533463730854173,0.17354152838115985,0.31407993225391684
SC4002E0-PSG,217,0.7201509670503038,0.11531399604207888,0.0025197692754845504,0.2342234006484913
SC4002E0-PSG,218,-0.4126300277552463,-0.9033073947380159,-1.218461774431445,-0.36928987859503815
SC4002E0-PSG,219,0.5626607360006535,-0.2522645117900663,0.2536026948466772,0.580210567341967
SC4002E0-PSG,220,1.1452958104745947,1.0926709641257637,1.9994898366834526,1.7922612585344961
SC4002E0-PSG,221,1.4130802209702367,1.6094156918445957,2.067655986220685,1.5507904423336678
SC4002E0-PSG,222,0.7555469385832215,0.6730379976019136,0.3266519486790839,0.623533933033107
SC4002E0-PSG,223,0.9636970785605954,1.5366890483962086,0.311558019549225,0.3073356783365521
SC4002E0-PSG,224,1.3719639717654994,1.2121162103855845,0.034568909737659276,0.35218493954260655
SC4002E0-PSG,225,0.9572967640538701,1.4753515586259383,1.63706574448942,1.5410447857326135
SC4002E0-PSG,226,0.8674169970254857,1.1761945408753598,0.8501195466342483,0.9061798321964453
SC4002E0-PSG,227,0.10302440726644585,0.4244442472355688,0.3012699028106106,0.8266994254830704
SC4002E0-PSG,228,-0.7757105516291365,-1.2651543108864693,-0.5656426468609081,0.34811147345770915
SC4002E0-PSG,229,-0.15141222369277144,-0.08370782202699999,0.6370122701414649,1.045131393600676
SC4002E0-PSG,230,0.5312700654743813,0.6314978326410956,0.47425718766871233,0.5220792415250951
SC4002E0-PSG,231,-0.16639281721153118,-0.40452119327876807,-0.4521705126671176,0.3852387424024713
SC4002E0-PSG,232,0.42909664680578286,1.5785990524674798,2.260839842792559,1.9775987660082202
SC4002E0-PSG,233,0.9814382968084883,0.8071362687343642,1.5959684798402234,1.6791347838234454
SC4002E0-PSG,234,0.6794564808958441,0.7184265111309912,0.6964028649614585,0.47916249819525913
SC4002E0-PSG,235,0.4592435931318433,0.07013665216296876,0.14419447760945778,0.2806558127864643
SC4002E0-PSG,236,0.8696676992456306,1.5040272934830485,1.5831677604396526,1.2718676186570126
SC4002E0-PSG,237,0.9607124558750033,0.42702686131306694,0.16294706958695324,0.5464916215638291
SC4002E0-PSG,238,0.8432930228853304,0.5649838687770334,0.4450543669314102,0.41630835942383654
SC4002E0-PSG,239,0.701663467588095,0.9700596080418168,1.179280524613921,1.0473755853578617
SC4002E0-PSG,240,0.816153004604055,0.9901746526829407,0.8732762668062687,1.0386050778795202
SC4002E0-PSG,241,0.8742304173457216,0.9023399764461006,0.920763693120389,0.7239437668629733
SC4002E0-PSG,242,0.7216077256480733,0.7456836086593279,0.18065266775104133,0.3580814613704291
SC4002E0-PSG,243,0.9011597066464309,0.991093472232506,0.7368482206853362,0.5158754117479075
SC4002E0-PSG,244,1.1036559741376015,1.3659627426851868,1.0902822577006424,1.2894146000220867
SC4002E0-PSG,245,0.6802357741374568,1.5161027837419025,1.3039877070455306,1.36858145578621
SC4002E0-PSG,246,0.7179427342853533,0.8727048920205155,0.926897071482312,0.8356183998664641
SC4002E0-PSG,247,0.628938993843943,0.6728487651714148,0.8333678494082544,0.5658774757395633
SC4002E0-PSG,248,0.6307858647467077,0.889251046024047,0.2715932304851429,0.685151268211748
SC4002E0-PSG,249,1.2482528557811206,0.8699609045068482,0.363061636139865,0.43861189431536
SC4002E0-PSG,250,0.9668510395665711,0.9272758016813796,0.6175556700346311,0.5530105796931865
SC4002E0-PSG,251,1.00285648602613,1.0627647806847356,1.0379223577993055,0.7914703390728199
SC4002E0-PSG,252,0.8620756107402171,0.994228616701759,0.2709144371202317,0.6475682974892869
SC4002E0-PSG,253,0.7465186777465024,0.49857532889008466,0.07443425899892131,0.38996271825870726
SC4002E0-PSG,254,0.6591513580655098,1.0001141303179626,0.7294143056340288,0.46678009241092516
SC4002E0-PSG,255,0.6967399178185963,0.34326807884113064,0.48362107649431413,0.5229969022726328
SC4002E0-PSG,256,-0.092257383682945,-0.7817885746882853,-0.4670474848310011,-0.02470711789766121
SC4002E0-PSG,257,0.6388754893223072,0.904957971523835,0.2529949413189789,0.36954627473195056
SC4002E0-PSG,258,0.5824479727942942,0.8392178685421212,0.2089669538838071,0.56403319594876
SC4002E0-PSG,259,0.14449454831173458,0.795270013174283,0.3021378112977842,0.5290590720524512
SC4002E0-PSG,260,-0.2038974269419386,-0.6398209722825046,0.2951311989244148,0.15769381050251755
SC4002E0-PSG,261,0.5823976167306669,0.2524419919815682,0.06266211381696689,0.2455564561720605
SC4002E0-PSG,262,-0.36501386786014417,-0.5826093600489044,-0.9154497378970698,-0.15376530941261318
SC4002E0-PSG,263,1.0887474428604755,1.2412442964633807,0.7880634736700739,0.6211966599963861
SC4002E0-PSG,264,0.34441794845473156,0.44779243312935246,-0.17571245126243146,0.11220114926453068
SC4002E0-PSG,265,0.29207694655891403,0.16914482922348925,0.02175904683084002,0.4825165221408346
SC4002E0-PSG,266,0.7216712812153111,0.4592587926177923,0.17875845712570232,0.5132659693431293
SC4002E0-PSG,267,0.040063431462576175,-0.28413105517347664,-0.29738080805085776,0.45235245977259875
SC4002E0-PSG,268,0.6340845023791024,0.6238029580649752,-0.27084065934962326,0.47037991412282965
SC4002E0-PSG,269,-0.3562875596940937,-0.29995890421471794,0.0433576710572413,0.3926144993493126
SC4002E0-PSG,270,0.4583643664115541,0.7597566240181325,0.1063152495001452,0.361161911898072
SC4002E0-PSG,271,0.33621622390837574,0.6626122326058951,0.575273696396426,0.9467920781640717
SC4002E0-PSG,272,-0.3459392716109377,-0.08093669712423433,0.5300761710531932,0.7118972666407754
SC4002E0-PSG,273,-0.0690809641498834,0.2039985193039419,-0.6373649828677366,0.07486409277043841
SC4002E0-PSG,274,-0.7270991083076566,-0.23924456244187606,-0.40163708880025945,0.12912343925615305
SC4002E0-PSG,275,-0.9155249232269397,-0.2335401306787347,-0.17785037127833092,0.6348624125400141
SC4002E0-PSG,276,-0.7052719384560663,0.3160544328071183,-0.21486319807472307,0.5066649509479468
SC4002E0-PSG,277,-1.2576740341824448,-0.5275577364194763,-0.2929624822838691,0.48605350860819235
SC4002E0-PSG,278,-0.720948296324496,-0.05014386335986912,-0.08070991335907145,0.44314603084158916
SC4002E0-PSG,279,0.16344207899555233,-0.2722538513526012,-0.6716686093892748,0.17681413743760738
SC4002E0-PSG,280,-0.09580992099878047,0.3431733828854762,-0.3564405122617139,0.05532949856675045
SC4002E0-PSG,281,-0.13598543666393165,0.3821653839517724,-0.3068392721066795,0.14241053664102934
SC4002E0-PSG,282,-0.6929227637160642,-0.08510530878322262,-0.7695137455062678,-0.06291350597587037
SC4002E0-PSG,283,-0.5842091814633125,-0.25240933400950333,-0.5132404836554025,0.41343033319174793
SC4002E0-PSG,284,-0.23399756747833328,0.0695305283029792,-0.37481577413836353,0.6571352353693019
SC4002E0-PSG,285,0.27506633491233556,0.8529715417553686,-0.22632570300512173,0.16927528975126732
SC4002E0-PSG,286,-0.7452291640457861,-0.061291425910963315,0.1886469169492929,0.8476752852147774
SC4002E0-PSG,287,-1.1448530740557261,-0.7727789191982933,-0.43336690196558264,0.4927695666186562
SC4002E0-PSG,288,-0.20841880327737372,-0.30908999111125246,-0.906327190640454,-0.018757109098411356
SC4002E0-PSG,289,-0.19432224118772548,0.42393639025423696,-0.9660064597060489,0.24226655453637003
SC4002E0-PSG,290,-1.0264073724060578,-0.15584515692444606,-0.24548747210684757,0.22731739020717578
SC4002E0-PSG,291,-0.32581735876422935,0.8325616058228053,0.8674676541961226,1.1635737566834967
SC4002E0-PSG,292,-0.11329127987002933,0.5802446106252407,-0.6634226171102648,0.11749921108946058
SC4002E0-PSG,293,-0.26752879598218215,0.32649129224612083,-0.8497819108489795,0.02149543115560994
SC4002E0-PSG,294,0.3833580944187298,0.37385022084484354,0.036672317378046604,0.7069515601930452
SC4002E0-PSG,295,-0.3978622659378291,0.35950183786859624,-0.03532250518054985,0.47166946248015634
SC4002E0-PSG,296,0.13055429254398274,0.028350892500381118,-1.447236902877933,-0.30252327610247703
SC4002E0-PSG,297,-0.6189406997494333,0.034439188588759835,1.0298143518894127,1.0488804141815806
SC4002E0-PSG,298,0.14963762117605528,0.1929008682911162,-0.9595142867095993,-0.14670262503829742
SC4002E0-PSG,299,-0.2409305610654667,0.7208847499557678,-0.7089312559907183,-0.39612750778584005
SC4002E0-PSG,300,-0.7269034979908968,-0.6988384035374292,-1.4775811400977454,-0.42825371201487955
SC4002E0-PSG,301,0.023021643413683894,0.5512987894420636,-0.5845988939529324,-0.1316805301293717
SC4002E0-PSG,302,-0.3315512340434964,-0.4911418489732666,-0.8046699889498516,-0.17143328649942796
SC4002E0-PSG,303,-0.6848954113986934,-0.39120357494237035,-0.8425906637906007,0.08052601737570388
SC4002E0-PSG,304,-0.6410987522583371,-0.3349051927254741,-1.1269742131625216,-0.16400942010606515
SC4002E0-PSG,305,0.304173954942169,0.5754201861837054,-0.6336992628498678,-0.06243682961640226
SC4002E0-PSG,306,0.6556472623068276,0.8802100364388602,0.3168893704878195,0.34327884666784364
SC4002E0-PSG,307,-0.8365476294499968,-0.19031639907463302,-1.2179476110499772,-0.28232723173423
SC4002E0-PSG,308,0.06555729926012838,0.3683021805918267,-0.143324900938917,0.33152020001692073
SC4002E0-PSG,309,0.7725687950029808,0.8538832585170029,0.4484307605696326,0.8176396780036329
SC4002E0-PSG,310,0.545784399988968,1.700412393441867,0.37080975707592945,0.43017636809088367
SC4002E0-PSG,311,0.6739497661147344,0.6962087499632351,0.7598404234605401,0.7287875990101318
SC4002E0-PSG,312,0.5135538746515135,0.42476948207495835,-0.10769284070857893,0.2870291256697497
SC4002E0-PSG,313,-0.5119503144180323,-0.6292607195202082,-1.0134615373224607,-0.15110325725273327
SC4002E0-PSG,314,0.17240106209510078,0.7402868857000529,0.581721757025847,0.49880049531019216
SC4002E0-PSG,315,-0.03493307650332249,0.005774592005878869,-0.8468320733172167,-0.12433027972327682
SC4002E0-PSG,316,-0.6829847822788767,-0.5200960753193252,-0.21617635552126938,-0.11959334693793963
SC4002E0-PSG,317,0.5067360335848362,0.2651335483018836,-0.4106694391662325,0.32670966070590285
SC4002E0-PSG,318,0.10040351387846927,0.22007710643224676,-0.2392552031213319,0.18951448952656558
SC4002E0-PSG,319,0.1446784702386438,0.5103194029897246,-0.06285440940084953,0.11237928661317945
SC4002E0-PSG,320,0.5991484894695851,1.0040612080779772,0.33265452798809403,0.4952734626897371
SC4002E0-PSG,321,0.8459627718355066,-0.02607658294423291,0.0533090248660337,0.3361356840772215
SC4002E0-PSG,322,0.23864522963530216,0.2138118137817326,-0.058210493204533295,0.3073332936124608
SC4002E0-PSG,323,0.24786760547517292,0.07413760668564826,-0.18378908359592558,0.3078392253359126
SC4002E0-PSG,324,0.4631536022621884,0.31216105676352707,0.3852678662764558,0.6642990268025186
SC4002E0-PSG,325,0.12170448189909566,0.4711843934479246,0.12794349976869326,0.37347883389760694
SC4002E0-PSG,326,0.5997883011832686,0.6836347643199147,0.40198739332076733,0.5620709024707893
SC4002E0-PSG,327,0.5945132061615793,0.6448672419074362,0.9147942306596394,1.234215959598326
SC4002E0-PSG,328,0.7568267373360053,1.4076250345942503,0.5193249244050323,0.831332100015016
SC4002E0-PSG,329,0.3620082861769028,0.22268729260874578,0.380367957061987,0.7639813110756667
SC4002E0-PSG,330,0.008448907615105748,0.30639020321455857,0.4406428678732634,0.9531792676248064
SC4002E0-PSG,331,0.04689184850199543,0.10174100463227134,1.1056741153928717,1.1581914179311839
SC4002E0-PSG,332,0.6404490726569066,0.41468759700938035,0.47353408238851163,0.6206449209078884
SC4002E0-PSG,333,-0.026277328526405203,-1.365922008543724,-1.2415911149673604,0.012125046961059534
SC4002E0-PSG,334,1.0555521451909538,-0.03662784031607191,0.16782814671377538,0.5771536910719944
SC4002E0-PSG,335,0.47484969777236086,0.8174325269239998,0.7297183862903861,1.0007566184383652
SC4002E0-PSG,336,0.9119605542366827,1.3710767317272006,1.4035861950873398,0.974813026336276
SC4002E0-PSG,337,0.012067360773564085,-0.6458973714991072,-0.8507596120672792,0.4344190509716992
SC4002E0-PSG,338,-0.06765774398958545,-0.461944714814781,-0.5817008373524007,0.12818879271279415
SC4002E0-PSG,339,0.8451399279623748,0.7686077423097358,-0.39199885391366235,0.1862553292983673
SC4002E0-PSG,340,0.473439627022704,0.8904310772646602,0.4549385088814954,0.7393260847521084
SC4002E0-PSG,341,0.6116582958184635,-0.15796791652401584,-0.15455150518176203,0.10153995057044064
SC4002E0-PSG,342,1.1915488811741273,1.1306340963975456,0.5879858667783491,0.6886833738611842
SC4002E0-PSG,343,0.8385566841471158,0.5407443068004874,-0.020274437222424876,0.2539200128928336
SC4002E0-PSG,344,-0.19936593438677486,-0.3819581357006203,-0.6665327649599355,0.19786622130184064
SC4002E0-PSG,345,0.4960661876071547,0.41402314608046253,0.8652001208906673,0.6107803352847772
SC4002E0-PSG,346,0.4125465383644286,0.38879713585706394,0.6657006178968172,0.8604840895106703
SC4002E0-PSG,347,0.4093623383880689,0.5375709703940836,1.2296682150052543,1.0588618253471058
SC4002E0-PSG,348,0.40220683153627157,-0.0065901816306452535,0.09943181752561325,0.3137573897752084
SC4002E0-PSG,349,1.1359138016683727,0.7511705929093498,0.9763560811614741,0.36030643233037474
SC4002E0-PSG,350,-0.4810425641461905,0.05900687760688809,-0.7110327905481384,-0.17586301237260085
SC4002E0-PSG,351,-0.10407734570618232,-0.3337514313534417,-0.6664979792016347,-0.1590183669748383
SC4002E0-PSG,352,0.5341917582695794,-0.2478292727660234,0.14956948211935003,0.426067082518235
SC4002E0-PSG,353,0.6605383169988682,0.8942033188118571,1.8416806790868578,1.4197624974060437
SC4002E0-PSG,354,0.8196295965102545,0.6034205654498521,0.02201384718888992,0.5650803250572991
SC4002E0-PSG,355,0.5757253878303105,0.09185347741436367,0.3287807164552628,0.6013195817507994
SC4002E0-PSG,356,0.2711490959831057,-0.060121774955549434,-0.03838559390125839,0.1424590394316844
SC4002E0-PSG,357,0.7695552984540796,1.5491101741131477,2.51402060281966,1.5971019826561004
SC4002E0-PSG,358,0.27468578162075413,0.11303016172895426,-0.016243627711641485,0.2800618912363117
SC4002E0-PSG,359,0.9370614462394758,0.33422795863559324,0.22656450959469823,0.33049080832498207
SC4002E0-PSG,360,1.0514110228422953,1.0299760171023797,2.0311532954744713,1.9668007167432757
SC4002E0-PSG,361,0.8518868362305819,1.3008355068773128,2.1177674743147006,1.9248036749539421
SC4002E0-PSG,362,1.0540406469149324,0.9524300285934384,1.4575267015419529,1.714185283397989
SC4002E0-PSG,363,1.1257392704566171,1.3688233343255132,1.4225338486745438,1.2021359270386633
SC4002E0-PSG,364,1.1912044981918526,0.9112964172575598,1.8793204396506886,1.5595091389063807
SC4002E0-PSG,365,1.0760900188263978,1.0359922362675933,2.0203389109011223,1.6382953321155853
SC4002E0-PSG,366,0.9980299439432103,-0.2417684880508397,-0.14125513197651682,0.4072333350327429
SC4002E0-PSG,367,1.3976384008594704,1.2056203442602558,1.96692549805862,1.745704883016492
SC4002E0-PSG,368,1.1215537512389697,2.156122645572069,2.1456583281192705,1.6936981233844752
SC4002E0-PSG,369,1.2993694431928071,1.2069741169457453,1.5212464152428773,0.7740041082612525
SC4002E0-PSG,370,0.517226363596922,-0.34025672072038454,0.4212662482660359,0.384862562154748
SC4002E0-PSG,371,0.20505302996918065,0.32570946158805475,0.16818609742919594,0.27173827058595107
SC4002E0-PSG,372,0.5844945473801209,-0.15209365057321664,0.0717547378512477,0.29360299997982175
SC4002E0-PSG,373,0.12230976846008543,-0.5498770894429396,0.12043838522935492,0.20550418052288597
SC4002E0-PSG,374,-0.06306216063450146,0.065025509477042,-0.3433523332633604,0.19204484290606053
SC4002E0-PSG,375,0.03918820735225404,0.04455971737058459,0.6499641730368986,0.5016416343778096
SC4002E0-PSG,376,0.12559645134002723,0.18843562839651798,0.43027407407570284,0.5689097081050427
SC4002E0-PSG,377,0.3035053281829764,-0.10892628224739836,0.579956729140066,0.7462053230353987
SC4002E0-PSG,378,0.6654987133820133,0.9245858057670855,1.773843863050058,1.7717093103383252
SC4002E0-PSG,379,0.9612955794140604,0.8507933771988818,1.8422269015874957,2.0281997322353624
SC4002E0-PSG,380,0.7033157853720376,0.9814568680532192,1.4937859087787715,1.6833956789966533
SC4002E0-PSG,381,0.6591000265301161,1.6509032860298138,2.7611360694277485,1.9006003554504296
SC4002E0-PSG,382,0.6722387503883316,0.7970434597420194,1.7487649171600173,1.470623538109331
SC4002E0-PSG,383,0.7998205838074295,1.0530786237225176,1.7720430060684726,1.5100077422670761
SC4002E0-PSG,384,1.0781498371574862,1.321999904360456,2.628149367528981,2.0407823600470896
SC4002E0-PSG,385,0.5082282129090094,0.48275360726129596,0.9882136721212407,0.8616305980043837
SC4002E0-PSG,386,0.45214024235858635,0.20097414693149757,0.0878781037346617,0.3189256355744057
SC4002E0-PSG,387,-0.3692331736714609,-0.440321721044404,-0.1882863437388075,0.11845848222382228
SC4002E0-PSG,388,0.8248211373957591,0.25626055826404043,0.36367418394919104,0.5358440612008258
SC4002E0-PSG,389,0.6976293168019482,1.0389216657561908,1.5855380557984031,1.2593664671992348
SC4002E0-PSG,390,1.3431172504813698,1.2730680147398319,2.0075980089940137,1.5447077621655854
SC4002E0-PSG,391,0.541836900488997,0.29548972430441345,0.778221437704898,0.8999908898082757
SC4002E0-PSG,392,0.6050522204493859,0.8849288511740153,1.2697629641818715,1.241610820094436
SC4002E0-PSG,393,0.2066102518182395,0.8054804358309879,0.8535550101009043,1.077384895692754
SC4002E0-PSG,394,0.6780140019511167,0.19002395770970962,1.1365384037777273,1.0843823105477304
SC4002E0-PSG,395,0.8482781903854364,1.3542539313249184,1.4008642215284917,1.2930799746664265
SC4002E0-PSG,396,0.5013669739188463,0.5388658005956668,0.28121575566038715,0.4968279640402461
SC4002E0-PSG,397,0.28218434527740177,-0.6637306678102298,-0.046443735996767106,0.44320874468909993
SC4002E0-PSG,398,0.458443922833109,0.3049687309091375,0.049227574153941564,0.5384921142088188
SC4002E0-PSG,399,0.5451776253635287,0.769835092560211,0.24189342685432366,0.5931465461911292
SC4002E0-PSG,400,0.4676422137904685,0.7954736927394247,0.9377032777901939,0.8103438889785656
SC4002E0-PSG,401,0.1438741837247546,-0.14299208269535366,-0.019322999505618662,0.46050411837861854
SC4002E0-PSG,402,0.45186863492552426,-0.3129975765509562,-0.461083394775618,0.39373392456413725
SC4002E0-PSG,403,0.7630854310653419,0.4968324795973069,-0.0277463387373415,0.6516050352051526
SC4002E0-PSG,404,-0.34504183467921046,-0.4369156495695032,-0.5159505152747611,0.18488363558282894
SC4002E0-PSG,405,-0.657735993586795,-0.22529137848200118,-0.21266505549359718,0.43852635753249536
SC4002E0-PSG,406,-0.5012203759074809,-0.3204722706139468,0.20867441084226243,0.8424657320808755
SC4002E0-PSG,407,-0.11563707965156447,-0.6637209082684455,-0.4771693087244516,-0.15758759551366333
SC4002E0-PSG,408,-0.1353528116807115,-0.31845308019559077,0.1265137298466256,0.35357539237801394
SC4002E0-PSG,409,0.06759355638273185,-0.39051315401985554,1.0461573021657602,1.1364584276534393
SC4002E0-PSG,410,0.8650097817335027,1.611528514425412,2.8095759148245403,2.242891938686027
SC4002E0-PSG,411,0.24305614538000625,1.0564676413366818,2.1300855585711305,1.6452605908714062
SC4002E0-PSG,412,0.34517601542998155,1.1258364742457112,2.039172884813367,1.7647114123625067
SC4002E0-PSG,413,0.7374089418082512,1.3638199039376455,1.690984392697517,1.600523644602588
SC4002E0-PSG,414,1.0959169496370678,0.628734329403567,1.3554587415937833,1.348324035745066
SC4002E0-PSG,415,1.0006994983562592,0.5534306076601315,1.0594069445315881,1.2537366709008153
SC4002E0-PSG,416,0.5717742043363484,0.9056292698635756,1.0358553880910353,1.020752537177854
SC4002E0-PSG,417,0.9065747903292031,1.114056341182858,0.8114452544173705,1.049544890078897
SC4002E0-PSG,418,0.7651330115370414,0.7377947067207913,0.3381123419676462,0.5623072120567904
SC4002E0-PSG,419,0.5592684680656911,0.17193905803916348,0.5367200461379895,1.0415224252244832
SC4002E0-PSG,420,0.04175851306759212,-1.0310464520220461,-0.16689443939583037,0.5647964077882875
SC4002E0-PSG,421,-0.3411708471779462,0.009191897536905119,-0.12285871119103643,0.27264810746061174
SC4002E0-PSG,422,0.22475108865425059,0.2661864206363754,-0.05251978960410829,0.30005518266086423
SC4002E0-PSG,423,0.7152767774476337,0.42825936090257555,0.5340719929277051,0.5468321556273641
SC4002E0-PSG,424,0.0927848598403048,-0.22607448372768676,-0.035932595620186365,0.19026329772574274
SC4002E0-PSG,425,0.5477658427119628,0.5665870366912104,-0.08812256655809611,0.6210403868614489
SC4002E0-PSG,426,0.586545604807611,0.2833314858782382,0.5914005260608484,0.630258872211657
SC4002E0-PSG,427,0.41288749425413107,-0.05028116974349559,-0.03115975558149417,0.6513449312164896
SC4002E0-PSG,428,0.2163998813886474,-0.5506190335641605,0.4595513775029371,0.42764625994860245
SC4002E0-PSG,429,0.16350740537474867,-0.46071656344303585,-0.16644003810018698,0.3989226184320257
SC4002E0-PSG,430,-0.0642748242747196,0.25855254973242137,-0.4248731039790768,0.4376631602016889
SC4002E0-PSG,431,0.5727998374146227,0.6763306535085034,0.14826027561854516,0.8370375357262609
SC4002E0-PSG,432,0.4720980417419005,0.2140390986215471,-0.07741519813541478,0.523319006461079
SC4002E0-PSG,433,0.3464044800574756,0.05176197768659006,-0.1563067541335424,0.27167479603128664
SC4002E0-PSG,434,0.4724219878084888,0.04700590000632075,0.7793490494991512,1.0963407136620482
SC4002E0-PSG,435,0.333880110165609,-0.1571355422428921,-0.040717992477658664,0.19053143567188272
SC4002E0-PSG,436,0.6055658012425678,0.7711111018267693,0.7334364128069929,0.955639769670422
SC4002E0-PSG,437,0.13333682755891874,-0.44235555696410883,-0.19194700584733804,0.3628477038619376
SC4002E0-PSG,438,0.617160228217161,0.35260796146560053,-0.14076757022274577,0.47866507248788476
SC4002E0-PSG,439,0.4074208770344607,0.18508556993435918,0.23338830702512386,0.4235451808757171
SC4002E0-PSG,440,-0.19985812101805517,-0.7955643613672069,-0.440236763009822,0.04852154820718057
SC4002E0-PSG,441,0.8627853985058659,0.3494679220223307,0.1582912532385507,0.632822004960929
SC4002E0-PSG,442,0.0001937158589132874,-0.20477758860908712,-0.34852600221017677,0.2581709675662247
SC4002E0-PSG,443,0.69068093286787,-0.21778907189693547,-0.07795055399136328,0.22732017364245552
SC4002E0-PSG,444,0.6350611086443336,0.4405999527520186,-0.13024573203293624,0.5089465291340984
SC4002E0-PSG,445,0.7450332951850038,0.8159605125243495,0.6799078462191708,0.8649422093174727
SC4002E0-PSG,446,0.5019572890858227,0.062224640237933115,0.15569478918033247,0.5365364202325675
SC4002E0-PSG,447,1.0683387242135214,0.9212224721100564,0.9514678161200423,0.7615669047657949
SC4002E0-PSG,448,0.0013904424744779751,-0.7728017783630425,-0.4324946822846756,0.30753039171820057
SC4002E0-PSG,449,0.8484960733719871,1.4377893448582435,0.5681571707338804,0.5415266147732839
SC4002E0-PSG,450,0.5479113413684863,0.06537582265786905,-0.6665219157518844,0.1885063927603612
SC4002E0-PSG,451,1.0753160341353467,-0.2508012747085728,0.20721477947705358,0.6789037767572305
SC4002E0-PSG,452,0.4106968606868912,-0.12765562448948628,0.11275448584182306,0.3945710700911705
SC4002E0-PSG,453,0.45331096462443404,-0.3583378322700744,-0.3478461461042951,0.1838310504276935
SC4002E0-PSG,454,-0.12083874097101634,-1.027641292671014,-0.33131673709700643,0.2764469604558725
SC4002E0-PSG,455,-0.0742557544487676,-0.798552377001397,-0.4395449245454994,0.1648474450862841
SC4002E0-PSG,456,-0.24592350965717003,-1.1454060757231748,-0.6549633233408224,0.10219245816821429
SC4002E0-PSG,457,0.47879036006924414,-0.33325667532462516,-0.005843085560145317,0.6093329767627591
SC4002E0-PSG,458,0.26498387697975057,-0.12158012347790792,-0.002356799738066965,0.4087083456424616
SC4002E0-PSG,459,0.09381433545192709,-0.891629714826905,-0.7734274345886979,-0.012771234799594498
SC4002E0-PSG,460,0.23238081500227858,-0.03933207137253951,-0.1432425753525906,0.5284782134754857
SC4002E0-PSG,461,0.32204521369957184,0.600233963749443,-0.2015364799948596,0.35135441532461864
SC4002E0-PSG,462,-0.016752687799354158,-0.4333099642099987,-0.3616003400228814,0.3055746270068104
SC4002E0-PSG,463,0.5526446546451237,0.8069723644192631,2.6425755341085804,1.772356811554613
SC4002E0-PSG,464,0.6143845853233824,-0.04269811874548967,1.1388884218890807,0.917380579925047
SC4002E0-PSG,465,1.0967670653388657,1.1576989187763465,2.356834898897744,1.8297509728620704
SC4002E0-PSG,466,0.791902408610376,1.2870701105117353,2.462983400520403,2.024197508763448
SC4002E0-PSG,467,0.38415468592435326,1.3113658528221976,3.0898657127124727,2.3995421836544475
SC4002E0-PSG,468,0.5914026174751225,1.4915906753421213,2.2179227086972486,1.8891927184740882
SC4002E0-PSG,469,0.6701552599859393,1.140144724530619,1.1943081212472986,1.1374395047338812
SC4002E0-PSG,470,0.003876307235069697,-0.2763420288741653,-0.385341703460176,0.14223669293437166
SC4002E0-PSG,471,-0.257613627304758,-0.7939798635229344,-1.0602688701413114,-0.3904641326103092
SC4002E0-PSG,472,0.2585191191246233,1.3985804374647388,-0.05183564016222178,-0.02202825775358593
SC4002E0-PSG,473,-0.6614027949391608,-0.18245243137358608,-0.7649548002826438,-0.4789982673538653
SC4002E0-PSG,474,-0.4052079833168493,0.5493765493911379,-0.7279931413923938,-0.5363132995168088
SC4002E0-PSG,475,0.10453842279759662,1.3373528003842052,-0.007934259741670576,-0.43739329868855203
SC4002E0-PSG,476,-0.22591285977611633,0.2892455975196501,-0.5297927616780094,-0.34115587773260814
SC4002E0-PSG,477,0.3815855095088268,0.8437626709051392,-0.05093042807342871,0.2850324751185336
SC4002E0-PSG,478,0.7017144472190423,0.9670130076467799,0.11788601931021583,0.15110703633770395
SC4002E0-PSG,479,-0.09815861287315537,0.9028930495826977,0.06400854162635282,0.49141528366031145
SC4002E0-PSG,480,0.339850465557912,0.15605666356962944,-0.11799285323202385,0.47130598412376745
SC4002E0-PSG,481,0.2973534976787888,1.3256756667486098,-0.3701340643916236,-0.4324162593085625
SC4002E0-PSG,482,0.42182445187522577,1.49694670315888,-0.6857180296481182,-0.41591774271454635
SC4002E0-PSG,483,-0.04736037439326123,0.43311882821584585,-0.47411642847669216,-0.17959782564955346
SC4002E0-PSG,484,0.0904276120193006,0.41107064133501914,0.1551331791230364,0.6314422999392693
SC4002E0-PSG,485,0.2289319696685175,1.5877844504889773,1.3655100838171572,1.2570240924503127
SC4002E0-PSG,486,-0.1688939397039397,-0.004763631987761441,-0.25239584448794045,-0.07712774275431795
SC4002E0-PSG,487,-0.12805563828207853,0.7687238931910427,-0.7773363709312681,-0.5721269892101498
SC4002E0-PSG,488,0.40589557465913534,0.35548129656659666,0.543221280211702,0.6068105352150711
SC4002E0-PSG,489,1.1604102100887037,1.0889909207498985,1.179267652907025,1.1789914980337404
SC4002E0-PSG,490,0.13529241923935864,-0.6806917322341058,-0.323341255205362,0.15606462243903663
SC4002E0-PSG,491,-0.0837844040363107,-0.7817799473782502,-0.14942583499803175,0.3646676029476087
SC4002E0-PSG,492,0.022300467362049967,-0.5377366463460708,-0.5405893764156099,0.2437576520586838
SC4002E0-PSG,493,0.32340422333475516,-0.2601726157159664,-0.024006675997674386,0.41439156852642106
SC4002E0-PSG,494,0.26286423081206195,-0.5033894753073929,-0.06384696759248393,0.2541652917558235
SC4002E0-PSG,495,0.07297551325821082,0.2843196186305385,0.3244771183663678,0.5758566119130764
SC4002E0-PSG,496,0.22365416089402465,-0.11384075585412938,-0.06314843059773832,0.34893283665453156
SC4002E0-PSG,497,0.16221675097207983,-0.7796551364973887,-0.7197491082436647,0.48036496791306854
SC4002E0-PSG,498,-0.28774641544036944,-0.8512038403815007,-0.9591401910020012,-0.17582523064638017
SC4002E0-PSG,499,0.20557852388756195,-0.2550571441396988,-0.6119825698259321,0.14289627646392433
SC4002E0-PSG,500,0.2394399864186639,-0.048307398769614145,-0.07462909237900182,0.47723276291308125
SC4002E0-PSG,501,0.31155519815419086,0.8988791068110579,0.4691487072083428,0.4632042980343594
SC4002E0-PSG,502,0.2767321851130165,0.025152419005638162,-0.17352501556244715,0.36467989794134836
SC4002E0-PSG,503,-0.0872365980420287,-0.29239142167432247,-0.8708118546109984,-0.23435146124498002
SC4002E0-PSG,504,0.0793395568352394,0.18944101375892625,-0.2709818370824865,0.14515916708798862
SC4002E0-PSG,505,0.408739251501711,1.4993662671393952,0.3474551308761916,0.3633549996128678
SC4002E0-PSG,506,-0.9138983184800842,-0.42072893889899715,-0.11071377508879958,0.4752056420882643
SC4002E0-PSG,507,0.26570596642349087,0.8167177556466182,0.6265536733715732,0.9209448818505411
SC4002E0-PSG,508,0.1013598695137638,0.507103593734124,-0.04846421037449644,0.314765841786691
SC4002E0-PSG,509,0.5486949967148173,0.3382357502701736,-0.18988055989986444,0.5414146988097929
SC4002E0-PSG,510,-0.8369689042676447,-1.1563369960725178,-1.271010989728547,-0.18106283010232818
SC4002E0-PSG,511,-0.6749427599415803,-0.455984578541253,-0.6872731140875458,-0.0018389164960207144
SC4002E0-PSG,512,-1.0679631924159558,-0.8556666945897927,0.15415662299529373,0.7213397607517188
SC4002E0-PSG,513,0.20618115032589654,0.7704981894638736,-0.03291083273998264,0.11148106875315951
SC4002E0-PSG,514,-0.42788565873021195,0.24576986598761896,0.36226834360854715,0.25587929126734793
SC4002E0-PSG,515,0.18674755613026314,-0.1718466069823966,-0.729336844875557,-0.04207285571275026
SC4002E0-PSG,516,0.4101615079669948,0.9480145972203605,-0.2680554497174338,-0.5791329974313176
SC4002E0-PSG,517,-0.19855168816809066,0.23984420832655567,0.262372369726067,0.48219933441691076
SC4002E0-PSG,518,0.22582469621623982,0.8238149401803074,0.0646209733494094,0.17238257607821222
SC4002E0-PSG,519,-0.5360362707311779,-0.01774385130656766,0.2128233739705181,0.7837041484324152
SC4002E0-PSG,520,-0.6320217969106673,-0.19951577743942073,-0.1200604762557148,0.5435161012005159
SC4002E0-PSG,521,-0.3214413869743576,0.41902292182631196,-0.3015163462572097,-0.06635001945150232
SC4002E0-PSG,522,0.003318274947725843,1.1438870364130433,0.15610257075664133,0.49350033403193083
SC4002E0-PSG,523,-0.029673600065907937,0.29494150173451494,-0.34586633083525964,0.25039192259836085
SC4002E0-PSG,524,0.21427767775220619,0.32208528665336467,-0.5395740226554595,0.18307109479931363
SC4002E0-PSG,525,0.41479259105585475,0.23008564568683115,0.1715633970335912,0.3118562516212341
SC4002E0-PSG,526,0.004768554804417097,0.13207012042063324,-0.015348091937315398,0.3992593312278659
SC4002E0-PSG,527,0.537168677130889,0.7526706117398579,0.3016729828556031,0.4607445850152076
SC4002E0-PSG,528,0.6038921419788859,0.219289835248497,0.24315627623569588,0.5833130439572649
SC4002E0-PSG,529,0.7718554061560963,0.6811365527644944,1.0006913867864693,0.7648819108235257
SC4002E0-PSG,530,0.5578962545508735,0.8228215687374659,0.4382110807475473,0.6704219581402042
SC4002E0-PSG,531,0.25562948278484837,0.07864538373446366,0.2734068088308928,0.5098558571591227
SC4002E0-PSG,532,-0.07709957451849171,0.20418515809036988,-0.033081849550079735,0.7310512888749093
SC4002E0-PSG,533,0.26109774152050186,0.3282544639916452,0.8231734641341331,0.9017155615861702
SC4002E0-PSG,534,-0.3263582420347632,-0.9625789094987203,-0.2557726973540091,0.5027673534419457
SC4002E0-PSG,535,-0.7053468438702039,-0.5977194113292927,-0.33400555388112313,0.4004509783349034
SC4002E0-PSG,536,0.6859264619368973,0.7319129297772407,0.49400577009113006,0.6665443205888427
SC4002E0-PSG,537,-0.45690314417046807,0.12033752282648755,-0.7819645853986799,0.05396216736833086
SC4002E0-PSG,538,0.256902095851286,0.20159071115936217,0.41045253512242846,0.4583605951802753
SC4002E0-PSG,539,-0.10875804335107185,-0.6907473141008553,-0.16979201763052715,0.5439669993084827
SC4002E0-PSG,540,-0.26047595731830303,-0.06794946963258808,-0.3516028695991649,0.45973342381425764
SC4002E0-PSG,541,0.09720552244386417,0.3725918832372277,-0.03340991214574402,0.3969686338729641
SC4002E0-PSG,542,-0.2719398757780033,-0.5659809435281576,-0.9642100707757594,-0.06819045999177109
SC4002E0-PSG,543,-0.2288462689053472,-0.8496630877109947,-0.44544858537107745,0.24668550996658078
SC4002E0-PSG,544,-0.06713373504489271,-0.2241020347696605,-0.24316167491516105,0.1842004740461061
SC4002E0-PSG,545,0.15785484096136362,-0.2623439323665342,-0.4534835174858512,0.2652221174838431
SC4002E0-PSG,546,-0.08075882894737935,-0.614561303892872,-0.5061333020827407,0.07469117009523703
SC4002E0-PSG,547,0.6182175313408717,0.3420200498337777,0.06048008893848245,0.44062522385858405
SC4002E0-PSG,548,-0.2577772096345915,-0.1640240318452129,-0.48361837177212263,0.19111252213702093
SC4002E0-PSG,549,0.10345744634082965,0.1896809920466032,-0.0004932677779544804,0.5972193193316245
SC4002E0-PSG,550,0.2938630629066415,0.034105399728352206,0.15752507809391164,0.35777907777272905
SC4002E0-PSG,551,-0.17195080512329863,0.6631477357796653,-0.42785668741470817,0.18647550680597705
SC4002E0-PSG,552,0.046155332081857715,0.08184736768841808,-0.2805069846503194,0.2903598751780895
SC4002E0-PSG,553,0.00908964524018942,-0.12682271127044561,-0.27128202325153583,0.32523155517195557
SC4002E0-PSG,554,-0.6963047238289565,-1.2317885703167912,-1.1528690152218457,-0.024009908700140897
SC4002E0-PSG,555,-0.9763224840104088,-0.6121405540912627,-0.7610540203044149,0.029818444671269418
SC4002E0-PSG,556,-0.2266283021618547,-0.7513611811391693,-0.03702111283751892,0.09559580307124228
SC4002E0-PSG,557,-0.11198609030090086,-0.47930093997759005,-0.0957873479548728,0.4794966089573868
SC4002E0-PSG,558,-0.37775560846798933,-0.6694955407080211,-0.5203670984367328,0.25217230512095773
SC4002E0-PSG,559,0.3838665236763105,0.11293806286777326,-0.07205510527486285,0.311393261649157
SC4002E0-PSG,560,0.06430151754313478,0.09841200196747861,-0.28120867812689515,0.16839044402821488
SC4002E0-PSG,561,0.7357570352366406,0.6896908443069273,0.6481077071464114,0.5450220757583742
SC4002E0-PSG,562,0.0758002859005817,-0.8358662710022366,-0.5966376855067823,0.16107241847100842
SC4002E0-PSG,563,0.32783585039197,-0.005596489666916936,-0.19530953002584908,0.41704716483390647
SC4002E0-PSG,564,-0.042903456918056124,0.3008854405070308,0.05578633625587177,0.5188701836282322
SC4002E0-PSG,565,-0.3408285472052041,-0.4562327012378889,-0.9874579300606208,0.0017827748137426765
SC4002E0-PSG,566,0.5070194387840926,0.6341113419707464,-0.07773692764423923,0.4630222305860069
SC4002E0-PSG,567,0.5983738757810476,0.13376689874852046,0.13171112456746947,0.3586569288783364
SC4002E0-PSG,568,0.1055251764350504,0.04798852663057817,0.37494993976149876,0.9992503102998967
SC4002E0-PSG,569,-0.20164089030079868,-0.8070133195105585,-0.5350683471279045,0.2598995978235234
SC4002E0-PSG,570,-0.8247891770888413,-1.1164603222441505,0.4589924325278851,0.8153419560454014
SC4002E0-PSG,571,-0.6511977639334281,-0.18126978216906073,-0.3946873672005632,0.49221662385485815
SC4002E0-PSG,572,0.2207559544680225,-0.952505802336746,-0.5956293626362646,0.18219109946248288
SC4002E0-PSG,573,0.013207527268165629,0.3004867778385118,0.07977658424050023,0.6422804176065278
SC4002E0-PSG,574,-0.6233097471769004,-0.89788991741776,-0.3069062782719407,-0.040177626519481875
SC4002E0-PSG,575,0.41538136331358483,0.055816047186188655,-0.17210022475566597,0.1797147513696649
SC4002E0-PSG,576,0.2933060477235002,0.25804550004176685,0.13395540834131167,0.3092214505525493
SC4002E0-PSG,577,-0.6639801734303024,-1.3814033445981884,-0.6741809949402681,0.15963058120687731
SC4002E0-PSG,578,0.29177071502461865,0.020511060299306848,-0.03771137281308444,0.5625792334788071
SC4002E0-PSG,579,-0.3867035240285322,-1.1488211975015399,0.18477125336392283,1.0419502954396127
SC4002E0-PSG,580,0.38024347750409976,0.2560392729764311,0.9454931913552689,0.8954710664460972
SC4002E0-PSG,581,0.5592797174800538,0.22842476461616487,0.46213517249114333,0.6703617563055456
SC4002E0-PSG,582,-0.9338695083995847,-1.2124745374506163,-0.7033453862971589,0.04397367502775188
SC4002E0-PSG,583,-0.2069250392471848,-0.921655245211237,-0.5446126827899369,0.20941866827192646
SC4002E0-PSG,584,0.26698515592048977,0.7060635720737767,1.746563711953737,1.4568524621406236
SC4002E0-PSG,585,0.34059361733761967,0.4820601731852551,0.0733574441450592,0.36997836981366533
SC4002E0-PSG,586,0.5229770376558258,-0.5387907383225673,0.1574306031576309,0.4124658310586674
SC4002E0-PSG,587,0.20426700634298284,-0.21634203976212743,-0.12796282285306032,0.4615537174538724
SC4002E0-PSG,588,-0.10700046150469429,0.13822814105563141,-0.09964826958999344,0.2820312475805888
SC4002E0-PSG,589,0.3428802283586484,0.03204513639923484,-0.19135814669229478,0.35226937533244423
SC4002E0-PSG,590,0.45886411328235266,-0.02770120009516895,-0.037665715858488324,0.6078263272049016
SC4002E0-PSG,591,-0.5029528746715053,-0.48062067150475285,-0.49546670142656146,0.302536800284312
SC4002E0-PSG,592,0.09083896791135158,-0.5063706052538028,-0.5399348574602842,0.20418516493397862
SC4002E0-PSG,593,0.015529202086278162,-0.050882092414472904,0.18625095125804747,0.4162137936521547
SC4002E0-PSG,594,-0.6363363077303458,-1.215861571810765,-0.6196976828683005,0.02784252362756264
SC4002E0-PSG,595,0.3713502970135709,0.7717229740387151,0.8587334274333775,0.9405720226343313
SC4002E0-PSG,596,-0.40621062252259005,-0.6182913432096864,0.03621336037832071,0.627264178089816
SC4002E0-PSG,597,-0.333693458357813,-0.3583988323952293,-0.43915223993753016,0.5951130581769031
SC4002E0-PSG,598,-0.8185595992677829,-1.3810840659596615,-0.9539463663960152,0.2364971932878084
SC4002E0-PSG,599,-0.40011987062243615,-0.934048249630944,-0.3933597378055903,0.4615523637995034
SC4002E0-PSG,600,-0.40891679372441797,-1.0374291651967138,-0.4545366718785603,0.3426572843682936
SC4002E0-PSG,601,-0.5924862216705461,-0.6755321764043988,-0.09195486601262967,0.5399657939056645
SC4002E0-PSG,602,-0.6695726005292528,-0.7191172475587322,-0.1951210807755973,0.5184825664915664
SC4002E0-PSG,603,-0.3188757176947487,-1.1116185754657637,-0.5220757542432795,0.37099259661685724
SC4002E0-PSG,604,-0.41598616783913084,-1.1112350475530672,0.10545657032631708,0.5622417277169878
SC4002E0-PSG,605,-0.10550569332031307,0.43877986319949386,-0.014388188865769902,0.45815894032773335
SC4002E0-PSG,606,0.2760692584188049,0.2689279535314197,0.1637350461844761,0.6968013212933771
SC4002E0-PSG,607,0.27891129948498555,0.11960728812254441,-0.14677743741250712,0.4717273921687857
SC4002E0-PSG,608,-0.8085359007083427,-0.9583347717123714,-0.765557793395159,0.10860823252142882
SC4002E0-PSG,609,-0.24019051441612116,0.23601805644247453,0.401073331053453,0.6403384526809628
SC4002E0-PSG,610,-0.6726654423264997,0.28593458203712896,0.31268662177014195,1.0017243417370463
SC4002E0-PSG,611,-0.21007966937856445,0.5974431867658175,0.808149831595355,0.9573061643852387
SC4002E0-PSG,612,-0.11680117743051845,-0.12693673768582578,-0.038150944458830806,0.6605821516598867
SC4002E0-PSG,613,-0.11280222610958088,0.5400721249465174,-0.15220139417444553,0.4844776189950705
SC4002E0-PSG,614,0.1478864918000678,0.17978968241761578,-0.01373443072530211,0.29515372742472545
SC4002E0-PSG,615,0.5392856109701093,-0.08869069031255282,0.04653171408418951,0.7569030149892203
SC4002E0-PSG,616,-0.19960317984947945,-0.692021696762646,-0.5889960847189278,0.10922977249919505
SC4002E0-PSG,617,0.16271063956383613,-0.18352932847195944,-0.06278728932520623,0.8092292194347602
SC4002E0-PSG,618,-0.053122965608391234,-0.2184642496651071,0.5315289769005719,0.9526668333147049
SC4002E0-PSG,619,0.009460384143788464,-0.6796107619692436,0.20088728842294135,0.7111886852076427
SC4002E0-PSG,620,0.25543637377539774,-0.7102789877716182,0.24675993390890782,0.7755396879636793
SC4002E0-PSG,621,0.4781806059651982,0.5075000882144842,0.11442029398179443,0.5069286076062814
SC4002E0-PSG,622,-0.17193285000985797,-0.30667507168026037,-0.21328069995380605,0.36273169038360703
SC4002E0-PSG,623,0.10082923780145787,-0.6553875364679477,-0.38923254431059834,0.10555848954095053
SC4002E0-PSG,624,0.379844293273518,0.9092223424231298,0.3443755482634768,0.43898609212463957
SC4002E0-PSG,625,0.17119785407710036,0.7815311997888689,0.3170641142013322,0.42626699749367536
SC4002E0-PSG,626,-0.5762365319128481,-1.0770201478807095,-0.9981772242756065,0.06482482080723452
SC4002E0-PSG,627,-0.3165159156010479,-0.29523098124786357,0.8825395719136832,1.178938371279644
SC4002E0-PSG,628,-0.050170229440188806,0.11961819321157885,-0.28534907983699714,0.2153057525723843
SC4002E0-PSG,629,0.7874382856990725,2.586540481618538e-05,-0.2961586399574619,0.4344461775353269
SC4002E0-PSG,630,0.5559968796940625,0.735343940228403,0.23407461043547184,0.41837041385783486
SC4002E0-PSG,631,-0.04644555720385648,0.16893681837861554,0.16581103465461366,0.5088506444991284
SC4002E0-PSG,632,0.39824287043600337,0.48332888424353043,0.20068119244791138,0.8012817916672411
SC4002E0-PSG,633,0.23388445724637447,0.5695798815695459,-0.20717833677916023,0.29731040743449183
SC4002E0-PSG,634,0.35823929823736483,0.7181194955578051,0.53741505284226,0.5342677900799891
SC4002E0-PSG,635,0.47564293908760974,1.0476693608668115,0.16441805978034063,0.4523833576554403
SC4002E0-PSG,636,-0.035945597282600696,-0.35090647057804414,0.26424997262760735,0.47191231083808166
SC4002E0-PSG,637,0.8649221053290364,-0.4902750798480865,0.24599118302247017,0.541965808670876
SC4002E0-PSG,638,0.8585099157003956,0.5264049021814945,0.4594533390703704,0.5983087999497697
SC4002E0-PSG,639,0.4201747343274911,-0.26575931965083305,0.7149363960902186,0.9736421868879205
SC4002E0-PSG,640,1.294585008886691,0.15550520853852673,0.6222273331788697,0.9095810190219071
SC4002E0-PSG,641,1.0809234495818933,0.5896768156779293,0.9631824543332781,0.769710589200782
SC4002E0-PSG,642,0.8359514106432232,0.4975387772515165,-0.33849911744619654,0.05944431528107777
SC4002E0-PSG,643,-0.11098442671900922,-0.42023192411072585,-0.42246795081842015,-0.02839135651962906
SC4002E0-PSG,644,0.7079514550681125,1.584433393428492,0.7385818571879404,0.4127548080700499
SC4002E0-PSG,645,0.8558285638900411,0.5709650799387472,0.47570862062474106,0.42920699316158717
SC4002E0-PSG,646,0.7136232323122779,0.3771816455391968,0.47072658689655994,0.40418233781910484
SC4002E0-PSG,647,0.16654073393585525,0.6350582242966829,0.9544946218695983,0.8033386327935778
SC4002E0-PSG,648,-0.5118884243946202,-0.5220349165365122,0.6275202009041565,0.7656835214019684
SC4002E0-PSG,649,0.4352099668691433,0.689984501325118,0.709658130058978,0.7392720705282926
SC4002E0-PSG,650,0.03838846448139176,0.568633143756856,0.6204983679046895,0.6787581884886507
SC4002E0-PSG,651,-0.27103074490779616,-0.977237037146472,-0.7813127732514776,0.055300240940851585
SC4002E0-PSG,652,-1.467828101346674,-1.7043135787813672,-0.8454443581047596,-0.17060639609282063
SC4002E0-PSG,653,-0.018603580629794666,-0.332058342693569,-0.4420731604718733,0.4020659942143779
SC4002E0-PSG,654,-0.3513505075105937,-0.49175851045567065,0.04727890748708137,0.27907219319423077
SC4002E0-PSG,655,0.7730377608476935,0.9045316070548332,-0.0022772044157172043,0.4130026641386799
SC4002E0-PSG,656,-0.026293140881881595,0.06526389580862775,0.5084342350229191,0.7451469489432497
SC4002E0-PSG,657,0.5509778691209934,0.025081000935365534,0.5938365940306982,0.7093568685556142
SC4002E0-PSG,658,0.4385718485586533,0.469756995213698,0.3394932091849651,0.5699960217516897
SC4002E0-PSG,659,0.1830058886767106,0.5074169873918775,0.1679921560121935,0.5207948352642489
SC4002E0-PSG,660,0.44396505721552654,0.7463620452939577,0.14681926596175615,0.5609182214246355
SC4002E0-PSG,661,0.6652873535630973,0.5944736680882957,0.5679252297600383,0.6124064297822788
SC4002E0-PSG,662,0.44104252197943117,0.1729910697787256,0.6331540907076679,0.787611566315313
SC4002E0-PSG,663,0.10455393722942931,-0.11006804984222626,0.3148464607350544,0.8522134243294797
SC4002E0-PSG,664,0.5493525641259885,0.5005050173958857,0.5390030003380779,0.7555435697710002
SC4002E0-PSG,665,0.9136693171715877,0.5350074052415016,0.4023743452981184,0.7684800368328025
SC4002E0-PSG,666,0.45473824147112085,0.03805195101310086,1.0137794646339546,1.0422022664880173
SC4002E0-PSG,667,-0.14907087461378557,-0.8064173744377802,-0.08101816158749976,0.5458989750176627
SC4002E0-PSG,668,-0.3906281524973396,-0.08992144203177246,-0.7094166644540255,0.33799242264370777
SC4002E0-PSG,669,-0.022338030107704375,-0.027100076198926053,-0.16791005983228677,0.7442146928281794
SC4002E0-PSG,670,-0.5900402277108204,-0.7486831266565226,-0.9114460684269977,-0.13106408384596946
SC4002E0-PSG,671,-0.4585875861011106,-0.17772397104056337,-0.1690101340784386,0.5448841843071985
SC4002E0-PSG,672,0.16554118255406952,0.08002891090093511,0.017635907732577033,0.4262275261474067
SC4002E0-PSG,673,0.193286862595954,-0.027026307827698277,-0.09645358367560791,0.5577165223088338
SC4002E0-PSG,674,-0.16697544640688308,-0.06803444187089236,-0.3855588718236527,0.2612546750285155
SC4002E0-PSG,675,0.5879086145050803,0.7963582669846871,0.5825548024716106,0.8621827159450892
SC4002E0-PSG,676,0.6845402174087233,0.9816429615662636,1.7632135118296277,1.6421639350123904
SC4002E0-PSG,677,0.6718228491977472,1.1371960819395743,0.5076055557240969,0.946979735554665
SC4002E0-PSG,678,-0.525067469788853,-0.7000494628201165,-0.2874201802674518,0.3539399311937233
SC4002E0-PSG,679,-0.332782376819964,-0.24399649057770056,-0.4991757324069575,0.22887683853990637
SC4002E0-PSG,680,-1.78840274274548,-1.6128674664364357,-0.2211132802325372,0.5254228744807059
SC4002E0-PSG,681,-0.8690219773977554,0.10651867562225821,0.8400155632868367,1.2002343708295662
SC4002E0-PSG,682,-0.49155965973052274,-0.040062708382999926,0.11055898211260189,0.5601966194052721
SC4002E0-PSG,683,0.44619975818360974,0.6371678264814746,0.48795493335156304,0.9381851730238915
SC4002E0-PSG,684,0.20952377453326343,0.37630811087381233,-0.26356190119660633,0.5266509610014642
SC4002E0-PSG,685,-0.6410292146426352,-0.3762779397054108,-0.1826839619758296,-0.060526526525643234
SC4002E0-PSG,686,-0.101259207315113,0.5914447246106013,0.4216289168553074,0.016423205437319656
SC4002E0-PSG,687,-0.2230416497649899,0.49598151461909534,0.16577850512174255,0.2876138953169019
SC4002E0-PSG,688,-0.19602711986881285,0.4076179763992649,0.14662334212822134,0.3822709025829772
SC4002E0-PSG,689,-0.6417700190988073,-0.32875926076344786,-0.8380406572468471,0.04722434171987609
SC4002E0-PSG,690,0.4051108707983485,1.687179750936081,1.0578737592213958,0.9303050255200835
SC4002E0-PSG,691,0.3251044115675772,2.0843527659719663,0.7208973641776948,0.15896345692602112
SC4002E0-PSG,692,0.4209013392951027,0.7952520936934528,0.46122858845583986,0.28776713235388385
SC4002E0-PSG,693,-0.24958021823879945,-0.37922825118381565,-0.8295162143584742,0.26619946747622897
SC4002E0-PSG,694,0.21919069634538157,0.6450889172250451,0.168681935966557,0.5305034534867615
SC4002E0-PSG,695,0.8371894014466743,1.148864043819758,0.030073574820060015,0.17665849705039938
SC4002E0-PSG,696,0.7433642877503601,0.6537020189578591,0.15644701543524048,0.3847799536033177
SC4002E0-PSG,697,0.2140660605576362,1.2700483906478663,-0.06571398362964066,0.14521427792051872
SC4002E0-PSG,698,0.5818485690857184,2.098933545700105,0.030991741762930434,-0.276248349457964
SC4002E0-PSG,699,-0.024430679776148084,-0.1771001104776983,-0.9001260702792403,-0.23655032737360926
SC4002E0-PSG,700,-0.0987723177896093,0.01788653535097923,-0.5951047696057186,-0.031737586031652484
SC4002E0-PSG,701,0.5986063993580683,1.9060789001213236,0.2853637836717374,0.13865706434938985
SC4002E0-PSG,702,0.5841308444787671,1.7124715927419198,0.14630094409737926,0.21537025403175974
SC4002E0-PSG,703,0.41769252059560164,0.12957611670791272,0.005959312171381071,0.1301681229557734
SC4002E0-PSG,704,-1.180610119321106,-1.5751593562855595,-1.1488437400015483,-0.38299768238620596
SC4002E0-PSG,705,0.9501089125592471,1.4450938362842012,0.8720528882531658,1.0627617414146622
SC4002E0-PSG,706,0.5608160598708053,0.44102926334984116,0.1289107714308863,0.3429482830126039
SC4002E0-PSG,707,0.20297866226822328,1.1048219363093439,-0.2996796913203181,0.07787179243464386
SC4002E0-PSG,708,0.31193249795363687,-0.017531682878613734,-0.4317009802780077,0.36844979259476746
SC4002E0-PSG,709,1.188273934844844,2.308544052252655,1.1729871556027307,0.8342196221720624
SC4002E0-PSG,710,0.4248568119537765,1.4866410746213439,0.4231271403539669,0.9237333171256115
SC4002E0-PSG,711,0.6381728103444483,1.099155533611356,0.7333470933346747,0.8268658062374414
SC4002E0-PSG,712,0.259640498209061,0.6682181316676749,0.24306229012390332,0.3239627473844351
SC4002E0-PSG,713,0.6315589846828702,1.0781100531727026,0.45766597625129996,0.520359551401077
SC4002E0-PSG,714,-0.08579050660193437,0.06280164114301985,0.2533508391252659,0.6129016439203323
SC4002E0-PSG,715,0.5481639152266844,-0.18143440352317983,0.6409330990739367,0.5806734349101139
SC4002E0-PSG,716,0.1092431295375127,-0.11858212040096414,0.5426629380172648,1.072975290378036
SC4002E0-PSG,717,0.46970590296687736,0.6361098138478473,0.7995405041932621,0.8890784861183343
SC4002E0-PSG,718,0.6997091901151471,0.9563484006610699,0.9369309048376978,0.8363210689040772
SC4002E0-PSG,719,-0.1790381682279787,0.1513448034861029,-0.11757485080007166,0.3925476179468603
SC4002E0-PSG,720,0.10555133228766518,-0.037570048860470086,0.5422707980626138,0.7862221341809366
SC4002E0-PSG,721,-0.1288086015286774,-0.2891406802992182,0.4235361014954611,0.6949327976458588
SC4002E0-PSG,722,0.12706072796081347,0.1957074442341884,0.9419144618851872,1.056181973646385
SC4002E0-PSG,723,-0.6502967198825557,-0.9326944394312198,-0.6962095233482745,0.2832814237444671
SC4002E0-PSG,724,-0.1870473501463724,-0.7428934946979826,-0.3105660996049601,0.265881175966605
SC4002E0-PSG,725,-0.05640083448187633,0.19063166114331526,0.7015885929720241,1.6210440559548158
SC4002E0-PSG,726,0.5140165904776698,0.8910040015513921,0.659723077435631,0.9401823218334878
SC4002E0-PSG,727,0.20443990410398508,0.34568539753832833,0.5718252772923436,1.1501478735445454
SC4002E0-PSG,728,0.05327583066446107,-0.15787930995511057,0.19232252338861183,0.6887194783220038
SC4002E0-PSG,729,-0.31414302269521327,-0.40869626137813353,0.11604214644685548,0.7803599842085168
SC4002E0-PSG,730,-0.08197863286654077,-0.5698409074915057,0.018586223524705445,0.6158616206063576
SC4002E0-PSG,731,-0.6735737102946348,-1.134886068978071,-0.7726518511073731,0.3536447131897966
SC4002E0-PSG,732,-0.8364566260285689,-1.2771773496155898,-0.5320197415762905,0.24434968520059125
SC4002E0-PSG,733,0.45093747657855776,-0.1850331764627742,0.7358171258438542,0.9286209585035283
SC4002E0-PSG,734,0.09967517851503359,0.15813778201373577,0.6311218117171254,0.8144976996383185
SC4002E0-PSG,735,0.1557401959382601,-0.28045717548917054,0.19784657135440337,0.857380792852289
SC4002E0-PSG,736,0.7138397028665591,0.47438426454895594,0.36028710724523827,0.8027899422384882
SC4002E0-PSG,737,0.37665770191317977,0.08253362640887157,0.3661644446635177,1.2216418302514618
SC4002E0-PSG,738,-1.083397415155322,-1.5775307725280727,-1.0223035073946316,0.22104154083092428
SC4002E0-PSG,739,-0.6920972930312242,-1.3414511106422855,-0.8877409563455908,0.2534518321790602
SC4002E0-PSG,740,-0.6981374579812724,-1.0941618070352512,-0.3434886918955221,0.09045868088329878
SC4002E0-PSG,741,0.07018596777694323,0.08792307015705296,0.09060818704605296,0.4261760532155067
SC4002E0-PSG,742,-0.10334420120279227,-0.43712551381632875,-0.5640957206515765,0.162884756482299
SC4002E0-PSG,743,-0.17912375250791332,-0.4011341797484522,-0.5161065130562571,0.3417660212397169
SC4002E0-PSG,744,-0.44196941931267264,-1.3595357583057002,-1.0916642864652142,0.11669937761216836
SC4002E0-PSG,745,-0.8348852904320128,-0.4751823435083297,-0.621269560277108,0.15063026376974423
SC4002E0-PSG,746,-0.062317079869256616,0.02995359488756643,-0.29512657882798954,0.23999502946735227
SC4002E0-PSG,747,0.014288899368703077,-0.14344080467205603,-0.48109624417135133,0.14533782528038905
SC4002E0-PSG,748,0.22577744985399892,0.39450284743587366,-0.049824238392249275,0.2984781620675528
SC4002E0-PSG,749,0.352975536715148,-0.01568977840539195,-0.01664758745787588,0.4588942526063299
SC4002E0-PSG,750,-0.11687987699250643,-0.2891090786980193,0.13966864706699117,0.2725733647153308
SC4002E0-PSG,751,0.11137640110537715,0.7581759169916671,0.7543994237135918,0.6836516625699903
SC4002E0-PSG,752,0.30540766620754733,0.5409599148052172,0.4797422388384254,0.5069858001149417
SC4002E0-PSG,753,0.29058622487412294,0.6630432238717675,0.650899537213725,0.8803012829506275
SC4002E0-PSG,754,0.6050200891109919,0.8711301167566409,0.3968815768642747,0.44401946895310523
SC4002E0-PSG,755,0.15388897785347821,1.0245682282423323,1.5377000432593686,1.1912694534598975
SC4002E0-PSG,756,-0.4033472014069312,0.7011786763276697,1.8817702285476536,1.8245350602757255
SC4002E0-PSG,757,0.9249099222380569,1.0283228657728818,2.173024368742094,1.653090368319371
SC4002E0-PSG,758,-0.04220413351684659,0.5618458828016046,0.43909462480560524,1.191432301918585
SC4002E0-PSG,759,-0.16957826051192426,-0.031784354177997895,-0.3800738348486351,0.05560098915692204
SC4002E0-PSG,760,0.9684468356448231,1.587875435662768,1.8316258206983504,1.705759267433726
SC4002E0-PSG,761,0.23469570144017626,0.3939774904926271,-0.09213173182051457,0.2249323613495945
SC4002E0-PSG,762,0.6834459706101053,1.1878999815374973,0.2095426624642308,0.34953668662805887
SC4002E0-PSG,763,0.4668347567294261,0.3162733802133486,-0.49492432183955787,0.10572812413173575
SC4002E0-PSG,764,-0.591100270342341,0.6499232718313313,0.09985845083632833,-0.2825860390248934
SC4002E0-PSG,765,-0.11175492836922381,0.7464770610379552,0.26340435565671755,-0.017713195958435568
SC4002E0-PSG,766,0.6259156237325655,1.2580760807230773,-0.37892058653557487,-0.041797067155890065
SC4002E0-PSG,767,0.4671158735148549,1.0540371915583833,-0.44579509368547265,-0.18674146745160988
SC4002E0-PSG,768,0.2759867833728709,0.7760886830639024,0.4630829118507378,0.7627289999771022
SC4002E0-PSG,769,0.8194230459179624,1.775176261971954,0.5965666897507871,0.5125862946917198
SC4002E0-PSG,770,0.6719358608458412,1.5598208252889392,0.47200316674647486,0.23090540837456916
SC4002E0-PSG,771,0.058768099331345754,0.6557367006449156,-0.3041324368923077,-0.2403237355305983
SC4002E0-PSG,772,0.48144739288444444,1.5733289843573757,0.0996378824396213,0.10871655950359921
SC4002E0-PSG,773,0.3578780273043597,1.4596531046461687,-0.15081307774029298,0.06016380167008552
SC4002E0-PSG,774,0.6057814622519626,1.5030686361891066,0.22178152112739086,-0.2091875933093159
SC4002E0-PSG,775,0.4479181823167228,1.3854162248439132,0.1912913553952688,0.054612024704033826
SC4002E0-PSG,776,0.3444343627750756,1.5359374818715092,0.3140234043192923,0.4615535249762772
SC4002E0-PSG,777,-0.09191834092230389,0.9007741082505176,-0.17103032779064634,-0.5694613295945637
SC4002E0-PSG,778,0.398851477586105,1.5646689910622904,0.041516153459930476,0.13956746773784873
SC4002E0-PSG,779,0.5695226761105486,1.0848112177275337,-0.6388065617134103,-0.006387673245206257
SC4002E0-PSG,780,-0.5695455223214024,0.1462675546916899,-0.5475608676176162,-0.47133932781537385
SC4002E0-PSG,781,-0.8079439756059534,-0.11086436670315979,-0.7869763019748409,-0.5872028246715214
SC4002E0-PSG,782,-0.3718725370520509,0.8981194051522133,-0.5059197894753065,-0.4457751228215118
SC4002E0-PSG,783,-0.42906138752370676,0.6082801766183298,0.0011022778146929089,0.4464554917098779
SC4002E0-PSG,784,-0.3116811684393622,0.6564765208125568,-0.23559833956620085,0.34881917021787295
SC4002E0-PSG,785,-0.997321335173874,-0.1432091488902212,-0.013867867463254052,0.49441616512633596
SC4002E0-PSG,786,-0.471452503708333,0.5702787514636343,-0.8082462009997669,-0.2563185696748607
SC4002E0-PSG,787,-0.9247710669528677,-0.34244947663465863,-0.4311183617729995,0.3728094014964364
SC4002E0-PSG,788,0.06530340477288384,0.6367895344115799,-0.29907400979416787,0.06430283944492499
SC4002E0-PSG,789,0.04347270194343935,0.5286447483618743,-0.4686435243516935,-0.09908647660596819
SC4002E0-PSG,790,-0.5002038981980795,0.0005605863168704424,-1.048091971043684,-0.3312550286310608
SC4002E0-PSG,791,-0.8213791033078568,-0.14117780812557407,-1.1446569501994306,-0.269004289929944
SC4002E0-PSG,792,-0.16400677075377465,0.10115720761858851,-0.053328311528454526,0.3386346733798269
SC4002E0-PSG,793,-0.4433138021821698,0.3416433035468631,0.2707367204164741,0.7172335137024101
SC4002E0-PSG,794,-0.9555117336001817,-0.02218635187856762,-1.0251020796445887,-0.06480228914171339
SC4002E0-PSG,795,-0.3883763162703411,0.29604828188856586,0.06052859337664656,0.6704086140701299
SC4002E0-PSG,796,-0.25134848698192264,0.4492588529514198,-0.8064718644498493,-0.22464259024017397
SC4002E0-PSG,797,-0.8285425616821225,0.3323927671003503,-0.9364872790420251,-0.23773477485493485
SC4002E0-PSG,798,-0.6322073051234696,0.35158946133238417,-1.0398043564547386,-0.16333301710378978
SC4002E0-PSG,799,-0.6867753922727936,0.14617621251238683,-1.1583133329828144,-0.31915520984780066
SC4002E0-PSG,800,-0.9513235255957438,-0.533765979756996,-1.0283295218170574,-0.26570271494955444
SC4002E0-PSG,801,0.6262292245686354,1.2141585708564586,0.07928013975782498,0.26217468549945894
SC4002E0-PSG,802,-0.19867515568461339,1.6521699036919086,-0.4635170496798314,0.3096219698226236
SC4002E0-PSG,803,-0.18363306651096536,0.7616282561474018,0.28383640753829,0.6640277236700203
SC4002E0-PSG,804,-0.7192474490758564,0.567743506826265,-0.19474330486923405,0.4680539474807558
SC4002E0-PSG,805,-0.6367810293022622,0.3753369181763115,-0.23184267057246855,0.4023173644352963
SC4002E0-PSG,806,-0.18452229925037833,0.49420729167976835,0.2952802471587769,0.4321978121309662
SC4002E0-PSG,807,-0.4318658246852313,1.3956919652851303,0.16530630789191147,0.46622936187045777
SC4002E0-PSG,808,0.30233966166965376,0.8078487534225305,0.3066272126312029,0.8211076800410289
SC4002E0-PSG,809,-0.5827539557760205,0.1731345906013789,-0.0017684473715631514,0.4984149852824506
SC4002E0-PSG,810,-0.37588443348867856,0.16589572531573443,0.12330691715922812,0.6605624164285415
SC4002E0-PSG,811,-0.91510095917525,0.5050011487561212,-0.4537385658273697,0.4808509971440425
SC4002E0-PSG,812,-0.9450289214539128,-0.3330410423173523,-0.23118036776987197,0.38595798702887063
SC4002E0-PSG,813,-0.3557043148558599,0.4512441709482208,1.1747152434076444,1.0319701505567853
SC4002E0-PSG,814,0.1891837314147337,0.9482852780299281,0.7946751778326269,0.9320887925598316
SC4002E0-PSG,815,-0.42561231792102305,-0.06357643620287785,-0.11160899789424522,0.49072972374665497
SC4002E0-PSG,816,-0.21960094470785727,0.6791159671030982,0.20997695887890494,0.1653275743422077
SC4002E0-PSG,817,-1.688411472015129,-1.8550915286415144,-1.3850028711313562,-0.2869312895230667
SC4002E0-PSG,818,-0.561636371428459,0.35757369280780044,-0.7093967950398857,-0.31085787257814196
SC4002E0-PSG,819,-0.3673004107773117,1.121501763955365,-0.001592266247595231,0.0376591192430741
SC4002E0-PSG,820,-0.010599421635530584,0.7239728094581962,-0.10254164892826563,0.25482596467645263
SC4002E0-PSG,821,-0.5793934401729601,-0.013414933867129492,-0.507953222858256,0.513286819613322
SC4002E0-PSG,822,0.5834541962783268,0.8234618114963526,-0.3734053483238492,-0.015108411827467819
SC4002E0-PSG,823,0.1524553817244892,1.021608206672599,0.5314871957676255,0.46689202891804277
SC4002E0-PSG,824,-0.11788456820524501,-0.5075619299093085,-0.5606937024341181,0.3045638629126412
SC4002E0-PSG,825,0.5995711789576309,1.3730704703540186,0.3191868607937944,0.31223592224100105
SC4002E0-PSG,826,0.36089198690444035,-0.13670015107486158,0.2556229666444966,0.4698002286011063
SC4002E0-PSG,827,-0.22179036039980043,-0.46275920006717053,-0.33266731831922025,0.3810419385671516
SC4002E0-PSG,828,0.12585964206443817,-0.18980587774664429,-0.5381833670948851,-0.02789680794718128
SC4002E0-PSG,829,0.0887289691875151,0.38166527481777995,0.409956328725636,0.5823054746832809
SC4002E0-PSG,830,-0.14273059127328017,0.26982812942850615,-0.21521837922066855,0.12765029294197872
SC4002E0-PSG,831,0.47427148324065804,0.7307332684656355,0.5782552080183612,0.6686721248996517
SC4002E0-PSG,832,-0.1103710189186638,1.0358486944018324,0.8350844100947786,1.160805443374785
SC4002E0-PSG,833,0.24353454373137487,0.2532421994352206,0.36155033620969573,0.5065308964453645
SC4002E0-PSG,834,0.7292888591835486,0.7101933751991539,0.42299620873900373,0.4572500878550992
SC4002E0-PSG,835,0.18681002027892454,1.3709215998246418,0.631228398401368,0.5311202154624627
SC4002E0-PSG,836,-0.8629831435096986,0.1859337191988021,-0.20613225198257465,0.36588699882659553
SC4002E0-PSG,837,-0.22935832749886692,0.3321589029290794,0.49424148163893517,0.5568086814209742
SC4002E0-PSG,838,0.569985176533264,1.3221448203743198,0.054471645776858084,0.6733955562242555
SC4002E0-PSG,839,0.05125572372889467,0.741305945973897,0.10757847025606407,0.4235719196825345
SC4002E0-PSG,840,0.5793031264160823,0.5189655914069254,0.10361402861999242,0.35826828630031554
SC4002E0-PSG,841,0.08455469204787168,0.4549701433677046,-0.05840119652702501,0.41901553691604126
SC4002E0-PSG,842,0.739568389266369,0.239869211183569,0.21494350501494683,0.6723030858645431
SC4002E0-PSG,843,0.0516613816856458,-0.14112169597647947,-0.12105627928799517,0.2336774154562656
SC4002E0-PSG,844,0.6870778988278822,0.6696295500207728,-0.5182293727505497,0.09261360510209665
SC4002E0-PSG,845,0.7287351769865918,0.4985396100403969,0.06598769149746306,0.1827420649753356
SC4002E0-PSG,846,0.36953918055776586,0.9519239323406243,0.6243690048638203,0.41434747021642265
SC4002E0-PSG,847,0.43850689319921726,1.6221803713090357,1.2318088576380768,0.6249506651595151
SC4002E0-PSG,848,0.7718798242764814,1.144507686735119,0.09201954884363744,0.511120443443349
SC4002E0-PSG,849,1.0868197550327092,0.49199139364636996,-0.03533618431696459,0.2812490723279434
SC4002E0-PSG,850,0.3861664083433351,1.4483976297445376,0.5751354401738812,0.32512000556365317
SC4002E0-PSG,851,0.1583638071238032,1.2937348489240204,0.2755898373288119,0.22463902466924043
SC4002E0-PSG,852,0.011550084866888763,0.39766261885947346,0.15321961499240008,0.19460738149400825
SC4002E0-PSG,853,1.047896825777971,0.04576748092877642,0.2704846269577385,0.6653599373647332
SC4002E0-PSG,854,-1.5523624331582067,0.1928825441058986,1.3247985841597079,0.2929528149105682
SC4002E0-PSG,855,-1.938355741131152,0.4195170690727263,0.8652813373630699,-0.4977368857778466
SC4002E0-PSG,856,-1.9083626125707633,2.6642908624901156,1.2027588679601922,-0.42198168207174586
SC4002E0-PSG,857,-2.2526480107391413,1.5073379311477249,1.154867645760255,-0.5735950490192029
SC4002E0-PSG,858,-2.098768333948265,2.2008257630096364,2.061315905838451,-0.7285430283585841
SC4002E0-PSG,859,-1.8820161180559456,1.5367042454666207,1.1240707072425806,-0.587431522555954
SC4002E0-PSG,860,-2.3821065930881766,2.187938995624984,1.2512501714520208,-0.8073198582580797
SC4002E0-PSG,861,-2.6370242800979553,2.136633227186934,1.4283712458673212,-0.776672501533361
SC4002E0-PSG,862,-2.489226873721938,1.7156721671562223,1.0491016047179973,-0.8385667534421617
SC4002E0-PSG,863,-2.667068550614721,0.05083859001792401,1.0922884625976195,-1.038031328626603
SC4002E0-PSG,864,-1.2149922298151041,-0.11247423197623987,0.10157729848002679,-0.912180177435239
SC4002E0-PSG,865,-2.302256995800864,0.8068285296217615,1.4167069915847728,-0.5280323519475784
SC4002E0-PSG,866,-2.7200658903301145,0.133308869792865,1.29523110710748,-0.9129057227208812
SC4002E0-PSG,867,-1.226396324791542,0.9496603796141895,0.9995866075160978,-0.8513499419808713
SC4002E0-PSG,868,-2.646398889564859,-0.6160807801180747,0.9305282524109484,-0.8500277309118812
SC4002E0-PSG,869,-1.2703565821853573,0.009043672071258184,-1.5470324781784346,-1.2108946994858543
SC4002E0-PSG,870,-1.4671797818378798,-0.30277317807203336,-1.0360224224099144,-0.9704129574330348
SC4002E0-PSG,871,-1.5100414637955464,-0.5074237201402721,-1.7149314433114924,-1.2655409363344097
SC4002E0-PSG,872,-0.17648907918789722,0.8599742818638944,-0.9724303729493572,-1.159661052954863
SC4002E0-PSG,873,-0.03566680299713825,1.2576664175554384,-1.101645167928533,-1.1095244383351734
SC4002E0-PSG,874,0.03624074034401701,0.2524152159578589,-0.8364142964909388,-0.998969084408178
SC4002E0-PSG,875,-0.5162294911658477,-0.6649222319252708,-1.6115061163430773,-1.2577036151129806
SC4002E0-PSG,876,-0.5028865806470333,0.8971837881039698,-0.6737630249256996,-0.1903409010684966
SC4002E0-PSG,877,-0.0925762944206759,0.3076815556474309,-0.8663857307474379,-0.6148554396769342
SC4002E0-PSG,878,-0.3271690632617147,0.7524897140092789,-0.39742324525229644,-0.46755604494486885
SC4002E0-PSG,879,-0.40788995279493734,-0.11882995724625577,-0.5837886245233027,-0.7042328339211059
SC4002E0-PSG,880,-0.2801021524999402,0.4248450754401355,-0.4887680488872434,-0.3848757177181244
SC4002E0-PSG,881,0.039954105382679,0.45889419864507175,-0.1425472891955962,-0.7655675285556325
SC4002E0-PSG,882,0.23443678936056928,0.22000313378172906,0.4734720065139082,-0.9216979973500261
SC4002E0-PSG,883,-0.04500167616057681,0.4064921793402945,-0.000933462615756721,-0.5349902149805329
SC4002E0-PSG,884,0.1535052733516879,0.9494321597217895,0.17604663763311046,-0.6765908311162213
SC4002E0-PSG,885,0.40603211652916993,1.204234623479778,0.9724120590658927,-0.6697656128607128
SC4002E0-PSG,886,0.6449212739419723,1.2253390751031112,1.128033388401465,-0.7280445854210179
SC4002E0-PSG,887,0.8467411941039279,0.6899493624745588,0.445005657475949,-1.173024258773556
SC4002E0-PSG,888,0.9604299510200076,0.9391380594003782,0.6313858771721818,-0.8595454039034939
SC4002E0-PSG,889,0.9209291550252573,1.034699841156779,0.5900705664777584,-1.095932541088213
SC4002E0-PSG,890,0.9810533575213882,0.7289576767423316,0.19161775359282887,-1.1866534704267098
SC4002E0-PSG,891,1.1592656481452321,0.6266521342823854,0.3349445836898601,-1.1060583797621462
SC4002E0-PSG,892,0.9577842909979671,0.5400800183801835,0.14315153906098044,-1.3032931621656627
SC4002E0-PSG,893,1.1376546954669944,0.8767342285745684,0.6721831939081118,-1.1499689860902622
SC4002E0-PSG,894,1.0060983615069035,0.8150863708508433,0.7048379683010666,-0.9645130962182964
SC4002E0-PSG,895,1.0515531858466296,1.044786717865776,0.5922276642007305,-1.2390047126071606
SC4002E0-PSG,896,0.9879729635968636,0.7262299375296276,0.5594909860687411,-1.2474815396716075
SC4002E0-PSG,897,1.2359769717069566,1.3136123449960704,0.6273279046065087,-1.295174461800436
SC4002E0-PSG,898,1.3547131720375207,0.9631227338317467,0.3581474867081148,-1.3154019218878177
SC4002E0-PSG,899,1.4675306278856577,1.1045694747565797,0.46433376738327936,-1.109056443392654
SC4002E0-PSG,900,1.1425316623607344,0.6458287953613275,0.5808377491956899,-1.0809066889231145
SC4002E0-PSG,901,1.4387362982627443,0.522771989494198,0.13399585795527885,-1.3635141880719603
SC4002E0-PSG,902,1.5219130835421772,1.2194415643917882,0.263224298421816,-1.0863362407351016
SC4002E0-PSG,903,1.3801746675963633,0.7615747804447633,0.7251443967168342,-1.120070086102028
SC4002E0-PSG,904,1.3726632822156277,0.717962034050328,0.3058154246671349,-1.28115024882885
SC4002E0-PSG,905,1.2426894477661232,0.7975456811224926,0.7432814138421027,-1.2493005528329355
SC4002E0-PSG,906,1.7068205450757574,1.4251806618974263,0.3279632676842518,-1.3765131688731702
SC4002E0-PSG,907,1.5579235735265926,0.7198223992880362,0.9531543805999443,-1.342822672958105
SC4002E0-PSG,908,1.4512614073532282,1.0935132218830985,0.17708292773419085,-1.1947943471374232
SC4002E0-PSG,909,1.5672640540322722,0.5290842358760788,0.5872240863804895,-1.3754800977775516
SC4002E0-PSG,910,1.7383326455486914,1.222108442044612,0.8845950837744128,-1.1721111952735859
SC4002E0-PSG,911,1.5590181220065553,1.2739264493903755,0.62379824957184,-1.1272708271022378
SC4002E0-PSG,912,1.7846102281386003,0.845674539924443,0.9824641388545092,-1.4578277072405765
SC4002E0-PSG,913,1.7453048375785012,0.32691062959736183,0.652309501002434,-1.2320658147541614
SC4002E0-PSG,914,1.4479244661292179,0.81047396111081,0.49436332451261417,-1.385036078993918
SC4002E0-PSG,915,1.4566573044401236,1.1577651010772014,0.9022128157603295,-1.315549341001123
SC4002E0-PSG,916,1.6338606302790826,0.7016002335730602,0.5320789406037095,-1.3604795669432928
SC4002E0-PSG,917,1.5638556310979543,1.208102961270813,0.4335996949306195,-1.4313053948760037
SC4002E0-PSG,918,1.7692887944937605,1.2114068928327646,0.7367466487749144,-1.2527894575003478
SC4002E0-PSG,919,1.6781826996677114,0.7779698274449988,1.0556341624382062,-1.4090480152995983
SC4002E0-PSG,920,1.6724357868166768,1.1623906211926922,0.9378469978167069,-1.4505759215086984
SC4002E0-PSG,921,1.8833542858823686,0.7252992096827848,0.5987672072438616,-1.3674749955624736
SC4002E0-PSG,922,1.5094520222182501,1.2398556583528937,1.1245701378071549,-1.407474485378276
SC4002E0-PSG,923,1.9260821069105105,0.9150565624288318,0.68485600485508,-1.4709001591408082
SC4002E0-PSG,924,1.4676521941262737,0.8700084805998795,0.8992750579687074,-1.5138657225459915
SC4002E0-PSG,925,1.4787056766490356,1.03145906607025,0.9363194914084035,-1.556534147157535
SC4002E0-PSG,926,1.66767872154153,0.7430592254035288,0.7703605911099317,-1.593044958271792
SC4002E0-PSG,927,1.90682153959148,0.9183884202666245,0.39633517043108385,-1.6876026549854686
SC4002E0-PSG,928,1.5268667621364422,0.6657324252129392,0.6088620310735056,-1.6471904824391308
SC4002E0-PSG,929,1.6534274917560705,0.805005367614799,0.6044244701864668,-1.2692277926426403
SC4002E0-PSG,930,1.7620222126061378,1.0363715134741216,1.1993709104052062,-1.5605064745698882
SC4002E0-PSG,931,1.9498927348216233,0.5580943907352971,0.3762613836238032,-1.5159487025299465
SC4002E0-PSG,932,1.6000137732735236,1.012988344710698,0.8966222070428853,-1.595605920210413
SC4002E0-PSG,933,1.7686844599662175,0.5308458367884772,0.2991469577750759,-1.476719687458497
SC4002E0-PSG,934,1.8530938630608118,1.4494365772868925,0.7436749033000536,-1.4261188287087059
SC4002E0-PSG,935,1.8911947573738523,0.8106361182782826,0.8983505510049249,-1.5187015982950793
SC4002E0-PSG,936,1.3355550888663912,2.0102273921374225,1.8559666479852464,1.3541605595149038
SC4002E0-PSG,937,1.3581539196991907,-0.023877072916297492,-1.2043761195909377,-1.5507838362475934
SC4002E0-PSG,938,1.120876438902117,-0.15887896189370065,-0.8463711898822989,-1.3220398919495933
SC4002E0-PSG,939,1.0541427263610348,0.008337486664123444,-1.421328961758687,-1.2373594659026106
SC4002E0-PSG,940,0.8145307589337899,0.37969217409899036,-0.45290949888963855,-1.4002185347247758
SC4002E0-PSG,941,1.1119647571557705,0.5570190749717102,-0.03528359460621754,-1.1521267641951263
SC4002E0-PSG,942,1.0263100742027758,0.9368392130994831,0.0758468195271231,-1.149470303239593
SC4002E0-PSG,943,1.3509718943472666,1.0903731509215133,-0.0641242772723756,-1.437767361104517
SC4002E0-PSG,944,0.9978767486399149,0.36293388645224994,0.4504209473613614,-1.3254171701796391
SC4002E0-PSG,945,1.5582813464774905,1.0261361045604884,0.24198821818735394,-1.3592390599841284
SC4002E0-PSG,946,1.6750537169352908,1.108799374094814,0.4586253111864862,-1.4449889215392069
SC4002E0-PSG,947,1.4208536004878227,0.8147203991588282,-0.12607450953898972,-1.4629797497901331
SC4002E0-PSG,948,1.8969415795407911,0.7854596059343029,-0.2879998461143337,-1.5606093112194197
SC4002E0-PSG,949,1.4952327981944111,0.7766565916926526,0.3660962515508827,-1.3475317744828375
SC4002E0-PSG,950,1.7925868726069474,0.20958884421203874,-0.3250826690256239,-1.4517878371560653
SC4002E0-PSG,951,1.6449714564535498,1.0322770092940965,0.3017325526558688,-1.1088097248396256
SC4002E0-PSG,952,1.7497203781348745,0.3488663112187051,-0.2127857449991591,-1.423575564173261
SC4002E0-PSG,953,1.6878284950395506,0.8450447308558263,0.24430577061623074,-1.6288510348662564
SC4002E0-PSG,954,1.7225004608436323,0.47954741085911523,-0.03672623942825273,-1.5930532445103838
SC4002E0-PSG,955,1.5401593924998547,0.5141414662530503,0.1446149226044714,-1.461802681104991
SC4002E0-PSG,956,1.6995424736140838,0.7071929533518054,0.2604094782788555,-1.5290893172427995
SC4002E0-PSG,957,1.8841547393339693,0.25555029982052,-0.30591038870518283,-1.554407789339624
SC4002E0-PSG,958,1.8101052132515736,0.5093258809893481,0.2429386462539487,-1.3194525593721333
SC4002E0-PSG,959,1.3783964725570692,0.8479386056269367,0.3344395442324125,-1.57117465848084
SC4002E0-PSG,960,1.4352867913735123,0.38874141644376026,0.30525476672372687,-1.6018111269834754
SC4002E0-PSG,961,1.7488907388748278,0.5365558344786308,0.42671052824084954,-1.5165800050704195
SC4002E0-PSG,962,1.6275968366103195,0.14636393394198213,0.08202807283367604,-1.6001736108108382
SC4002E0-PSG,963,1.799035532716688,0.8645697171573699,0.6676107581355639,-1.5854351441128367
SC4002E0-PSG,964,2.0376022753059013,0.33254506207319884,0.12311994328958735,-1.7390708201465919
SC4002E0-PSG,965,1.7712906005002576,0.3946879466533189,0.7005144016649174,-1.6803911656293142
SC4002E0-PSG,966,1.7207072975778974,0.5302446920552052,0.9289953860799053,-1.5896618908432882
SC4002E0-PSG,967,1.925644701917002,0.7739113919705337,0.16844427346104623,-1.445092802195288
SC4002E0-PSG,968,1.614154673783417,0.6030921889562963,0.6701731595351312,-1.4782797725059642
SC4002E0-PSG,969,1.793752686368732,0.9244160846928327,0.26623853527070945,-1.68389174958839
SC4002E0-PSG,970,1.7278556415851192,0.5007179782553471,0.9114087162329912,-1.6975964467077347
SC4002E0-PSG,971,1.7849469368605992,0.674115430271128,0.3821601669718967,-1.6410916758510299
SC4002E0-PSG,972,1.6635307691822416,0.36054090720402115,0.7218230563712699,-1.565311504295095
SC4002E0-PSG,973,1.8171162920617385,0.7278983045976041,0.5916702964968751,-1.4619092099026625
SC4002E0-PSG,974,1.6227724374250467,1.7637279353121658,1.8785736614088073,1.0739777836597861
SC4002E0-PSG,975,1.2643951859412617,0.7843779616138367,-0.8038220613168228,-1.2058483477131627
SC4002E0-PSG,976,0.9105885096720167,0.9754192759645641,1.83119382459875,1.2145428136388245
SC4002E0-PSG,977,0.33617237243438947,0.3775286026205381,-1.5979566494970052,-0.79937691915356
SC4002E0-PSG,978,0.8229441694432167,0.38231115586028974,-1.1272878491482328,-1.2614390100030246
SC4002E0-PSG,979,0.4705273098633865,0.5638615911701031,-0.627313762410073,-1.3809711961331326
SC4002E0-PSG,980,0.4862203582166871,0.36167268572990036,-0.5169486951236817,-1.1541851638717704
SC4002E0-PSG,981,0.6756782589472552,-0.6132894441646726,-1.2092157063680982,-1.3593579892159093
SC4002E0-PSG,982,0.44153990700118817,-0.40282233502100684,-0.7123485672085459,-0.8043510653545982
SC4002E0-PSG,983,0.5379066438981832,0.31278598770215776,-0.4610174872514924,-1.2980163426754388
SC4002E0-PSG,984,1.3468929893750776,1.5872889564283064,0.2664090768734684,-1.2489736942578618
SC4002E0-PSG,985,1.1442509273658612,0.7012690194425166,-1.0362096704994208,-1.216824970868168
SC4002E0-PSG,986,1.0089466804628338,1.3322118672907701,-0.5716720847003713,-1.085688922622329
SC4002E0-PSG,987,0.9431779232020975,0.46152588567981473,-1.0646915817290354,-1.2904919769234071
SC4002E0-PSG,988,0.39883643535209573,0.20596104782910504,-1.1866972563473086,-1.1837627922721876
SC4002E0-PSG,989,-0.08747014450495245,0.016472033035372754,-0.046516540603837774,-0.9473432504547086
SC4002E0-PSG,990,1.0419960306871467,0.9358630215228592,0.11490252319866484,-1.1180814243683828
SC4002E0-PSG,991,1.1779498911232444,1.98400644174882,0.46072053156450893,-0.8250076167421179
SC4002E0-PSG,992,0.8997901049855859,1.7390960630962937,-0.20644811629473464,-0.7573393828903237
SC4002E0-PSG,993,0.9000723301918379,1.6543470007876933,0.042370380060366426,-1.063983740926316
SC4002E0-PSG,994,0.3915682495377646,2.0256830836615305,-0.14622829355844047,-1.1676688769259862
SC4002E0-PSG,995,0.41669753032638207,2.4035385434145375,-0.031137812318599925,-0.9286765939719688
SC4002E0-PSG,996,-0.08033890049038596,2.076123551261049,-0.3570885910614124,-1.1842508687758255
SC4002E0-PSG,997,0.2438140180892755,1.2434833284931754,-0.6781261955988122,-1.09703464572913
SC4002E0-PSG,998,-0.4858724364504535,2.001577836834775,0.08182720434220424,-1.1378544226967928
SC4002E0-PSG,999,0.10565547695351739,1.9700581599022549,-0.3309185261895113,-1.2386803067741117
SC4002E0-PSG,1000,-0.3134086534102974,1.9886372447420775,-0.6764495422102296,-1.3424495927618332
SC4002E0-PSG,1001,-0.6743208754305507,2.446409690855529,0.15513814432731365,-0.8672645186279386
SC4002E0-PSG,1002,-0.9035741830969231,0.6363519183009095,-1.0205202864927678,-1.3280451167714604
SC4002E0-PSG,1003,-0.7126655465973188,1.6297642227145777,-0.2822583515335262,-1.0551425077457888
SC4002E0-PSG,1004,-1.4352053931344215,1.1609049588021163,0.8237969830348068,-1.2432464849183593
SC4002E0-PSG,1005,-1.792440816072345,-0.6824613416677796,-0.8385755634735553,-1.2544961111947428
SC4002E0-PSG,1006,-1.3702259468907376,-0.30993720566853666,-0.8206885822083422,-1.2422319416296903
SC4002E0-PSG,1007,-1.6391236837458214,-0.6786621498709425,-0.9152457860045711,-1.167987371671011
SC4002E0-PSG,1008,-1.2103314204217508,0.4116702731099436,-0.2655078976591174,-1.0458006045192432
SC4002E0-PSG,1009,-1.5447580516644555,-0.2677266724972249,-0.80805995354437,-1.306155838347406
SC4002E0-PSG,1010,-2.079744160556228,-1.1414422511734195,0.01230736861513967,-1.3332182695481798
SC4002E0-PSG,1011,-1.579504479163122,-1.044230249819471,-0.7511934673541941,-1.3645607125170967
SC4002E0-PSG,1012,-1.7587177445245965,-0.5099652460003545,-0.4409618632363749,-1.2036922682598308
SC4002E0-PSG,1013,-1.2534214700996,0.14136576793474667,-0.4933768232344334,-1.2405404182178132
SC4002E0-PSG,1014,-1.221729144982157,0.03533291422846007,-1.4081212860645305,-1.3159738858685708
SC4002E0-PSG,1015,-1.162646224570234,-0.43838857233329515,-1.2865915029475918,-1.3268166896751126
SC4002E0-PSG,1016,-1.69906401049605,-1.140689319926185,-0.037235357825340085,0.005455021897574698
SC4002E0-PSG,1017,-1.8863318899203767,0.17671585664390704,-1.4079958341122034,-1.1489801468706378
SC4002E0-PSG,1018,-0.691696104386866,0.3824802560918157,-0.3823476424126231,0.05741589265428695
SC4002E0-PSG,1019,-0.8592484115894181,-0.31247082662923437,-1.7905497165657411,-1.200099301889316
SC4002E0-PSG,1020,-0.602083551699629,0.05537449450912136,-1.050833453893619,-1.2326933719985154
SC4002E0-PSG,1021,-0.500024301881849,0.8065980609078988,-1.2605648706693744,-1.0450900223855146
SC4002E0-PSG,1022,-0.36193073385141844,0.21266819193156936,-1.1634842537602725,-1.1084393425276549
SC4002E0-PSG,1023,-0.6203698783300997,0.8926274301513574,-0.9701975864422978,-1.0972616564638968
SC4002E0-PSG,1024,-0.5815644545951023,-0.34470442891525427,-1.2861514606638265,-1.0122029709649982
SC4002E0-PSG,1025,-0.6552299234204915,0.049863982543253645,-1.262973617193916,-0.9676643013411672
SC4002E0-PSG,1026,-0.605407090574087,-0.22309060908553888,-0.8183737007115868,-0.6285985766129849
SC4002E0-PSG,1027,-0.5997185794603391,-0.7236115412996134,-1.3739124908022038,-1.2257362928096087
SC4002E0-PSG,1028,-0.11306991342300778,-0.49664848534835954,-0.920125357459213,-1.2621595185665164
SC4002E0-PSG,1029,-1.2509748513374457,-0.6110624995220804,-1.9701467172783227,-1.1221085897576415
SC4002E0-PSG,1030,-0.6722371552105598,-1.4133599215463877,-0.8263891245895711,-1.0322368740707937
SC4002E0-PSG,1031,-0.6639430696505212,-0.9754184409531053,-0.5588490738192672,-1.1080114607027316
SC4002E0-PSG,1032,-1.165509876549909,-1.2938841466933513,-0.21737299898160226,-1.2386674195749294
SC4002E0-PSG,1033,-0.581338878348138,-0.7301857347532237,-0.7529758474289318,-1.5002406732454463
SC4002E0-PSG,1034,-0.4162078754639098,-0.4891880415591163,-0.6274151409918082,-1.294357279647851
SC4002E0-PSG,1035,-0.21356698442151476,-0.9380011394620319,-1.545218080865481,-1.607185529877233
SC4002E0-PSG,1036,-0.07639244418006039,-0.414837287447617,-0.040616829084677376,-1.1336662684001388
SC4002E0-PSG,1037,0.5477221891662207,0.25079115716907796,-0.2376773881490179,-1.358596483580922
SC4002E0-PSG,1038,-0.10306531598880106,-1.009676151636793,-1.3237221917450224,-1.4430288865876195
SC4002E0-PSG,1039,-0.08456249995411243,0.010169540572519179,0.21683384705157746,-0.9035865123699449
SC4002E0-PSG,1040,-0.18221139386859866,-0.2109453443023793,-0.8903499394823405,-1.430331145809633
SC4002E0-PSG,1041,0.24177882146457774,0.29115084542922914,0.0201243217039128,-1.3161807574161621
SC4002E0-PSG,1042,-0.0799068970407667,-0.7614285309149708,-1.2389577319505671,-1.4207827757533835
SC4002E0-PSG,1043,-0.12171874038281368,0.19109163627223105,-0.3134036922709808,-1.3060981067971518
SC4002E0-PSG,1044,0.5606957362321836,0.21320247090647004,0.06396237929693656,-1.1625068086680932
SC4002E0-PSG,1045,0.4261834327253111,0.31640587636305156,0.33671893207092995,-1.3982726560673222
SC4002E0-PSG,1046,0.7756603751953901,0.5958578608806602,0.21234956975219488,-1.5994704640703747
SC4002E0-PSG,1047,0.16374029378317684,-0.10441722119771409,-0.590820125835584,-1.5203352256354614
SC4002E0-PSG,1048,0.7859865834828046,0.21765444050673347,-0.1191453957029624,-1.607995296736967
SC4002E0-PSG,1049,1.0441592766227188,0.15322986140926015,-0.5967346406175572,-1.5323633945989494
SC4002E0-PSG,1050,1.0478409938194209,0.4004565832723537,0.2779616568270352,-1.5103302876633284
SC4002E0-PSG,1051,1.1461291097497055,0.9175586694919854,-0.20849935068830047,-1.3544962831229015
SC4002E0-PSG,1052,0.6806381111541763,0.49623153365055894,-0.37550473663505163,-1.2613722783868222
SC4002E0-PSG,1053,0.5380348738737709,0.15738744042011316,-0.16640588064404227,-1.110574090396888
SC4002E0-PSG,1054,0.995220498665519,0.09192050874381792,0.1708504228512129,-1.3632860060475278
SC4002E0-PSG,1055,0.7094945956236861,-0.12761642310012158,0.13157901263470395,-1.2613822145302913
SC4002E0-PSG,1056,1.126946893673724,0.614960266407529,-0.154571505039942,-1.4899362328017376
SC4002E0-PSG,1057,1.0569490559553676,0.7484701556153904,-0.8912521894236378,-1.4983758058958825
SC4002E0-PSG,1058,1.2580304740837414,0.2702535388329129,-0.5105417533698011,-1.726731903762052
SC4002E0-PSG,1059,1.4511555444804838,-0.11837605705643066,-0.3430159049302019,-1.4774175530388114
SC4002E0-PSG,1060,1.100756681502532,0.11756999744828132,-0.2855467359065188,-1.5642264417536922
SC4002E0-PSG,1061,1.6523690515756981,0.06029130496452352,-0.3494560764049989,-1.3185123992532992
SC4002E0-PSG,1062,1.6194458104776284,0.5133440024171922,-0.09756628059868548,-1.286106507981241
SC4002E0-PSG,1063,1.0439820597541676,0.5927320105687589,-0.1074546411773606,-1.5402500546654267
SC4002E0-PSG,1064,1.5033626917995606,0.7148722759230037,0.022976161149528378,-1.5347483430470088
SC4002E0-PSG,1065,1.734363823946627,0.3393398907863498,-0.03889987895633387,-1.5095369992790428
SC4002E0-PSG,1066,1.355611388931944,0.5157024983182735,0.41114351912321095,-1.5411324357633978
SC4002E0-PSG,1067,1.8827103414781727,0.1125049164485321,-0.7882358386637371,-1.6704421177319901
SC4002E0-PSG,1068,1.196019409030946,0.1770502501665679,0.17812432372585627,-1.485586087972331
SC4002E0-PSG,1069,1.5614869489364072,0.40208890175242706,0.4909104235325613,-1.5922115246604482
SC4002E0-PSG,1070,1.808542145245371,0.11182615993500947,-0.40476475209833684,-1.5688710919802151
SC4002E0-PSG,1071,1.7237826661189892,0.6016720521511314,0.2480100671809981,-1.5640594490857016
SC4002E0-PSG,1072,1.8144573325535212,-0.08204352753534812,-0.03134664326020608,-1.5016684208536346
SC4002E0-PSG,1073,2.0864295485379376,0.23906671616096783,-0.8972112816406675,-1.7130642514294767
SC4002E0-PSG,1074,1.5706606601534983,0.3589261295217737,-0.2811133403768034,-1.4387751167897143
SC4002E0-PSG,1075,1.7033488367698968,0.8780151436049694,-0.4205169104713919,-1.6152785348373466
SC4002E0-PSG,1076,1.684800028187536,0.13224103472437176,-0.8065091191232097,-1.5584726254461903
SC4002E0-PSG,1077,1.6121036137324491,0.3598669699100801,0.11926483573260284,-1.4088572601267286
SC4002E0-PSG,1078,1.8803839020095237,0.6519434347416253,-0.3226241782498615,-1.4738693449013294
SC4002E0-PSG,1079,1.7125344271883705,0.2786384060329068,-0.3497763515244141,-1.632901369428487
SC4002E0-PSG,1080,1.8267409904038352,0.6075688148274878,-0.6481235416336018,-1.6697361499832502
SC4002E0-PSG,1081,1.9949017955027897,0.11648402786758005,-0.8274888070494031,-1.5931951766886923
SC4002E0-PSG,1082,1.8234656067519166,0.22513826799364622,-1.0956051306054988,-1.514641296455886
SC4002E0-PSG,1083,1.3622877431693836,0.9236384416779375,2.2100001529599655,1.0280744091874356
SC4002E0-PSG,1084,1.0886533993513723,-0.01778377812957481,-0.8914809442624937,-1.4576693220840173
SC4002E0-PSG,1085,0.36929606506809887,-0.8151784294868336,-1.6929902558474663,-1.2783148962123516
SC4002E0-PSG,1086,0.31922068073051935,0.4570516912713869,-0.8442561151331042,-1.1939967216151839
SC4002E0-PSG,1087,0.10943401270343095,-1.0827575601493473,-1.4340053290886654,-1.5723714056845943
SC4002E0-PSG,1088,0.5927892902173166,0.05939355812910243,-1.124175002481271,-1.251719419655347
SC4002E0-PSG,1089,0.09516478966856279,0.002881018473511324,-1.525419277983091,-1.3223559708620585
SC4002E0-PSG,1090,0.4086000044435281,0.46139137338104924,-0.43858762798186723,-1.3237957780824419
SC4002E0-PSG,1091,0.7054480280370526,0.2775810097121193,0.006017405097295365,-1.3009875864496654
SC4002E0-PSG,1092,0.316944620060143,-0.2931794148251633,-0.9876199673578093,-1.699400717328495
SC4002E0-PSG,1093,0.9414198106623561,0.4492346299771644,-0.6390800720932155,-1.530889233385955
SC4002E0-PSG,1094,1.0404834855024363,0.6583663461996532,-0.6674917404388542,-1.5367108122427098
SC4002E0-PSG,1095,0.8271836626297874,1.159327246982282,-0.18146674615635142,-1.5983513439751553
SC4002E0-PSG,1096,0.9388188937627647,0.6662477080418997,-0.13090193202570785,-1.5541576463017972
SC4002E0-PSG,1097,1.4817175639906817,1.4282534096154,-0.6328160982446478,-1.5451352658813944
SC4002E0-PSG,1098,1.0539022291689146,-0.11985206757060642,-0.7882366496193534,-1.286929502577425
SC4002E0-PSG,1099,0.7478867236201672,0.3434457093126502,-0.8143733149949749,-1.164539584684286
SC4002E0-PSG,1100,0.7013570315617389,0.5343202468445686,-0.8078259734202087,-1.4591592998969012
SC4002E0-PSG,1101,0.621344278029332,0.8127148269775496,-0.06598825104978465,-1.164559332343394
SC4002E0-PSG,1102,1.0398335789824502,0.41517840201937256,-1.2173065572378823,-1.2142241008948333
SC4002E0-PSG,1103,1.4584958608153529,1.1239697277265166,-0.8454109380881347,-1.408544813181183
SC4002E0-PSG,1104,0.1919301895026439,-0.6647614237246449,-1.0389804032386551,-1.3010449648948554
SC4002E0-PSG,1105,0.6834768414872489,0.24786799834662193,-0.17433744574353163,-1.5144063656268543
SC4002E0-PSG,1106,0.9511793661562626,0.04649065262562801,-1.175474142974606,-1.2268683273364425
SC4002E0-PSG,1107,1.099020721892794,0.5968237453850147,-0.613471926271113,-1.4326894410994924
SC4002E0-PSG,1108,1.2585432067516207,0.7500634625873908,-0.5504937724480649,-1.4022323699329515
SC4002E0-PSG,1109,1.1654958054693494,0.3158278345984889,-0.7371704236882373,-1.4777091727744447
SC4002E0-PSG,1110,0.9024698265444457,0.011917044125471649,-0.7825971710426636,-1.4063511759000116
SC4002E0-PSG,1111,0.9846289561409138,0.7306543212958206,-0.5149153826693228,-1.6133480402475255
SC4002E0-PSG,1112,1.26837177477456,0.4377385021894587,-0.22548414294577893,-1.6805058217716176
SC4002E0-PSG,1113,1.3433760904409706,0.5586587334958284,-0.8400368731883312,-1.633949540791786
SC4002E0-PSG,1114,1.7062629085972252,1.6466225598522102,1.1878746575517964,0.9163669275666901
SC4002E0-PSG,1115,0.9540573682610551,0.3741403229334415,1.1816759145490434,0.6379855946797203
SC4002E0-PSG,1116,-0.46990510902095245,-0.3567753394751106,0.4245881632779392,0.09455355092182577
SC4002E0-PSG,1117,-0.6843976219146114,-0.5551431866938987,-0.8948445135990635,-1.2089367956260453
SC4002E0-PSG,1118,-0.6201695246566629,-0.5088193167898335,-0.8603743086748888,-1.1632476144176436
SC4002E0-PSG,1119,-0.07360512997943862,-0.06233172871165262,-0.9441813430283444,-1.005927853365414
SC4002E0-PSG,1120,-0.2175638243561398,-0.7564414932968092,-1.1283039080088872,-1.269761650909441
SC4002E0-PSG,1121,0.2689903612051643,0.12872053482352078,-1.0799459294542293,-1.3258559432342065
SC4002E0-PSG,1122,-0.29534258603320845,-0.7936847244654052,-1.0357553376009214,-1.287855157146888
SC4002E0-PSG,1123,-0.02173731248516645,-0.5947392359406659,-1.1216602545093226,-1.2193421284183725
SC4002E0-PSG,1124,0.12231193794709,0.08202054049633749,-1.5591091696160977,-1.4030355576587383
SC4002E0-PSG,1125,0.16444652922573408,-0.42190972288974526,-0.6318857338544724,-1.457241290255409
SC4002E0-PSG,1126,-0.16483500238904172,0.37701137654049094,-0.9636120382902617,-1.4152408177533002
SC4002E0-PSG,1127,-0.38352402854639567,-0.6486071601380619,-1.166476185536421,-0.9805982680691119
SC4002E0-PSG,1128,0.08719576455808083,0.16432545298462342,-0.7056617418967446,-0.6482760306397883
SC4002E0-PSG,1129,0.3237620258768206,0.905802276392437,-0.5721995300974817,-0.593245270456791
SC4002E0-PSG,1130,0.03706177965054479,0.6814400000375895,-0.743647124068948,-0.49680502546608746
SC4002E0-PSG,1131,-0.07544659217792953,0.5314349165588623,-1.0757875860586457,-1.0830539040053415
SC4002E0-PSG,1132,0.042393609307847205,1.487927934997222,-0.5662650599174532,-1.2108820906104283
SC4002E0-PSG,1133,-1.2097338173640309,0.28972543502999437,-1.3930236119092672,-1.2705482491882847
SC4002E0-PSG,1134,-0.35627693943271754,0.4815056749874586,-1.5346375918850514,-1.4003044652584749
SC4002E0-PSG,1135,-0.9500025031592094,-0.26714647595296354,-1.4286682930207093,-1.0889837080222338
SC4002E0-PSG,1136,-0.4485075270374859,1.5234312801978265,-0.9114870812953759,-1.1101778638403563
SC4002E0-PSG,1137,-0.39090311185207954,0.9162419525555091,-1.500823680166799,-1.387888937933846
SC4002E0-PSG,1138,-1.1115839280293256,-0.036080219711682474,-0.4486960391276718,-1.3431931229188587
SC4002E0-PSG,1139,-2.166239631586622,-1.9160206017934385,-1.246244011232796,-1.5811183755647036
SC4002E0-PSG,1140,-1.6901789836973662,-1.6926769862732234,-1.380378370036587,-1.517921901033662
SC4002E0-PSG,1141,-1.8072500672126561,-0.9824362022576397,-0.6097193147338335,-1.475799929027473
SC4002E0-PSG,1142,-2.024801158214995,0.30474253387931816,0.014654856784813996,-0.14560239702298108
SC4002E0-PSG,1143,-1.5646927190718212,1.7103772425107806,-0.08150135423455615,0.3451700686419634
SC4002E0-PSG,1144,-1.4374811412277977,-1.6892036143519475,-1.7643088596627579,-1.5001145364712185
SC4002E0-PSG,1145,-0.5513355031855454,0.40636935768966403,-1.1536823226635644,-1.236404177194456
SC4002E0-PSG,1146,-1.671168370378997,1.1863404947062455,-0.5177000287420892,-1.2467476260400019
SC4002E0-PSG,1147,-1.6717749405456501,0.17222245964810384,-1.5778887915367392,-1.5392282454748265
SC4002E0-PSG,1148,-1.828641319802707,-0.8969769393358362,-1.423701778563569,-1.5286786430301416
SC4002E0-PSG,1149,-2.0959991202419497,-1.6516467283145586,-0.7616670800898286,-1.5708715372658677
SC4002E0-PSG,1150,-1.764547857530571,-1.6853247464239067,-0.84928963602147,-1.5007515393845972
SC4002E0-PSG,1151,-1.8593568253629522,-0.12585795805124794,-1.1783258128617213,-1.4198600673549435
SC4002E0-PSG,1152,-2.0883232822043944,-1.3056868814391596,0.027565156421949295,-1.4742475985732864
SC4002E0-PSG,1153,-2.1723070483924403,-1.6883831161837066,-0.9676076692489191,-1.338552834245901
SC4002E0-PSG,1154,-2.0336899378799758,-1.6062860460820299,-0.7976907794168668,-1.4002375707800268
SC4002E0-PSG,1155,-2.0394063185446583,-1.1678599532427951,-1.1754743161459729,-1.3962452135229173
SC4002E0-PSG,1156,-1.486334771636299,-1.7025369009939764,-0.7456178044881085,-1.4459433503973822
SC4002E0-PSG,1157,-2.378955669054287,-1.9534861865539506,-0.6663219830533219,-1.335218488423569
SC4002E0-PSG,1158,-2.0499296520065617,-1.2487975322044482,-1.8395430309271614,-1.379233017299956
SC4002E0-PSG,1159,-2.205800135176449,-1.6877404168930674,-1.0541940540654813,-1.4374582123034214
SC4002E0-PSG,1160,-2.0878969719728726,-0.87709118705324,-1.2096849010717652,-1.2107605059918758
SC4002E0-PSG,1161,-2.1190848925950374,-1.1385950854479168,-1.3003449278315011,-1.3858678057620235
SC4002E0-PSG,1162,-2.1865432368115023,-1.3982258967353074,-0.8254849643380721,-1.4964301571528644
SC4002E0-PSG,1163,-1.5514360871312558,-1.8852110264057815,-1.2207403358675923,-1.3823476678659667
SC4002E0-PSG,1164,-1.340245691367079,-1.32529684813863,-0.9392258682167217,-1.2563923631092466
SC4002E0-PSG,1165,-2.0508515087765486,-1.7253252215115222,-1.5513952755458111,-1.2937075441999248
SC4002E0-PSG,1166,-2.441554046132503,-1.5394942924789694,-1.1607445746091294,-1.1979663305315633
SC4002E0-PSG,1167,-0.9881561142943772,-1.3007373934516095,-0.6745182137357916,-1.4938772984895579
SC4002E0-PSG,1168,-1.3720698492472716,-0.8526474760017715,-0.9979404982542261,-0.5316325332868326
SC4002E0-PSG,1169,-1.7139817658563214,-0.5041788033575308,1.3166386828426613,0.7467043373334763
SC4002E0-PSG,1170,-1.9098771248776214,-1.3268731901970523,-1.6853126672566365,-1.4346674073860004
SC4002E0-PSG,1171,-1.5226813238784955,-1.1728218821268968,-1.8207397015524804,-1.544583779359557
SC4002E0-PSG,1172,-1.9164550297386709,-1.5567743728433223,-1.2061640071262776,-1.473520612173513
SC4002E0-PSG,1173,-1.8093994603483705,-1.6171001645844696,-0.7939191846267614,0.2628693510158109
SC4002E0-PSG,1174,-1.700746349324925,-0.6100535076210936,-0.4188120775838176,-0.7572698553136359
SC4002E0-PSG,1175,-2.2010741471884803,-1.9092211443731795,-1.3681850835488114,-1.4705114521045213
SC4002E0-PSG,1176,-1.6583742016053538,-1.1641102996616641,-0.9231831921271616,-0.9877339187542511
SC4002E0-PSG,1177,-1.4271630084660942,-1.8810177983101353,-0.8144146138001161,-1.3322769476395424
SC4002E0-PSG,1178,-2.2177993268271434,-2.2069304220630332,-0.7915291048033831,-0.9539404666387535
SC4002E0-PSG,1179,-2.4065516853295255,-1.0757662759600068,-1.320476739957939,-1.266759669504629
SC4002E0-PSG,1180,-1.752606824115786,-1.8454529261346828,-1.3752470793154221,-0.6022281994920986
SC4002E0-PSG,1181,-2.430767991031762,-1.2247585782748942,-1.005760768895365,-0.8274010943353654
SC4002E0-PSG,1182,-2.005825717011841,-1.7426599795120168,-1.604342399277806,-1.2236794377298754
SC4002E0-PSG,1183,-1.5780926592466398,-1.2922315904731905,-1.8239720445029906,-1.5198816854577266
SC4002E0-PSG,1184,-2.041061288727075,-1.3588310147729787,-1.2848967657117891,-1.475801974499042
SC4002E0-PSG,1185,-2.089179794370057,-1.1754300484471418,-1.8016094855224576,-1.4813733963927427
SC4002E0-PSG,1186,-1.3007161201857746,-0.7936183852557872,-1.7867234987093215,-1.4364318253242303
SC4002E0-PSG,1187,-2.2649120166263415,-1.9026216814174837,-2.1418369528813046,-1.6099757627980986
SC4002E0-PSG,1188,-2.1196071768569205,-1.2516680753185205,-0.8132031365435829,-0.7186519818204211
SC4002E0-PSG,1189,-1.9347448880981788,-1.2797158987525405,-1.1685628913081663,-1.4563698485948755
SC4002E0-PSG,1190,-2.0855867953820915,-1.3922552619810253,-0.19179230372182957,-1.1048241827077314
SC4002E0-PSG,1191,-2.152100071691248,-0.4553778771263426,-0.13214072131406854,-0.9402372435903423
SC4002E0-PSG,1192,-1.460754122963359,-1.9232832241979123,-1.92596614532782,-1.4591600650352865
SC4002E0-PSG,1193,-0.36013810550294206,0.526857363587257,-0.7970557923033457,-0.8852202107220472
SC4002E0-PSG,1194,-1.436461019386126,-0.9863270470344258,-1.7141958102515367,-1.3991015083045986
SC4002E0-PSG,1195,-0.1409458862964902,-0.5775246060888282,-1.3892974147844879,-1.0702301759168305
SC4002E0-PSG,1196,-1.926068275048405,-2.3663499128653185,-1.6256400581510486,-1.4657486349851214
SC4002E0-PSG,1197,-1.4830658521681073,-1.388257765002943,-1.385546563998028,-1.2606700492910197
SC4002E0-PSG,1198,-0.8767874866824187,-0.8813535863778398,-0.8406885266475155,-1.3070600856558994
SC4002E0-PSG,1199,-0.531658792545647,-0.6645546133544816,-1.2533018095171446,-1.254490657932793
SC4002E0-PSG,1200,-1.1047533316946119,-0.18113706637920804,-1.093185473799315,-1.0084610713296855
SC4002E0-PSG,1201,-1.9610746008001574,-2.1674421381470257,-2.011285390047831,-1.3915087197342162
SC4002E0-PSG,1202,-0.5000885235041806,0.21442242424509161,-1.4615730330526377,-1.476675842398126
SC4002E0-PSG,1203,-0.4848415292159399,0.014258657184326062,-1.1918412500912474,-1.2750013269403822
SC4002E0-PSG,1204,-1.4407175582461178,-1.1290986096757016,-1.0288608362545537,-1.239388683960003
SC4002E0-PSG,1205,-1.7463300529541654,-1.7800637669272796,-0.6206196638424483,-1.169558323965703
SC4002E0-PSG,1206,-2.2513446236278147,-1.9082243764542877,-1.8839516831635978,-1.2500513500145571
SC4002E0-PSG,1207,-1.6581764687860574,-1.9937198540845422,-1.569470735362704,-1.1674623883375328
SC4002E0-PSG,1208,-1.2142449211387807,-1.458021369902191,-1.5779012515650739,-1.0947706341778374
SC4002E0-PSG,1209,-1.1565649352748684,-0.8371546560858188,-1.024991948799196,-1.1886906286567167
SC4002E0-PSG,1210,-0.9096359208008618,-0.44756083016870796,-1.1370941786729098,-0.6169646993560306
SC4002E0-PSG,1211,-0.5057613362512573,-0.8959091800196863,-1.2353465884263986,-1.215166033267998
SC4002E0-PSG,1212,-1.0852445074037111,-1.8606542298144229,-1.3923614276364957,-0.8512065805747172
SC4002E0-PSG,1213,-1.0347572932047924,-0.42013706116852906,-1.2810873795297237,-0.46093432067628776
SC4002E0-PSG,1214,-1.7145602064861696,-1.6617905034310745,-1.5773694027232494,-0.872549115057285
SC4002E0-PSG,1215,-0.9823380669155574,-1.8050161594862941,-1.2724334466337304,-1.0016460693391445
SC4002E0-PSG,1216,-1.1908794199571415,-1.682024158331706,-1.2671295612292053,-0.8143838513637098
SC4002E0-PSG,1217,-0.7851779617086322,-0.9937207819727953,-1.3226836967184938,-1.0273124239342235
SC4002E0-PSG,1218,-1.7548401246391705,0.39350350251868804,1.3083977121972488,0.1803596513460791
SC4002E0-PSG,1219,-1.5840829378078167,-2.4618194601959176,-1.6769710342001358,-1.2459273056054698
SC4002E0-PSG,1220,-1.7352955567632347,-0.7627475085353853,-0.8338490947102842,-0.9371381848463471
SC4002E0-PSG,1221,0.7849576384967396,-0.6399735861553131,1.417460283192386,1.5153723574397842
SC4002E0-PSG,1222,-0.2218334327244695,-1.2930868865093714,0.9152186838906565,0.5284783729951967
SC4002E0-PSG,1223,-0.49635349999759515,-1.11020189343598,0.9253610416113646,0.053223850769867215
SC4002E0-PSG,1224,-0.2765202123735657,-0.8036213652344946,0.3289400014756586,-0.08022669108170292
SC4002E0-PSG,1225,1.3033763634473143,-0.8308438222489954,0.40572415036722287,0.679337905036064
SC4002E0-PSG,1226,-0.14137202204189167,-1.5602679686162022,0.32961120343685485,-0.3288965326354998
SC4002E0-PSG,1227,-2.401115309159021,0.13259453600236648,1.1462014549830994,-1.0064247648272417
SC4002E0-PSG,1228,-2.4913343610756713,0.31896728363630467,0.48204891619629114,-1.1169165717704568
SC4002E0-PSG,1229,-2.614145889951507,-0.018689825317755964,0.06762509526249902,-1.1063832572716765
SC4002E0-PSG,1230,-2.3627003167490765,-0.8637207174835502,-0.20538242579143406,-1.182301976768742
SC4002E0-PSG,1231,-2.103060987591038,-0.40118729856836455,-0.5209287091807085,-1.335336361152224
SC4002E0-PSG,1232,-2.440343894928852,-0.7571173558616544,0.5054833822524138,-1.0383866667163841
SC4002E0-PSG,1233,-2.876270289201444,-1.6119974080864183,0.6497467606511738,-0.7513484201565857
SC4002E0-PSG,1234,-2.7816873841237326,-2.3125615137180193,0.03320893348513807,-1.346039664354736
SC4002E0-PSG,1235,-1.097187775213306,-1.4862335645015181,0.5187317299988046,-0.5834233317409117
SC4002E0-PSG,1236,-2.5810266831006397,-1.7982933730690576,0.2731598431606304,-0.6483452604416121
SC4002E0-PSG,1237,-2.174404117964299,-1.4445351227597942,-1.2640748971797262,-1.31868029871665
SC4002E0-PSG,1238,-0.7732022813122092,-1.6698922567873422,-1.1082511310217324,-1.3869400103790772
SC4002E0-PSG,1239,-0.8708057914474466,-1.1543353718318763,-1.8553020751689433,-1.427305007213706
SC4002E0-PSG,1240,-1.2058239303387122,-2.0615805597866057,-1.920463979171317,-0.878743047639427
SC4002E0-PSG,1241,-0.807377895150985,-1.0071859857463543,-1.4924111500379296,-1.0215123330790314
SC4002E0-PSG,1242,-0.9692539690867288,-1.3769547891378437,-1.3363624192529246,-1.0599717894063088
SC4002E0-PSG,1243,-0.9178582301335392,-0.9714505211713669,-1.82182495992171,-1.374088489511698
SC4002E0-PSG,1244,-1.189539701579845,-1.189649355861356,-1.659896289269612,-1.3515616702902664
SC4002E0-PSG,1245,-0.9588832675241867,-1.6411792917102144,-1.4798042691821034,-1.3349075276522264
SC4002E0-PSG,1246,-0.9068162040133075,-0.9045644054795554,-1.2589322897318378,-0.8668747995303704
SC4002E0-PSG,1247,-0.8404829718887303,-1.426083283595138,-1.2545115220697147,-1.363399713039152
SC4002E0-PSG,1248,-0.5829838112108129,-1.0888600211263992,-0.910145863565772,-1.2257554499945806
SC4002E0-PSG,1249,-1.1479931954198694,-1.3264658405451903,-0.9793416828124986,-1.2721735796979625
SC4002E0-PSG,1250,-1.0062551332556762,-1.2889430748538355,-1.1062824300479395,-1.332821519231997
SC4002E0-PSG,1251,-0.49993723849306165,-0.9231729124650825,-1.4246355485457876,-1.5097940052410983
SC4002E0-PSG,1252,-1.0349300105817083,-0.558546230080249,-1.50619913268847,-0.9386625624618454
SC4002E0-PSG,1253,-0.47877679915970717,-1.0335827341354513,-1.4073684413056309,-1.2072124095864154
SC4002E0-PSG,1254,-0.7796135749840911,-0.7324066320136168,-1.096187810114233,-1.1527408086371889
SC4002E0-PSG,1255,-0.10130380767599237,-0.5797798740982546,-0.5719540909504195,-1.0905967234065632
SC4002E0-PSG,1256,-0.5638790875016757,-0.843613602496087,-1.2509213748651966,-1.3799970359362426
SC4002E0-PSG,1257,-0.45427272533372826,-0.661012336300204,-1.0373958112502526,-1.3742418257914106
SC4002E0-PSG,1258,-0.6620458993978119,-1.2593696718755047,-1.3921109353784185,-1.3024963125574482
SC4002E0-PSG,1259,-0.18257533251101554,-0.25528858943453026,-1.1925384678025228,-1.1590748088218197
SC4002E0-PSG,1260,-0.3753861302377946,-1.270521611578416,-1.3540714637790108,-1.2575763325118527
SC4002E0-PSG,1261,-1.026613083063622,-1.2628622862510936,-0.836517038565198,-1.1420076466893132
SC4002E0-PSG,1262,-0.11281781914597501,0.14783257273862763,-0.8099937456824952,-1.2172173084358255
SC4002E0-PSG,1263,0.004308821063856976,0.38724831597997217,-1.0484478861491284,-1.3057958985435965
SC4002E0-PSG,1264,-0.7364085109286591,-1.0428737602169664,-0.9488826760604172,-1.3272170877920768
SC4002E0-PSG,1265,-0.3355991449396539,-0.5456431850227449,-0.7754588453125217,-1.4515356453141381
SC4002E0-PSG,1266,0.08836109519985887,-0.5117594113935519,-0.5118836354342569,-1.4064271853994443
SC4002E0-PSG,1267,-0.1926289330876752,-0.8111259176048521,-0.6824776462985166,-0.8880130883287584
SC4002E0-PSG,1268,-0.358774236158346,-0.5321852921905442,-0.8938579753619724,-1.1896032983268698
SC4002E0-PSG,1269,-0.32710046732663245,-0.3087578726570996,-0.47376661937608666,-1.3306533367595528
SC4002E0-PSG,1270,0.2041238067182771,-0.3426228829240989,-1.0097919416423622,-0.9905665422097217
SC4002E0-PSG,1271,0.013218981600341965,-0.016402239222518704,-0.3268422572960212,-1.341238663683057
SC4002E0-PSG,1272,0.19532076858722275,0.29745777859631184,-0.9771199178310721,-1.1579350251928466
SC4002E0-PSG,1273,-0.40514395066246683,-0.024955461290783566,-1.048306410871833,-1.3625425557337092
SC4002E0-PSG,1274,0.4151896408323881,0.5908727883463333,-0.6148066476819214,-1.4450513065165709
SC4002E0-PSG,1275,0.45152067858018874,0.3114002829825525,-0.1706103687891038,-1.0613329784059002
SC4002E0-PSG,1276,1.0567625236541902,0.07350214794023054,-0.616532454187435,-1.4044483303809834
SC4002E0-PSG,1277,1.032030380400515,-0.22671708553371722,-0.8111063032690492,-1.542444398592189
SC4002E0-PSG,1278,0.9227514844076719,-0.31443479413284015,0.42004429558345413,-1.2835556956152177
SC4002E0-PSG,1279,0.4341621664471178,-0.04818325567333919,-1.3295525377900457,-0.7870706789354156
SC4002E0-PSG,1280,0.1289349511414316,-0.2628721537553647,-1.264753795811213,-0.8660086442627717
SC4002E0-PSG,1281,0.2516862609822821,0.4534827860503601,-0.592000596548493,-1.3256577461043837
SC4002E0-PSG,1282,0.5292435308039836,0.23089057291845128,-0.6155980108253882,-1.2233164869374085
SC4002E0-PSG,1283,0.8771169713572603,0.00023687736486777594,-1.1711911507207127,-1.162725603905687
SC4002E0-PSG,1284,0.8241320851740134,-0.5332269762696513,-0.4580213862797113,-1.3429844376963334
SC4002E0-PSG,1285,1.468936998175861,0.592986820521822,0.4052628384353342,-1.1830152949343524
SC4002E0-PSG,1286,-0.027074548616483386,-1.175300889197763,-1.5265967467126793,-1.3625375365095032
SC4002E0-PSG,1287,0.5618652909427871,0.09075985739806397,-0.6202464730465379,-1.0691030290960226
SC4002E0-PSG,1288,0.22600904783190046,-0.09442642109771052,-0.8280965877283045,-1.3168843329654771
SC4002E0-PSG,1289,0.4414918530753615,0.15036191373013555,-0.4562920544888036,-1.0090699385709152
SC4002E0-PSG,1290,0.8088378436060917,0.45922697265309714,-0.75604425249454,-1.4170540148553807
SC4002E0-PSG,1291,0.6957995268987133,0.21177335012941964,-0.8298562199822448,-1.3679651260475747
SC4002E0-PSG,1292,0.5270578669167539,0.4643776281477434,-0.8692921549866025,-1.2138215648972523
SC4002E0-PSG,1293,0.44951506672247826,-0.359116692851573,-0.8232530779674326,-1.3101205979630655
SC4002E0-PSG,1294,0.9701025537858904,-0.040301806117796775,-0.7154685140489059,-1.1181018007434638
SC4002E0-PSG,1295,0.8824204803768214,0.44074299084512114,-0.1750657609774676,-0.8776378353353259
SC4002E0-PSG,1296,1.144836513219073,0.31709934141615476,-0.45453667353121807,-1.2833113802362244
SC4002E0-PSG,1297,1.1550178631916843,-0.10998468102660115,-0.45619562424633125,-1.4504220223723443
SC4002E0-PSG,1298,1.1382089085573257,0.10586811318188918,-1.0084604689447345,-1.5880179003306854
SC4002E0-PSG,1299,1.3832172227040482,0.3454891922209683,-0.8652869731598241,-1.3400856935726684
SC4002E0-PSG,1300,0.9074833038798491,0.02636526031223762,-1.049699441312235,-1.447423812060377
SC4002E0-PSG,1301,1.6104679886780062,0.5979194650752184,-0.8713262896238829,-1.4197642214299326
SC4002E0-PSG,1302,1.1422193535111207,0.657702098723413,0.5294813435350191,-1.3506308732443086
SC4002E0-PSG,1303,1.0895799302695943,-0.43785594853721527,-0.6894239683296363,-1.4592006425053712
SC4002E0-PSG,1304,0.9391430321525138,0.26867083122202495,-0.2398680722487102,-1.394669161331242
SC4002E0-PSG,1305,1.2805740249297173,0.024417804693954746,-0.4013825966076888,-1.3522194826798073
SC4002E0-PSG,1306,1.5581064656720374,0.6964828786620815,-0.36404607388807825,-1.309029744703612
SC4002E0-PSG,1307,1.2157341894965463,-0.2886623569062365,-0.4634534220034635,-1.3795548986171775
SC4002E0-PSG,1308,1.6052877429008543,0.7077512193727022,0.44536126136839216,0.03861628586059485
SC4002E0-PSG,1309,0.9816560335234745,1.082795770521904,1.3027417218094623,1.3594958743821175
SC4002E0-PSG,1310,0.11966409300036533,0.017813226688770965,-0.827648874840175,-0.5310840036746137
SC4002E0-PSG,1311,0.04503476859901355,-1.1249963697941665,-1.5552311627976976,-0.9914862055759094
SC4002E0-PSG,1312,0.3830093648196824,0.08022327906261739,-0.6491900608720921,-1.2500376067181207
SC4002E0-PSG,1313,0.07975696592946568,-0.34719595997245883,-1.3275694182212439,-1.4861618182099814
SC4002E0-PSG,1314,0.1300349613428998,-0.9962387448117364,-1.8649311694894009,-1.1339697193454896
SC4002E0-PSG,1315,-0.7167163365062714,-0.9390704192752825,-1.5985664813488938,-1.3403116808347304
SC4002E0-PSG,1316,-0.18797723361526275,-1.1328884272940754,-1.0575906408167945,-0.9450914483716497
SC4002E0-PSG,1317,0.3815028075606581,-0.5644858707501335,-0.6000548474844087,-1.2685851090136133
SC4002E0-PSG,1318,0.36123799276662966,-0.47395776989814764,-1.3209347984191864,-1.487261542043747
SC4002E0-PSG,1319,-0.3206450054845127,-0.8788952771937691,-1.703468904826801,-1.303240869652684
SC4002E0-PSG,1320,0.23053803885248583,-0.9168203897749192,-1.2852088277732912,-0.9918379140060163
SC4002E0-PSG,1321,-0.2709094334482401,-0.2450289863928149,-2.054634047326926,-1.4519787663411257
SC4002E0-PSG,1322,0.05409680852359246,-0.3552985301007605,-0.5923689730931286,-0.6465423766477838
SC4002E0-PSG,1323,-0.2814169627683561,-1.015937780118283,-1.1900487967795765,-1.3151323907981451
SC4002E0-PSG,1324,-0.8592462108831562,-1.552366559975715,-1.9371163169282746,-1.0283023925221488
SC4002E0-PSG,1325,-0.3770240095631927,-0.47662177689093377,-0.33368587300984043,-0.7996882999208428
SC4002E0-PSG,1326,-0.3345774023249836,-0.19239950907247477,-0.19618731884257265,-1.3258689859912598
SC4002E0-PSG,1327,-0.27051298488211284,-0.6595211900076554,-1.131662596670266,-1.4216891698259864
SC4002E0-PSG,1328,0.36157885787086175,0.4300274241090642,-0.9868712406638046,-1.0813039104167774
SC4002E0-PSG,1329,0.917271135433654,1.5716220937744085,0.48147810157664755,-1.0531910023691136
SC4002E0-PSG,1330,-0.1487083892042698,-1.1225543722565234,-1.8460316264168264,-1.5103890316646256
SC4002E0-PSG,1331,-0.09917684401855106,-0.9746945480373462,-1.4293887846206166,-1.1563494698810832
SC4002E0-PSG,1332,-0.0020135133481707307,-0.31283230742611956,-0.8842270336636381,-0.993607548158784
SC4002E0-PSG,1333,0.3519244529803337,-0.03527230361089497,2.425466234298435,1.92335053452975
SC4002E0-PSG,1334,-1.597305427343989,-0.4781873981084403,0.9683984927826428,0.34682839662052384
SC4002E0-PSG,1335,-0.999199201748221,-1.717892431494781,-1.578008465893199,-1.280672131571761
SC4002E0-PSG,1336,-0.9012429787264786,-2.3304727085287626,-1.3712796960583176,-1.4315656820949958
SC4002E0-PSG,1337,-0.34161601946192743,-0.2375279651379447,-0.9326503852958166,-1.2053983850753662
SC4002E0-PSG,1338,-0.027894596372067402,0.19302661284092773,1.0722971597973812,0.9020085936178193
SC4002E0-PSG,1339,-2.280766793843964,-0.8961347961662454,1.0147184847097486,-0.1883024154464167
SC4002E0-PSG,1340,-1.4840887835286907,-2.198135796180132,-1.0682781502470973,-1.1266862206485986
SC4002E0-PSG,1341,0.35524749522523463,0.04914393534994187,-0.9627501474438541,-1.2589315735841144
SC4002E0-PSG,1342,-0.7650770553884805,-0.9560911980994097,-1.6787833797334606,-0.8892056293525163
SC4002E0-PSG,1343,0.16440400607810748,0.20613830121102697,-1.3738130834648976,-0.9689396288134354
SC4002E0-PSG,1344,0.32612177936759806,0.10858611712125102,-1.270918607103951,-0.6170414547381842
SC4002E0-PSG,1345,0.28213898260516973,-0.24359056348207425,-1.2363998785208252,-0.7531148456300615
SC4002E0-PSG,1346,-0.06126091922444844,-0.006663899853539362,-1.0408782912691543,-1.4147458496654108
SC4002E0-PSG,1347,-0.8008390678269565,-0.3228677400460078,-1.215907164914831,-1.1729679735333458
SC4002E0-PSG,1348,-1.193617927305426,-0.4624397536318531,-1.0045325969202898,-1.1984082175719948
SC4002E0-PSG,1349,-1.4842815125944429,-1.7361556203739341,-1.8459231569001278,-1.4577675034201243
SC4002E0-PSG,1350,-1.383841885681552,-0.5802598485846592,-1.4637687871632494,-1.5006095321307613
SC4002E0-PSG,1351,-1.8441359227290672,-0.29872113223402147,-0.3880963657718418,-1.1491882559842244
SC4002E0-PSG,1352,-1.9513803612714398,-0.6212909102123745,-0.672313061359473,-1.2723597342299853
SC4002E0-PSG,1353,-2.3387196240036565,-1.8374110019514593,-0.5619776438263449,-1.554745167157518
SC4002E0-PSG,1354,-2.0894397359833943,-1.5133703221729,-0.8513898959000802,-1.54443036923021
SC4002E0-PSG,1355,-2.1197921139461013,-1.6895598847547155,-1.1885798612036171,-1.4186727942515114
SC4002E0-PSG,1356,-2.2104135368984412,-0.6402683184792793,-0.6296118559595357,-1.2626478507371826
SC4002E0-PSG,1357,-1.7039038755278473,-2.5168037798273364,-0.7386379390353895,-1.361930557595065
SC4002E0-PSG,1358,-2.0231224571607074,-2.2789004833362974,-0.9178086043694904,-1.5036270040712687
SC4002E0-PSG,1359,-1.8243428077375397,-1.5002195878773688,-1.6546662174688498,-1.495619305947947
SC4002E0-PSG,1360,-1.9124847843425903,-1.2961543511742308,-1.3122773297862345,-1.4359360657847953
SC4002E0-PSG,1361,-1.9265380134167116,-2.475215651548763,-1.158317377906771,-1.265905007597856
SC4002E0-PSG,1362,-1.1241244928114456,-0.6209688783260857,-0.46354766719954005,-0.8007227378784326
SC4002E0-PSG,1363,-2.0684210000969387,0.4546142785826286,1.5824090952700827,0.9441776873942066
SC4002E0-PSG,1364,-2.3816443818860478,-0.3640881264450038,1.1322572086159397,-0.7470974920779595
SC4002E0-PSG,1365,-2.627212886576105,-1.6586723027860406,-1.1133518482577671,-1.2350276955212016
SC4002E0-PSG,1366,-2.0926703748884714,-1.930385467356358,-1.476464949680428,-1.2412423165974955
SC4002E0-PSG,1367,-0.5884438631514837,-0.7118740692005776,-1.9371592401098365,-1.3235715386942297
SC4002E0-PSG,1368,-1.387165636247825,-0.5632504281987153,-1.7566996204501466,-0.8973182034110327
SC4002E0-PSG,1369,-0.3652206069327166,-0.6557638312268049,-1.149649549927914,-1.3389064647514464
SC4002E0-PSG,1370,-0.9587073695537092,-0.9936799353517523,-1.788753822733736,-1.423283106890806
SC4002E0-PSG,1371,-0.6193291458050567,-0.7085123175556736,-1.071871105005398,-1.144782850793482
SC4002E0-PSG,1372,-0.14472342917459458,0.593142066824416,-0.9587795022227589,-0.9078785750319385
SC4002E0-PSG,1373,-1.003553814746815,-0.40443663290452836,-0.8164801253680418,-1.1227505851306738
SC4002E0-PSG,1374,-1.2653872077124955,-1.5972138002717815,-1.603859763401488,-1.018540766776075
SC4002E0-PSG,1375,-0.9897679554638014,0.13784591521782336,1.4466481297402978,-0.7025958390249906
SC4002E0-PSG,1376,-2.7210255661682496,-1.0360818621525885,-0.6953938911998035,-1.1692887894155055
SC4002E0-PSG,1377,-1.4509796726400526,-1.7834660883101867,-1.6597954576634242,-1.150272559899439
SC4002E0-PSG,1378,-1.008101817616925,-0.6356352442261519,-0.6639504107253039,-1.2266285179417165
SC4002E0-PSG,1379,-1.2359608563188407,-0.8249011240605068,2.0905489836434725,1.5542953591379864
SC4002E0-PSG,1380,-2.4495109818316756,-1.916427403104653,-0.4981259979963109,-1.0757691081717757
SC4002E0-PSG,1381,-0.497059322527347,-1.1149121373873814,1.1784257657789523,0.6990934534784142
SC4002E0-PSG,1382,-1.1477192411627632,-2.129151842119806,0.9590613863655504,-0.09587624348521989
SC4002E0-PSG,1383,-0.3807726402898024,-2.2536465520196303,0.611091431294962,-0.0921517271142637
SC4002E0-PSG,1384,-0.9033619732453803,-2.087789249307384,0.9621203625067504,-0.12740002782603588
SC4002E0-PSG,1385,-2.6210847290165513,-1.8424269923290193,0.6807942395701483,-0.7492913884531426
SC4002E0-PSG,1386,-0.13789316333657747,-1.8543897212062581,0.7514057646336906,0.6222147106002439
SC4002E0-PSG,1387,-1.8887542199337413,-1.683893038790015,0.39036683262965793,-0.005536438953920409
SC4002E0-PSG,1388,0.37283379926394067,-0.40947752986216956,1.3319151586603952,1.1661853609716117
SC4002E0-PSG,1389,0.5384196176345112,-1.01787348476224,0.35819830254275925,0.4620011660547992
SC4002E0-PSG,1390,-0.8154547487999507,-1.4353245639861154,0.7511523358794203,-0.9213185964029842
SC4002E0-PSG,1391,-1.800029258280712,-0.8458092007400846,0.9742804372848964,-0.7788079795929432
SC4002E0-PSG,1392,-0.13085636177321835,-1.5229276326384407,0.5387128778616206,-0.5266303336778915
SC4002E0-PSG,1393,0.23140527807414,-1.6182241282224654,0.13062672154006902,0.2526795064538532
SC4002E0-PSG,1394,0.5172819634377543,-1.7317445990681386,0.388391831129496,-0.38236428936400224
SC4002E0-PSG,1395,-2.660343513467984,-1.411013323743568,0.788175397620834,-1.178551239197514
SC4002E0-PSG,1396,-2.695243257146625,-1.0044005159287797,0.6061024216210437,-1.1882494321122883
SC4002E0-PSG,1397,-2.5912831985327447,-1.4117706822567702,0.7688409127488108,-1.3617812015440522
SC4002E0-PSG,1398,-2.6744547916548855,-2.5938454275174867,-1.0994523313386984,-1.5413541296846154
SC4002E0-PSG,1399,-2.734692433088287,-1.5459367903724315,-1.1479703826399374,-1.3743410209200497
SC4002E0-PSG,1400,-2.483406244142127,-2.1414469163720207,0.6909318409241823,-1.2536574163888201
SC4002E0-PSG,1401,-2.6089770538402774,-1.982822610510835,0.23903231322038418,-1.441132772909502
SC4002E0-PSG,1402,-2.847377519568236,-2.6155683242355243,0.46800774201752876,-1.3881274047735606
SC4002E0-PSG,1403,-2.696207711806558,-1.0436422086699164,-0.16931093977888773,-1.4104189809954975
SC4002E0-PSG,1404,-2.7157141583421924,-2.350592572002826,-0.021011582270173933,-1.4170438103491703
SC4002E0-PSG,1405,-2.8780258378891816,-1.9192700730538845,0.9380218279386503,-1.4075041503250731
SC4002E0-PSG,1406,-2.768559094645561,-1.3556598683882823,-0.18314458563490174,-1.4608673025585914
SC4002E0-PSG,1407,-2.3820786525301285,-1.98892566083845,-0.8666485927777378,-1.5340695307771524
SC4002E0-PSG,1408,-2.0887881962099875,-2.2603799360008696,-1.5573855295580767,-1.392642086790396
SC4002E0-PSG,1409,-1.2953726140503212,-1.3682230982248011,-1.9359027063760417,-1.5001356369728742
SC4002E0-PSG,1410,-1.2573929329022366,-1.6514998069568323,-2.410033579594193,-1.6723462478698492
SC4002E0-PSG,1411,-1.1753839352838993,-1.873614458571753,-1.9707502857496926,-1.5442764934068174
SC4002E0-PSG,1412,-0.32731237045468636,-0.02189932882971632,-1.7543573728510922,-1.0689849080746385
SC4002E0-PSG,1413,-0.9267909218801639,-1.3530316584594333,-1.6968120946234155,-1.2600645647378599
SC4002E0-PSG,1414,-1.320514852666837,-1.5534479227047302,-1.6949266750047165,-1.0593454415536412
SC4002E0-PSG,1415,-1.2617717468683582,-1.7688846694595504,-1.6125896675992468,-1.046429675089993
SC4002E0-PSG,1416,-0.6705833850770248,-1.3325339484987373,-1.8403838058594861,-1.3406322462309859
SC4002E0-PSG,1417,-1.168820754710249,-2.063504258820305,-1.553364602371746,-1.3400342347541538
SC4002E0-PSG,1418,-0.5646634183139764,-1.0383030693882807,-1.4537291850950904,-1.1026761676660752
SC4002E0-PSG,1419,-0.9329104443743074,-1.150708501677849,-1.9290215796066346,-1.2664147323194235
SC4002E0-PSG,1420,-0.8834665534880657,-1.0043953596045214,-1.1048282633076985,-0.8918909387366794
SC4002E0-PSG,1421,-1.1648851727739342,-1.7051427238002204,-1.9394567274211483,-1.1507928374285377
SC4002E0-PSG,1422,-1.3584550194212495,-1.6293290556053857,-1.0532821702269197,-0.9256570837563564
SC4002E0-PSG,1423,-0.8866962677727235,-2.108500575217393,-1.5284360056740882,-1.521485172570646
SC4002E0-PSG,1424,-1.023042480872108,-1.1015910022060773,-1.2962776340364877,-0.9390094705745792
SC4002E0-PSG,1425,-0.9180199162591083,-1.381351580598922,-1.4502006811732269,-1.2264656864554213
SC4002E0-PSG,1426,-1.1848785123719525,-1.7097905980448784,-1.2337731970154435,-1.1650890355346348
SC4002E0-PSG,1427,-0.6751152491537267,-1.0175126948815256,-0.7736558519689621,-1.0154324831961223
SC4002E0-PSG,1428,-0.9510578313495311,-1.108210133112078,-1.4454748234384722,-1.3495314826201794
SC4002E0-PSG,1429,-0.8357597229832703,-1.0556230426907975,-0.527141913498129,-1.2032474509962325
SC4002E0-PSG,1430,-1.114446669013098,-0.9820185391845011,-0.4672223770450401,-1.134876095962709
SC4002E0-PSG,1431,-0.7171176374880399,-1.052030698175454,-0.8479062848990079,-1.0376609374077546
SC4002E0-PSG,1432,-1.3138803015392835,-1.2459272972841462,-1.332746156544692,-1.080178464317991
SC4002E0-PSG,1433,-0.551953141186643,-0.42829119838961294,-0.8311377858008839,-1.2960341135107676
SC4002E0-PSG,1434,-0.23011121179665714,-0.6563634089744205,-0.6178289889506694,-1.1143471223251045
SC4002E0-PSG,1435,-0.7191600706068051,-0.9052238623200375,-0.7314680131763059,-1.0805364499272672
SC4002E0-PSG,1436,-0.6526120046656171,-1.0850895676151138,-1.1048261627966853,-1.2461133402890876
SC4002E0-PSG,1437,-0.3231915092484176,-0.7898948300744363,-0.8470691086485852,-0.917977805741288
SC4002E0-PSG,1438,-0.3590015270419308,-0.2969165971556417,-0.3055407324746027,-1.3113631446835732
SC4002E0-PSG,1439,0.0742056591517346,-0.43954167446342524,-0.8561657670888523,-1.4812604196739991
SC4002E0-PSG,1440,0.06974841355426825,-0.2889215949166465,-0.5161933800306524,-1.0098289112903576
SC4002E0-PSG,1441,-0.4223203263502737,-0.5194209821570118,-1.2019995819209914,-1.351249082731782
SC4002E0-PSG,1442,-0.11454872896051368,-0.03646947851563588,-0.49168022639351805,-1.0401242062773601
SC4002E0-PSG,1443,0.46354047658125136,-0.4179568347441107,-0.8304431730781104,-1.073994625564925
SC4002E0-PSG,1444,-0.03725911661415368,-0.3300182028541216,-1.153556794375762,-1.065937200614377
SC4002E0-PSG,1445,-0.35807534686143966,-0.736032889233217,-0.6189909655892178,-0.90744038954726
SC4002E0-PSG,1446,-0.6923959600599244,-0.7594033732995463,-0.19770026273226,-1.0735070405524205
SC4002E0-PSG,1447,0.17973569506966883,0.16309650962323435,-0.6485949294024601,-1.1380595999170169
SC4002E0-PSG,1448,-0.09771147981493526,-0.4539911062851147,-0.854643406900479,-1.424418398042011
SC4002E0-PSG,1449,0.7553471207587829,1.8558395053227883,2.032781517490621,1.5607827809712682
SC4002E0-PSG,1450,0.32624749618289894,0.018030564543820536,-1.080898421146234,-1.1430353787106242
SC4002E0-PSG,1451,-0.4200583783929207,-1.8334890650872515,-1.7469087975822475,-0.844686511260007
SC4002E0-PSG,1452,-0.5704233132516812,-0.8892203789158023,-0.8056892965492556,-0.6426173061093281
SC4002E0-PSG,1453,-0.4722868255243733,-0.4169485349060604,-0.7268555805430981,-1.1767687958217856
SC4002E0-PSG,1454,-0.5202068407726127,-1.6026445072248872,-1.5410547234921974,-1.3174095322698909
SC4002E0-PSG,1455,-0.3153567515788596,-0.8013561227702504,-0.8134463635076153,-1.1728265260177535
SC4002E0-PSG,1456,-0.2882842745223518,-0.6188050494780634,-1.3135016296148343,-0.9631651871230884
SC4002E0-PSG,1457,-0.28530915708643323,-1.1117608510133243,-0.8430580806799404,-1.3946187488785458
SC4002E0-PSG,1458,0.662337757215265,0.34074615176386214,-0.24886864701593372,-1.2482632465703376
SC4002E0-PSG,1459,-0.02761363282822469,-0.41145751247914225,-1.1205314357048044,-1.5163871713949464
SC4002E0-PSG,1460,-0.1827796016211657,0.02954813485954472,-1.0073439814905716,-1.4468365674241597
SC4002E0-PSG,1461,0.4344762670540416,0.10230026637319639,-0.47808564885262983,-1.1123830174429974
SC4002E0-PSG,1462,0.4124381110416181,0.09733668744902223,-0.5228411266090351,-1.35044911999474
SC4002E0-PSG,1463,0.3210252496479548,-0.382730376819395,-0.8394196383143553,-1.3761812379686684
SC4002E0-PSG,1464,1.1935786208159318,0.39611551536478506,-0.5692107980371992,-1.3934839422840295
SC4002E0-PSG,1465,1.234009911573149,0.18744934959673645,0.029770815692524988,-1.643514915098193
SC4002E0-PSG,1466,0.6240818565688958,-0.04723244082170168,-0.7851298939146034,-1.4536691968352256
SC4002E0-PSG,1467,-0.9696158682155614,-1.028401542044962,-1.053812680851334,-0.8182035218101663
SC4002E0-PSG,1468,-0.24523991566072262,-0.24473816899268555,-0.4943704890384553,-0.9099861016776111
SC4002E0-PSG,1469,-0.1516396491290796,-0.44267162725058906,-0.9042172227222194,-1.2612294954188952
SC4002E0-PSG,1470,0.02834141488255679,0.8382273116719124,-0.6322492899783064,-1.1805277268368217
SC4002E0-PSG,1471,0.3944287592171204,-0.19432710899569736,-0.989883590740279,-1.071960081959961
SC4002E0-PSG,1472,0.6135179931237308,-0.18473334218722495,-0.45245145697073974,-0.9009589509105188
SC4002E0-PSG,1473,0.22625501127183476,-0.6606668500168188,-0.47752088270524207,-1.3193130398567219
SC4002E0-PSG,1474,0.7973807067222544,0.20067199913044417,-0.9855503387652453,-1.4491565520361585
SC4002E0-PSG,1475,0.8849040946323354,-0.10538884887429353,-1.0023350332855039,-1.2449644663324946
SC4002E0-PSG,1476,1.257776726332285,0.3717347689059386,-0.40964459168746226,-1.259777163131464
SC4002E0-PSG,1477,0.7571767905872585,0.18906247398422293,-0.7733559163668803,-1.625081915448121
SC4002E0-PSG,1478,1.0974895010622256,0.6392622100845505,-0.7540787438059877,-1.3803944509998232
SC4002E0-PSG,1479,0.9474558953866379,-0.4815395523374138,-1.0123820781285213,-1.5717933621027096
SC4002E0-PSG,1480,0.9296660814899579,-0.17903921722674657,-0.20073410834877561,-1.3560057947680149
SC4002E0-PSG,1481,0.9910497222413422,-0.04743026152931301,-0.9465071752625684,-1.7464015069124506
SC4002E0-PSG,1482,1.4374858305381752,1.3183941794634033,2.35253572202903,1.639120044232152
SC4002E0-PSG,1483,0.7636752401680214,-0.21907532759751916,0.3520310157782201,0.16478316189035286
SC4002E0-PSG,1484,-0.042382108753417656,-1.5672051577616406,-1.3415176037634686,-1.07074141835064
SC4002E0-PSG,1485,-0.14668249129976077,-0.561441376974568,-0.7330386978352683,-0.759431958410832
SC4002E0-PSG,1486,-0.4496839879460627,-1.2538118108169933,-1.5968250811296874,-1.1702156952871772
SC4002E0-PSG,1487,0.19173931538683794,0.46553979601666673,-0.6586009828132647,-0.8352152811702727
SC4002E0-PSG,1488,0.640152734832589,0.6618948236015474,-0.4933460571046807,-0.7451058137329384
SC4002E0-PSG,1489,0.4317525925645915,0.019417763772689244,0.34059792396590693,-1.1923843456564358
SC4002E0-PSG,1490,-0.43319908676040964,-1.5779031231409602,-1.5802625097612408,-0.5911918345756112
SC4002E0-PSG,1491,0.5673647555012187,0.2088948222890674,-1.0055106837095866,-0.6827981134861403
SC4002E0-PSG,1492,-0.3956954557271555,-0.47936552509276414,-1.3069192117921884,-1.1957650621715767
SC4002E0-PSG,1493,-0.320459698770599,0.12828968158163573,-0.8141694744661238,-0.5955512573407612
SC4002E0-PSG,1494,0.229562797516036,1.1752795311627244,-0.16586148724510344,-1.0070161012592669
SC4002E0-PSG,1495,-0.1536589237322688,0.3465150678142944,-1.3194160995448165,-1.0906496149590847
SC4002E0-PSG,1496,0.13039519658521986,0.591140728862555,-0.5664347108778562,-0.993149484782564
SC4002E0-PSG,1497,-1.009448578364226,0.23089691862112768,-0.7626009190513542,-1.2524905284081929
SC4002E0-PSG,1498,-1.4379381061641534,-0.6225973232805763,-1.2118511717239788,-1.1481024096444106
SC4002E0-PSG,1499,-1.8809264400086156,-1.145657428739813,-1.025869296769219,-1.352666072925693
SC4002E0-PSG,1500,-1.9075925966561498,-1.1643966795648908,-0.8758340605320899,-1.5253661036638404
SC4002E0-PSG,1501,-1.6271983142047628,-1.435134864199881,-1.7119689033469232,-1.3849006507736727
SC4002E0-PSG,1502,-1.800875897793581,-1.9627456726960855,-0.4285126601112658,-1.2193332033218647
SC4002E0-PSG,1503,-2.049075945351978,-1.6995581473623038,-1.7220888595143264,-1.4536740709694838
SC4002E0-PSG,1504,-2.055338749269177,-1.8027500346313012,-1.1906005331140177,-1.3252137418348808
SC4002E0-PSG,1505,-1.6521373104598787,-2.0084665237325723,-1.224022161834576,-1.332277109343481
SC4002E0-PSG,1506,-1.8793875727479143,-1.5083455453441714,-1.3394330504894574,-1.4288186646256789
SC4002E0-PSG,1507,-1.734606442907562,-1.8788142097794323,-0.8648765785041803,-1.1515850105144354
SC4002E0-PSG,1508,-2.295389170455468,-1.8339204816133734,-1.5907174202005077,-1.349306260964574
SC4002E0-PSG,1509,-1.9244748044515343,-1.6402710142406338,-1.1836239555148405,-1.4455781625593915
SC4002E0-PSG,1510,-2.3018391244698195,-1.6230683256374263,-0.6285853559351138,-1.4020691138695116
SC4002E0-PSG,1511,-1.693945778363584,-1.8071865687386808,-1.353941590660333,-1.4849382590390054
SC4002E0-PSG,1512,-1.66173988458221,-1.1173320372090045,-0.9927800436694174,-1.1724774983509503
SC4002E0-PSG,1513,-1.1452609227103923,-0.4024581463110913,1.5373115464776554,1.0061658367438
SC4002E0-PSG,1514,-2.551228260642942,-1.4736054366379423,-0.5354026678386568,0.2619671304007767
SC4002E0-PSG,1515,-2.0022565531501866,-2.025393994665341,-1.3694018484410333,-1.2238808382121613
SC4002E0-PSG,1516,-2.1636793954180202,-1.3253088555910775,-1.3644637713023557,-1.4725916134675523
SC4002E0-PSG,1517,-2.006843572294836,-2.1585905840170985,-1.8534695650091162,-1.51932596452916
SC4002E0-PSG,1518,-1.3198540607033569,-0.8280740070684114,-0.013470793253938549,0.47313714134043044
SC4002E0-PSG,1519,-2.3070048823437115,-0.8814576344236345,-0.9601955183054955,-0.9720850044203798
SC4002E0-PSG,1520,-2.060228404202317,-1.8608515492196833,-1.9306755859154356,-1.4755893815498187
SC4002E0-PSG,1521,-2.2776416686655727,-1.688067103724049,-1.8193851222909991,-1.4299256334953985
SC4002E0-PSG,1522,-0.7841361970920129,-2.0508145591494333,-0.2326080210210806,0.10272016663034192
SC4002E0-PSG,1523,-2.2029199351094775,-1.3621859487487018,-0.463824324919785,-0.6524643362350848
SC4002E0-PSG,1524,-2.213229215878976,-1.675635787165677,-1.4009525077612432,-1.469094631175294
SC4002E0-PSG,1525,-1.9685405965961587,-1.4449315290050686,-1.9022718448767542,-1.536083344830568
SC4002E0-PSG,1526,-1.9542994017038127,-1.9616143885658555,-1.7068929115292424,-1.2817594959405099
SC4002E0-PSG,1527,-1.8340089302104892,-1.8956589285502456,-0.9726181286023429,-1.2869311426863674
SC4002E0-PSG,1528,-2.186928102776618,-2.5019173790771227,-1.3626958285618822,-1.4628633277455458
SC4002E0-PSG,1529,-2.1996889110929936,-1.939604679394811,-0.8753385082717687,-1.3342117869439742
SC4002E0-PSG,1530,-2.1852568118251603,-1.8460656117081589,-1.2608154135546157,-1.4646121825391694
SC4002E0-PSG,1531,-1.5343025429070558,-1.5176559874516788,-1.1214153157879425,-1.4338215173734385
SC4002E0-PSG,1532,-1.6087304827893152,-1.8650078608282377,-1.1857506698982407,-1.2548666265287824
SC4002E0-PSG,1533,-0.8638735136440091,-2.81961695765952,-1.3766839088732938,-1.2213638764428358
SC4002E0-PSG,1534,-0.8827530329567594,-1.1934888737157536,-1.0569327120757845,-1.046890456608851
SC4002E0-PSG,1535,-2.3210173770747335,-2.5625545543495565,-1.2295321314929308,-1.0421365642947433
SC4002E0-PSG,1536,-1.7975225225557656,-1.1491025822984804,-0.7075436215586957,-1.2504062626048715
SC4002E0-PSG,1537,-1.7184259742616979,-2.5741705212285484,-0.8590547397310612,-1.0623587425829157
SC4002E0-PSG,1538,-1.4625914691199964,-2.229198557662119,-0.8541002879922428,-0.7608924872234809
SC4002E0-PSG,1539,-1.4406315767805968,-1.8494176081637952,-1.186242561123942,-0.9151147363450237
SC4002E0-PSG,1540,-1.2892013112345155,-1.889859200769765,-1.762104309100011,-1.155927453241893
SC4002E0-PSG,1541,-0.32454330630025374,-1.8851461493960338,-1.08614260900252,-0.8615158658751544
SC4002E0-PSG,1542,-1.4197061070550017,-1.9494724664275906,-1.4275791073932966,-1.0293036643391358
SC4002E0-PSG,1543,-1.6114356259080937,-2.1138014458201084,-1.6351721256157223,-0.997250470719131
SC4002E0-PSG,1544,-1.8235964952088501,-1.921336370115197,-1.5171644028231352,-1.232335540855738
SC4002E0-PSG,1545,-1.222545727491041,-1.97391211099893,-1.2677632880350553,-0.9334346435694155
SC4002E0-PSG,1546,-2.1672075260060146,-2.1090894337859596,-1.880794622469193,-1.2444581203894358
SC4002E0-PSG,1547,-2.430273838177367,-2.3638885225067297,-1.2783823329504806,-1.1604796896530027
SC4002E0-PSG,1548,-1.8376010403199554,-1.4944688235825752,-0.9360671121440978,-1.2034659101626526
SC4002E0-PSG,1549,-1.5739821006525456,-1.61686350097455,-1.4840652508666372,-1.374579851466957
SC4002E0-PSG,1550,-2.6338580203487436,-3.026086397608954,-1.2797736674715332,-1.1485884416657401
SC4002E0-PSG,1551,-2.1834804115405997,-2.254778567550748,-0.7893404305291433,-1.2177680518276834
SC4002E0-PSG,1552,-2.2150404709286637,-2.3810415697335294,-1.7098755296349546,-1.3099625785657196
SC4002E0-PSG,1553,-2.2802967946130392,-2.498201205294479,-1.7154733935934507,-1.1456159251473466
SC4002E0-PSG,1554,-1.752846334286493,-1.7450713827032103,-1.2738987058175049,-1.080468948642548
SC4002E0-PSG,1555,-2.5226306003180223,-2.0169368688092706,-1.6083578300437802,-1.3102405059440256
SC4002E0-PSG,1556,-2.013010604006906,-2.4989856360923315,-1.5920037422537503,-1.4386589282839404
SC4002E0-PSG,1557,-2.297656703952552,-2.363347541181523,-1.8905453058604942,-1.4908147471898148
SC4002E0-PSG,1558,-1.9017232650461677,-1.2009275050021064,-1.169889863593552,-1.011014382555943
SC4002E0-PSG,1559,-2.249850669346747,-1.8350419223753318,-0.7945136067267937,-0.8677594881298705
SC4002E0-PSG,1560,-0.5964098094918574,-1.3530810420158423,0.9396417085032324,1.164380948881988
SC4002E0-PSG,1561,-1.992358005098521,-1.4318323198218896,-0.4420100237905559,-0.8278910485487936
SC4002E0-PSG,1562,-2.275382592047193,-1.8458425738060484,-2.0690481617443783,-1.3848864420471363
SC4002E0-PSG,1563,-2.012064403362333,-0.4160507414908719,-1.9102748593548373,-0.9887092953075033
SC4002E0-PSG,1564,-1.710966273875121,-1.5569716194854102,-1.6882767726861458,-1.2455919404422695
SC4002E0-PSG,1565,-2.3119783420309634,-1.1977398116781917,-2.01875389162755,-1.4306539136520426
SC4002E0-PSG,1566,-1.2048388649034392,0.24477735878943072,-1.1846576661286994,-1.0967022688445454
SC4002E0-PSG,1567,-1.6752004497665682,-1.3987195172618216,-2.0140662161423983,-1.500715043580332
SC4002E0-PSG,1568,-1.4504208468756798,-0.711175951358953,-2.0089844537970714,-1.3296756764706716
SC4002E0-PSG,1569,-1.648668492793597,-1.3766031948125554,-1.3619394524030162,-1.185830199874516
SC4002E0-PSG,1570,-1.4167790006100152,-1.2141634931790588,-1.7206105751828438,-1.28801249971739
SC4002E0-PSG,1571,-2.248916370730986,-2.1051069720364524,-1.8623034902902398,-1.4786444253479079
SC4002E0-PSG,1572,-2.3606976016334715,-1.5064125139829037,-1.9859246338468426,-1.5408429067633478
SC4002E0-PSG,1573,-2.411647348190311,-2.526266963182849,-1.735134940302754,-1.448460256683395
SC4002E0-PSG,1574,-1.812671950380315,-1.6841175811079525,-2.1160411717734244,-1.5021073302440653
SC4002E0-PSG,1575,-1.8997686969950152,-1.5788279214642968,-1.924286767150244,-1.568667487660193
SC4002E0-PSG,1576,-1.8367924664744837,-1.3905396444235536,-1.5691992120524778,-1.5474888938011548
SC4002E0-PSG,1577,-1.9473652581101237,-1.5595763850807818,-1.6346002302996878,-1.4559831534772523
SC4002E0-PSG,1578,-2.1967381682627236,-2.1751442765704794,-2.080275754843176,-1.3365512625359397
SC4002E0-PSG,1579,-1.6664325108237887,-1.5662581115401752,-1.9243339849996772,-1.4095946913492323
SC4002E0-PSG,1580,-1.8839751416384916,-1.0157911434519995,-1.1537674406960634,-1.4200497949865172
SC4002E0-PSG,1581,-2.3490562718721817,-1.7442114112321632,-1.7651124360824708,-1.4907067361993092
SC4002E0-PSG,1582,-2.1798388664725716,-1.7924835851599688,-1.938235829054766,-1.5230296537152674
SC4002E0-PSG,1583,-2.0521810010930226,-0.94730974232702,-1.8616848820247482,-1.4857869698782464
SC4002E0-PSG,1584,-2.108798420405606,-1.7582280305766294,-1.4884180335827515,-1.0875625453005575
SC4002E0-PSG,1585,-1.5290473704723635,-1.153240482182896,-1.5154116038099676,-1.4042950173445075
SC4002E0-PSG,1586,-2.0991348225189483,-2.1293413081352526,-1.9491188232178647,-1.5441136708789414
SC4002E0-PSG,1587,-2.2851599301523464,-1.6316852519469194,-1.7600909837634886,-1.3774597498059495
SC4002E0-PSG,1588,-2.0866705176566973,-2.249669744856248,-2.3140778788124132,-1.467119107199356
SC4002E0-PSG,1589,-1.9748142086083573,-0.9313304096737519,-1.6104069860013375,-1.4418049799773955
SC4002E0-PSG,1590,-2.573986436897296,-1.8704057526825146,-1.384800754293468,-1.3846764253993502
SC4002E0-PSG,1591,-2.579668078459495,-2.436236890276698,-1.68788791387115,-1.514740618853927
SC4002E0-PSG,1592,-2.1588901294053584,-1.736109105054204,-1.3077846987943906,-1.2906961030391935
SC4002E0-PSG,1593,-1.9858764947185676,-1.4011521473310502,-1.335020680077136,-1.1371306137099755
SC4002E0-PSG,1594,-2.2427476595121836,-1.6532537498963598,-1.0806798531265918,-0.5535446825402941
SC4002E0-PSG,1595,-1.9885974787348302,-1.6543758441100955,-1.7097532630740109,-1.4511037237675746
SC4002E0-PSG,1596,-2.0444590136729253,-1.527100399008891,-2.016314059266879,-1.3735059632670115
SC4002E0-PSG,1597,-1.0122064670314626,-0.8398201616738259,-1.5496074014606438,-1.1366186636637239
SC4002E0-PSG,1598,-1.3601748907515894,-1.5410553437988939,-1.0946553004746418,-1.2942384831068634
SC4002E0-PSG,1599,-1.5898252641543846,-1.785443339855644,-1.9617256827061296,-1.3606499736303608
SC4002E0-PSG,1600,-1.2684169496974214,-1.5571174787513895,-1.4020221778662625,-0.8716694748392088
SC4002E0-PSG,1601,-0.5212801142964567,-1.5476698485960625,-1.5776289533343724,-1.4120544892678921
SC4002E0-PSG,1602,-0.7077516376008612,-1.1544846497662495,-1.4897357782541485,-0.8446774761077871
SC4002E0-PSG,1603,-1.1314408844158095,-1.2633568179645769,-0.9588747615955439,-0.6327156737772183
SC4002E0-PSG,1604,-0.7603173946212327,-0.9309098210584887,-0.735950604058608,-0.550588765278501
SC4002E0-PSG,1605,-0.850751315141513,-0.8319976211289011,-1.3827352326674542,-0.9097491493937383
SC4002E0-PSG,1606,-0.9415267159219416,-1.7721365247630294,-1.5073274309009124,-1.1641288534194265
SC4002E0-PSG,1607,-1.0587741449847494,-1.0203064030193845,-1.7718751269717692,-0.9003092509752437
SC4002E0-PSG,1608,-0.771834791159367,-0.9282722241191592,-1.5151795907515215,-1.0753095279944864
SC4002E0-PSG,1609,-0.9760965069714059,-1.593259469037644,-1.2136003628937553,-1.061052448121312
SC4002E0-PSG,1610,-0.6162885846795488,-0.8283206570838231,-1.3876404147552373,-1.03501793408578
SC4002E0-PSG,1611,-0.8973092414477741,-0.5470688698073213,-1.1773413911223007,-0.9588951170983271
SC4002E0-PSG,1612,-0.5836605785951091,-1.0153922488904854,-0.4839748616126549,-1.04605265617626
SC4002E0-PSG,1613,-0.395030695566726,-0.7893199112174244,-1.2710303539688652,-0.8156836716435261
SC4002E0-PSG,1614,-0.7531670780047215,-0.5437798482750101,-0.5934189123729585,-1.199758249126653
SC4002E0-PSG,1615,-0.04533313572597791,-0.5485497904702229,-1.2736548816554245,-1.2894734179629628
SC4002E0-PSG,1616,-0.30168143063463193,-0.3903638059312681,-1.0451656409093377,-1.2052985704547547
SC4002E0-PSG,1617,-0.25472621797054196,-0.9733015493449558,-1.5240749431921772,-1.2782798737691952
SC4002E0-PSG,1618,0.06681999904142275,-0.028981647644155662,2.0570501308835007,1.496477092122829
SC4002E0-PSG,1619,-0.5135390021128977,-1.144759017732695,0.8405793161063678,0.7233208636415172
SC4002E0-PSG,1620,-1.445461128687529,-1.7365741678318847,-1.773908122746212,-1.2653631670792087
SC4002E0-PSG,1621,-0.9610440702523736,-1.0556206416699636,-1.0943848746766596,-0.756369049754354
SC4002E0-PSG,1622,-0.4361895498924503,-1.1553680535555388,-1.68731384198767,-1.0994102714535507
SC4002E0-PSG,1623,-0.16326127131866547,-0.464204705458445,0.21624116263033463,-0.35922507269251075
SC4002E0-PSG,1624,-0.7663997694960607,-1.0304060513987225,-1.6006058695265335,-1.036499020259242
SC4002E0-PSG,1625,-0.900136581282534,-1.281333434073493,-1.1767165424172894,-0.7137209539500702
SC4002E0-PSG,1626,-1.003965227505162,-1.5318308051809808,-0.9215730814287781,-0.7642241838337213
SC4002E0-PSG,1627,-1.2361560459838254,-1.7994636924658232,-1.8316569939681626,-1.3094171383402478
SC4002E0-PSG,1628,-0.8817819395453385,-1.6111801752700814,-1.3547872424973,-1.0108214703830845
SC4002E0-PSG,1629,-1.0301271536708114,-1.465362610574664,-1.3836612529349297,-1.1988696195949256
SC4002E0-PSG,1630,-0.6636843053613246,-0.8598039802980423,-0.9648460026729273,-1.1196592294645533
SC4002E0-PSG,1631,-0.44069900537592555,-0.7156808003202477,-1.1629660256895649,-0.768129679904308
SC4002E0-PSG,1632,-1.0150591333144987,-1.5375829040458626,-1.1672258027882108,-0.8997005135179695
SC4002E0-PSG,1633,-0.2969552834574177,-0.7455406557086537,-0.6418955178095054,-0.6979318202010699
SC4002E0-PSG,1634,-1.0523514784805381,-1.2898365967154366,-1.2665181329323725,-0.7205824850732617
SC4002E0-PSG,1635,-0.1255334139871373,-0.7273700797160276,-0.5206796234533473,-0.8668502762991063
SC4002E0-PSG,1636,-0.4524640640978608,-1.2513444335231425,-0.9788355793328236,-0.9097659625908365
SC4002E0-PSG,1637,-0.0458678332467589,-0.5978337210313044,-1.181741039368253,-0.940741908039403
SC4002E0-PSG,1638,-0.29705015549101976,-0.30103896810533526,-0.9222434524185578,-1.0420352758821187
SC4002E0-PSG,1639,0.2513612570819534,-1.317151164613688,-0.4480169199041446,-1.2151438786273419
SC4002E0-PSG,1640,0.30823129779865227,-0.2029944434715904,-0.3913889730969379,-1.1973891413283053
SC4002E0-PSG,1641,0.18793567454261673,-0.243768439596361,-0.7633830128758953,-1.3954248179591946
SC4002E0-PSG,1642,0.10269040226782847,-0.2503509900930491,-1.3146109338979035,-1.2628782132864111
SC4002E0-PSG,1643,0.3165116194677625,-0.032930203511085575,-0.5848750217313939,-1.0387115851589048
SC4002E0-PSG,1644,0.5062802541649466,-0.0800089669100328,-1.0958658878799725,-1.3308314474801632
SC4002E0-PSG,1645,0.6849648138793666,0.11145478311429118,-1.372703174917314,-1.408881917266418
SC4002E0-PSG,1646,0.2341941057891959,-0.3134753933966663,-0.9186752863664893,-1.2039971665607867
SC4002E0-PSG,1647,0.5061379814741014,-0.20513660282084453,-0.8650837252272825,-1.1661581674416401
SC4002E0-PSG,1648,0.4531183134381262,-0.6852344840253223,-1.2033387483493718,-1.165374629920779
SC4002E0-PSG,1649,0.3759473345608245,-0.455723386719664,-1.1640920205652614,-1.3037550260101385
SC4002E0-PSG,1650,1.1036464676086675,0.37302126273039526,-0.8611801825921545,-1.4309733082525726
SC4002E0-PSG,1651,0.767457153888866,0.05539706379696343,-1.191813135879766,-1.3499122114239912
SC4002E0-PSG,1652,0.7910811397549189,-0.08378460336846102,-1.0320078415826448,-1.2504456030231672
SC4002E0-PSG,1653,0.5747058486459393,-0.2952388773756742,-1.2757438681294537,-1.3993593214093787
SC4002E0-PSG,1654,1.0997281668951098,-0.031072461406226385,-0.7485859443489771,-1.3553453800029498
SC4002E0-PSG,1655,1.1625850918468186,-0.3840842735939736,-1.4969368179339095,-1.380034647297784
SC4002E0-PSG,1656,0.8383954316333244,0.09637253608536485,-1.2265116652152668,-1.1952080427367582
SC4002E0-PSG,1657,1.1484508011266177,-0.009883684310979485,-1.1895472005460788,-1.3830880024561178
SC4002E0-PSG,1658,1.264419479042323,-0.09224589917437685,-0.5819884200230687,-1.3254433604326838
SC4002E0-PSG,1659,0.9822887199305251,0.12221080011469668,-0.6173927663653447,-1.252681201293568
SC4002E0-PSG,1660,0.8185845424521698,-0.39122050851650997,-0.7587285141336394,-1.415179880116059
SC4002E0-PSG,1661,1.2264393985912543,0.008666700842691928,-0.7197618068992169,-1.4924041945181006
SC4002E0-PSG,1662,1.1201421935550588,-0.6748977641682349,-1.8333530393736355,-1.3822244206552763
SC4002E0-PSG,1663,1.1407897680767822,0.1839176085616534,-0.367788355432879,-1.2935557275328409
SC4002E0-PSG,1664,1.091480689447803,0.5144557111867688,-1.105909196006849,-1.327489149841996
SC4002E0-PSG,1665,0.7193087188685295,0.3502263834826284,-0.9349858096069971,-1.1622311081809404
SC4002E0-PSG,1666,0.9706343618914633,0.03541750968984817,-0.6906780352837627,-1.3989128212133493
SC4002E0-PSG,1667,1.5922758127973273,-0.07825554337039325,-1.313868532654054,-1.5439504697231605
SC4002E0-PSG,1668,1.3446054290023128,0.13518960005221844,-1.1256628144800458,-1.2125061596322517
SC4002E0-PSG,1669,1.4065314266237217,0.12923064043144478,-0.920535687480849,-1.3649408808473935
SC4002E0-PSG,1670,1.2419797691930956,-0.4338441731223445,-0.9948384251951445,-1.4219851051000756
SC4002E0-PSG,1671,1.2161131258748143,-0.16336233806191827,-0.8521339643253213,-1.566310455012916
SC4002E0-PSG,1672,1.0069963143775056,0.08993317639349704,-0.9503361605157709,-1.5937966646806851
SC4002E0-PSG,1673,1.0465893279041691,0.17195520554245822,-0.9510951316273734,-1.4495684258639994
SC4002E0-PSG,1674,1.4949136642256213,0.28741834236106373,-1.130883508606905,-1.7879332475700584
SC4002E0-PSG,1675,1.374464912834142,0.21398800805710125,-0.7032479791816042,-1.4509788036804139
SC4002E0-PSG,1676,1.4628402954626907,-0.4028878579356787,-0.8582855956442008,-1.6098354215551274
SC4002E0-PSG,1677,1.5661508213066033,-0.2641214558598665,-1.3894505795319485,-1.595969734315088
SC4002E0-PSG,1678,1.4348866297313518,-0.341410776661173,-0.8502363698149084,-1.5075402088195575
SC4002E0-PSG,1679,1.3298998187658975,0.5920599647893032,-1.0063565281879556,-1.4573316329983246
SC4002E0-PSG,1680,1.056963471538341,0.23793407831644237,-0.2637954182649471,-1.542054298858764
SC4002E0-PSG,1681,1.2605223854417902,-0.04360089796302948,-0.38960257520141883,-1.6268123878482352
SC4002E0-PSG,1682,1.4423706763150872,-0.4340454961553863,-0.6336758234151878,-1.708331679025117
SC4002E0-PSG,1683,1.367185579589235,-0.19550089429282744,-0.8146797720527781,-1.435630018155345
SC4002E0-PSG,1684,1.429168276176823,-0.32381072784801623,-0.5902016102208802,-1.6640658937999322
SC4002E0-PSG,1685,1.7985119515736683,0.0011569742146356192,-0.6654091640156015,-1.2187497709232342
SC4002E0-PSG,1686,1.0759504166177447,-0.4371923257622328,-1.0507771186992807,-1.5405647967515916
SC4002E0-PSG,1687,1.3365854529520307,-0.029937774930411273,-0.9601516083020678,-1.4661803895155776
SC4002E0-PSG,1688,1.6272889288947308,-0.3723870112626101,-0.8501864038767001,-1.5361049479033129
SC4002E0-PSG,1689,1.571619815327822,-0.2520535279336254,-0.6596929289288973,-1.5979807696551092
SC4002E0-PSG,1690,1.6940276202592357,0.16026377810977402,-0.818291392168158,-1.5351065092335097
SC4002E0-PSG,1691,1.3161090116905858,-0.26789466281018626,-0.27278049862357956,-1.5392158618036624
SC4002E0-PSG,1692,1.734474353071689,-0.34083146358690375,-1.1605985645165582,-1.6500026554779703
SC4002E0-PSG,1693,2.1307434454759897,0.25850514595188145,-0.945895391784059,-1.6219932244273367
SC4002E0-PSG,1694,1.6398533569449611,-0.44454944928842893,-0.6760754889423102,-1.762492830280551
SC4002E0-PSG,1695,1.5034947242499963,0.26433083610570435,-1.0918052249444088,-1.5548094353785495
SC4002E0-PSG,1696,1.5151304656409839,-0.10036331405883331,-0.7244349419866123,-1.371969564917957
SC4002E0-PSG,1697,1.6140384260510248,-0.09419416242703356,-0.8511125639964139,-1.5024841331571301
SC4002E0-PSG,1698,1.4163525838126796,-0.4301269748685764,-1.0056228399200466,-1.531650011154215
SC4002E0-PSG,1699,1.3223375005045446,0.0915014918586644,-0.8558744302875574,-1.4053596607487577
SC4002E0-PSG,1700,1.5197362434949317,-0.699801064156405,-0.9633076732204039,-1.3937095939043138
SC4002E0-PSG,1701,1.639775545288128,-0.19310430091533415,-0.9254764160791763,-1.6294402638012226
SC4002E0-PSG,1702,1.421754407960673,-0.6680952363905373,-0.8507394850140311,-1.4167407255950826
SC4002E0-PSG,1703,1.7248176300442968,0.3828940274905301,-0.7899568739827255,-1.3459875078010788
SC4002E0-PSG,1704,1.713524755091909,-0.1430061818362593,-1.2943398570980196,-1.3693329535426009
SC4002E0-PSG,1705,1.7449869463471603,-0.14819694353856247,-1.2633922971739735,-1.4526877411348837
SC4002E0-PSG,1706,1.392289381243577,-0.11831646456481368,-1.020741827275568,-1.4746582433431046
SC4002E0-PSG,1707,1.573189961469622,0.13930210784406474,-0.7840493649758671,-1.3896720470965689
SC4002E0-PSG,1708,1.3758519176298327,-0.42896623610423423,-1.149659980326687,-1.4330862057386908
SC4002E0-PSG,1709,1.3934341538833777,0.19737523460352835,-1.2522530474117437,-1.5042840921180356
SC4002E0-PSG,1710,1.5578547698972052,0.2607174156027714,-0.6320428403888518,-0.26291943658095474
SC4002E0-PSG,1711,1.6761955971958882,0.5218193675716529,-0.05481820456549804,0.39646856786091245
SC4002E0-PSG,1712,0.38251488422626173,-0.29317120814802944,-1.297585530211246,-1.4474306289245034
SC4002E0-PSG,1713,0.6157696697284812,-1.0137760216388343,-1.7657560425590688,-1.434963598154949
SC4002E0-PSG,1714,0.8527991754768769,-0.23297942892176968,-1.031182767121577,-1.29593660463264
SC4002E0-PSG,1715,0.6438581331811042,-0.2259252138738016,-0.9086087987931514,-1.202501060638926
SC4002E0-PSG,1716,-0.7730762842456924,0.7665688020644222,1.0318852878520244,1.1109755540459996
SC4002E0-PSG,1717,-0.657684430538889,-0.6032262695337446,0.9940942641989493,1.140089242304816
SC4002E0-PSG,1718,-1.2767898401765179,-2.2111971107888295,-1.7870266564955801,-1.436272020561193
SC4002E0-PSG,1719,-0.7120806792491349,-1.109617056471865,-1.656770977343417,-1.554817741017777
SC4002E0-PSG,1720,-0.7609860290533065,-0.9437728202623741,-1.514156534342251,-1.3655087290862389
SC4002E0-PSG,1721,0.061569809328077006,0.1815682089601389,-0.2302266510396075,-0.7632320434699167
SC4002E0-PSG,1722,-1.678095734092719,-1.1023217520303885,-2.086602268266732,-1.6535449682654453
SC4002E0-PSG,1723,-1.1086929443687663,-1.1061312456842378,-2.3703372600015222,-1.679058099998494
SC4002E0-PSG,1724,-1.7760705270580708,-0.8839673292881511,-1.001741956174799,-1.4740773597416437
SC4002E0-PSG,1725,-2.1354474146618103,-1.7855862003513325,-1.8729175524213388,-1.5081356724217123
SC4002E0-PSG,1726,-1.927556981302898,-1.1364180144057527,-1.6487104979083618,-1.4608077206085686
SC4002E0-PSG,1727,-2.1255046827432618,-2.1006310361470892,-1.646485576953808,-1.5272665677460127
SC4002E0-PSG,1728,-2.1610522404018715,-1.1346649984417831,-1.6560737574442153,-1.5690014795153286
SC4002E0-PSG,1729,-2.0678825436557235,-1.7059826777246943,-2.2799312910730585,-1.77533457393791
SC4002E0-PSG,1730,-1.923319969902271,-1.38382000285587,-1.2066999070809437,-1.4038384829438593
SC4002E0-PSG,1731,-1.811773264228595,-1.888181755010387,-1.404865234724275,-1.401743849752676
SC4002E0-PSG,1732,-2.1527920379809,-1.5341854550339264,-1.0485758216433003,-1.6125087965334122
SC4002E0-PSG,1733,-1.877533116790807,-1.2370690893596574,-1.2358280227149596,-1.456345946125955
SC4002E0-PSG,1734,-1.3363124744973136,-1.862150628989019,-1.4674299307646212,-1.6184772951569104
SC4002E0-PSG,1735,-0.9141850570916737,-1.1302465254590228,-0.8737595681857867,-1.2571140612768006
SC4002E0-PSG,1736,-1.9305343243207713,-2.227497205985963,-1.8541690519798537,-1.4291232431283816
SC4002E0-PSG,1737,-2.2955477553385455,-1.9856023272644099,-1.3041746892603556,-1.5409987212155534
SC4002E0-PSG,1738,-2.1060157827410606,-1.4582950275985391,-1.5425458687369966,-1.4332697850721645
SC4002E0-PSG,1739,-2.524002242837083,-2.495931951366376,-2.0151328041261816,-1.5340715810363947
SC4002E0-PSG,1740,-1.5134370045729664,-0.17342163846775013,-0.9197054536409901,-1.004411574243819
SC4002E0-PSG,1741,-2.396764894982128,-2.100353732641363,-1.9142595955758979,-1.632773417666227
SC4002E0-PSG,1742,-2.3036248990051558,-2.5631994067107087,-1.9146899316112593,-1.5208967452546243
SC4002E0-PSG,1743,-1.574675001969016,-1.061862491769364,-1.2281658899428025,-1.303461894215055
SC4002E0-PSG,1744,-1.6097477854572881,-1.2967655786175076,-1.2509494365145677,-1.2579151296428024
SC4002E0-PSG,1745,-2.28083967177943,-1.421828450021454,-1.1308050762430735,-1.5178011271611913
SC4002E0-PSG,1746,-1.9425331324022614,-1.7438112864243493,-1.8584014927427852,-1.6130432426162262
SC4002E0-PSG,1747,-1.7280223277060893,-1.4425836789701745,-1.334168303231778,-1.4923764971747955
SC4002E0-PSG,1748,-1.3342686182949814,-1.8000191156223115,-1.493928139748266,-1.3048065813198684
SC4002E0-PSG,1749,-2.4488166310531314,-1.9498999654238267,-1.9366091214416532,-1.6075401557409468
SC4002E0-PSG,1750,-1.960352862997656,-2.11788804755347,-2.6259659292373914,-1.7695132650607954
SC4002E0-PSG,1751,-1.5204897504820092,-0.50471612834343,-1.3032956561322204,-1.4230651424659067
SC4002E0-PSG,1752,-2.181428251635438,-1.2775800262961186,-1.881375510878377,-1.5598522226914693
SC4002E0-PSG,1753,-2.268234807453729,-2.0276503983888814,-1.8169877002430297,-1.595271444119307
SC4002E0-PSG,1754,-2.356495669719067,-1.706990770976099,-1.6677336225799493,-1.6093205574865697
SC4002E0-PSG,1755,-2.0783515274093056,-1.657532846437501,-1.5366435935569744,-1.431425985617565
SC4002E0-PSG,1756,-2.124420786373617,-1.5286958377153361,-1.8149911623326493,-1.423980218020552
SC4002E0-PSG,1757,-1.9006109812276846,-1.7527646932731178,-2.1428603086084634,-1.5488699608554888
SC4002E0-PSG,1758,-2.3962560313759838,-1.7402607834113792,-1.383892568495757,-1.2384369925379661
SC4002E0-PSG,1759,-1.3496512843837691,-0.8387210714069091,-1.369023710938666,-1.501160536540496
SC4002E0-PSG,1760,-1.4314167873934072,-0.9948754226545055,-1.6158777598796499,-1.559918868775805
SC4002E0-PSG,1761,-2.0308743000844762,-2.077123791663264,-2.0934039657102717,-1.7100563026040754
SC4002E0-PSG,1762,-2.2796496440998983,-0.9951954171966994,-0.923421793381947,-0.2136374630851295
SC4002E0-PSG,1763,-1.680728918358634,-0.07227955091789058,-0.6693100916463824,-1.459537302028396
SC4002E0-PSG,1764,-2.1421608999287822,-1.6610333170395906,-1.9265510503789574,-1.5637094941569174
SC4002E0-PSG,1765,-1.847026123848745,-1.1269703025295628,-0.9823268847382839,-1.308376004255589
SC4002E0-PSG,1766,-2.4441755520158672,-2.4315657849690027,-1.7557009036228393,-1.5677987545618082
SC4002E0-PSG,1767,-1.6836519440695574,-2.507914107299703,-1.4004316998955162,-1.421457724200646
SC4002E0-PSG,1768,-1.47061448073178,-2.5273256438063494,-1.9311060777803377,-1.4112734085928715
SC4002E0-PSG,1769,-2.392965015487708,-1.9508987093042767,-1.8212963444100427,-1.4991538234593056
SC4002E0-PSG,1770,-2.5985853861559653,-2.5353214623813947,-1.7183800868660233,-1.581665761233487
SC4002E0-PSG,1771,-1.9712082206144546,-1.832652935211968,-2.0410915621491097,-1.5323452189681892
SC4002E0-PSG,1772,-1.1833673658584227,-1.9464415588198933,-1.8116373673082344,-1.410340873265614
SC4002E0-PSG,1773,-0.6028043585484743,-1.3471984139724058,-1.2833143631328463,-0.70124325957662
SC4002E0-PSG,1774,-1.7723485438694873,-1.8373354813318683,-2.131546857964214,-1.3924307769920719
SC4002E0-PSG,1775,-2.381694657196821,-0.41939591859788233,-0.5394334719350691,-0.3929789451430298
SC4002E0-PSG,1776,-2.1070551659229824,-1.3858573756948223,-0.7884222579514009,-1.5258148445999606
SC4002E0-PSG,1777,-1.9975581679666534,-1.3998267029864955,-0.901107047245769,-1.4384860745307175
SC4002E0-PSG,1778,-2.0750701852129816,-0.9291041714878334,-1.6905928265788162,-1.4315522585515037
SC4002E0-PSG,1779,-2.144495768157995,-1.2936128923088113,-1.3473858852060228,-0.9582682437106842
SC4002E0-PSG,1780,-1.7442881062956899,-1.7140118700137075,-1.906672321156579,-1.551523231123751
SC4002E0-PSG,1781,-1.0747409255844451,-0.9241581213983204,-1.4819603741458391,-1.517271010947028
SC4002E0-PSG,1782,-2.125469788929807,-1.3257162161699532,-1.4365001260898471,-1.1020663473675194
SC4002E0-PSG,1783,-0.16712107812342034,-0.10073146789237872,0.8472156762556082,1.5281690834158979
SC4002E0-PSG,1784,-1.6452521687961454,-0.6820968356363238,1.2213719746496399,1.0803367214341408
SC4002E0-PSG,1785,-2.4039029031345422,-2.1456162509283967,-2.1210012848110016,-1.3017425366035615
SC4002E0-PSG,1786,-1.6242351613237989,-1.6290625769557965,-2.3747970045113007,-1.4068929476842589
SC4002E0-PSG,1787,-1.499585726265429,-1.2563488831022824,-1.619980757126071,-1.5292638905474691
SC4002E0-PSG,1788,-0.6861794124325257,0.36618734502589795,-1.577717806581067,-1.3797867197232634
SC4002E0-PSG,1789,-1.6980388795226473,-2.0794036975740906,-1.6173627608085128,-1.0618573077654856
SC4002E0-PSG,1790,-1.1143154500898789,-0.5362032413727305,-1.250423141768446,-0.23955187146141355
SC4002E0-PSG,1791,-0.4393953840269461,-1.6028561147558176,-1.5281330239435071,-1.3808091368449809
SC4002E0-PSG,1792,-0.4159869312291931,-0.8313795818669024,0.275175084281878,0.6984889956532848
SC4002E0-PSG,1793,-1.6322269013183193,-2.5234044786309995,-2.2293340045926655,-1.493468614556892
SC4002E0-PSG,1794,-0.8644188675032117,-1.5336889628176107,-1.973026649758786,-0.6724526107650134
SC4002E0-PSG,1795,-0.16572178925615896,-0.03942561800642822,-0.741690083599585,-0.8493867988304041
SC4002E0-PSG,1796,-0.7325892050466547,-1.1145299331952496,-1.5738208359866326,-1.2043745623933961
SC4002E0-PSG,1797,-1.302907218682155,-1.4799152304388203,-1.9753631204477071,-0.9105404746296301
SC4002E0-PSG,1798,-0.6705940192908724,-0.8144101990883741,-1.1576397634076365,-1.1913000806823681
SC4002E0-PSG,1799,-1.3739048822377828,-1.9133193436806026,-1.7822000943380332,-1.1623516358581778
SC4002E0-PSG,1800,-1.3699777592748328,-1.6449311992563425,-1.2703474365866163,-0.9090440263314469
SC4002E0-PSG,1801,-1.1095543623617916,-2.0849246810910604,-1.4036404168582917,-1.2263943862452067
SC4002E0-PSG,1802,-1.399217069108578,-1.8046965552565755,-1.8594970574327145,-1.0334423919450517
SC4002E0-PSG,1803,-1.0532973093410645,-1.2358511112341435,-1.4030546103473538,-0.983864552358109
SC4002E0-PSG,1804,-0.9471379112148612,-1.5368197838966573,-1.2592654458323342,-0.7266986597362044
SC4002E0-PSG,1805,-0.929272137831976,-0.8386929235559415,-1.4901027283185542,-1.2183169147962136
SC4002E0-PSG,1806,-1.4499242444529858,-1.8429457484006342,-1.521862296838634,-1.0133962660738554
SC4002E0-PSG,1807,-1.3110803597446763,-1.823490563346772,-1.4498214124498359,-1.53090940202444
SC4002E0-PSG,1808,-0.8659632676155544,-0.9659962190159359,-1.1887859094299402,-1.0568847852228387
SC4002E0-PSG,1809,-1.062198812852709,-1.4111623672430622,-1.287823410260788,-1.1315260158801161
SC4002E0-PSG,1810,-0.9251852750732716,-1.147500834583179,-1.238768833545365,-0.9777012629873888
SC4002E0-PSG,1811,-0.8476061066793572,-0.6505590806122555,-1.1458186887677904,-1.1414937855426384
SC4002E0-PSG,1812,-0.9700293846434205,-1.2132676198133625,-1.258568692487914,-1.3031221137809754
SC4002E0-PSG,1813,-0.8002366508730686,-1.157601612410494,-0.8475405995839524,-0.9297699248362581
SC4002E0-PSG,1814,-0.7592721998997591,-0.37819065168193583,-1.2466825978075204,-1.0234675940763158
SC4002E0-PSG,1815,-0.938866625793359,-0.9520963973796477,-0.9555467159672782,-1.0513442270231494
SC4002E0-PSG,1816,-0.6759504957469206,-1.1548743369848045,-1.268894766296965,-0.9542600766502691
SC4002E0-PSG,1817,-0.5754695088448747,-0.9553948622648167,-0.8986584442352769,-1.2164183159972872
SC4002E0-PSG,1818,-0.871147611420786,-0.5516182015040354,-1.268190868104025,-1.0118935497182298
SC4002E0-PSG,1819,-0.2545032143638224,-0.5645211401981682,-1.204080524588687,-1.1057470340845306
SC4002E0-PSG,1820,-0.7380717066899726,-1.0668652038675563,-1.2468666077807302,-1.3532530460109693
SC4002E0-PSG,1821,-0.4980585686351283,-0.9984265103701945,-0.658742687370405,-0.9279648359499667
SC4002E0-PSG,1822,-1.009042881092289,-0.6528699371932545,-1.270891503046161,-1.0963969039948036
SC4002E0-PSG,1823,-0.7538082210369824,-1.646880722820391,-1.580837499676963,-1.367501314047805
SC4002E0-PSG,1824,-0.6415380197889676,-0.7661892352524956,-0.934293921552589,-0.9813079866031142
SC4002E0-PSG,1825,-0.5391411338402874,-1.2339634475785626,-1.3827143379031566,-1.100976746980872
SC4002E0-PSG,1826,-0.39281780244988723,-0.9556853547466083,-1.221244448717425,-1.153751966909322
SC4002E0-PSG,1827,-1.1660998667579503,-1.7902906927392332,-2.0035776661634097,-0.9977806259908296
SC4002E0-PSG,1828,-0.3278032787263696,-0.6867333975356217,-0.981074901083242,-1.3174672658863953
SC4002E0-PSG,1829,-0.5093162590005392,-1.1073967480021798,-1.168705186664917,-1.04109019813421
SC4002E0-PSG,1830,-0.4900504697327821,-1.084714256768204,-1.416301158901538,-1.1368954008861678
SC4002E0-PSG,1831,-0.3844759350593349,-0.4463520792485019,-0.8981049198945947,-1.1006658786697185
SC4002E0-PSG,1832,-0.666412006647549,-0.9687901282255688,-1.054354706098475,-1.0201321305098128
SC4002E0-PSG,1833,-0.4962277851403081,-1.4621639129988062,-1.5722951642604566,-1.0265885669067376
SC4002E0-PSG,1834,-0.08250642503466575,-0.8139316489855463,-0.8280841731913625,-1.0341816182682035
SC4002E0-PSG,1835,-0.5162164198553223,-0.890267026849009,-1.1078202485702977,-0.935785209986907
SC4002E0-PSG,1836,-0.5976391100642153,-0.6366112255533481,-0.8355558015372946,-1.0913533053279276
SC4002E0-PSG,1837,-0.749215196281028,-0.7698675237923357,-1.4382901720170775,-1.176599565189072
SC4002E0-PSG,1838,-0.679725549860585,-1.620879709587754,-1.3520015925618747,-1.2828591055662393
SC4002E0-PSG,1839,-0.2930418299826849,-0.6465495073222594,-1.1464629441075054,-1.3235458956981216
SC4002E0-PSG,1840,-0.045486494995904646,-1.0968635108241185,-1.0565327988885622,-1.2225847099966203
SC4002E0-PSG,1841,-0.40158006891948134,-0.7392084535191731,-0.7636487533043581,-1.205252816315307
SC4002E0-PSG,1842,-0.9490839022753269,-1.2059504368516905,-1.2343800838300514,-1.10547923893696
SC4002E0-PSG,1843,0.7352462213715135,-0.2494758222466354,-0.5292609144179466,-1.2392926817825867
SC4002E0-PSG,1844,-0.6066068258408907,-1.1334491599343173,-2.0159818646047074,-1.435004752729977
SC4002E0-PSG,1845,-0.1509707965036069,-0.2410319880101215,-0.38224683164136924,-0.5958609274639857
SC4002E0-PSG,1846,-0.627346092666588,-0.5343024550447905,-0.9583925522260309,-0.7637851590355199
SC4002E0-PSG,1847,-0.21353055767853313,-0.18905928821257414,-0.8826931323677791,-1.172821820823583
SC4002E0-PSG,1848,-0.5158090689875648,-0.889995447032123,-1.209348535408759,-1.3784920637229687
SC4002E0-PSG,1849,-0.6643287981544589,-0.8612666819156422,-1.0621757733704835,-0.9443285044708444
SC4002E0-PSG,1850,-0.046125393913225544,0.16905330179565717,-1.172647630220041,-1.202841469384297
SC4002E0-PSG,1851,-0.5011757754564864,-1.205557405291485,-1.4346871650068596,-0.9068776273021666
SC4002E0-PSG,1852,-0.06524461955686647,-0.059649951511686984,-0.8294747656653464,-1.2772061629468017
SC4002E0-PSG,1853,-0.3308071467147324,-1.1581470689781554,-1.506911791489059,-1.3034809630033466
SC4002E0-PSG,1854,-0.22627566471192387,-0.5218504840661506,-1.4273585710974677,-1.255733847663102
SC4002E0-PSG,1855,0.7599801515339584,0.3861313504969412,1.2502600063634306,1.196780874974782
SC4002E0-PSG,1856,-0.6474762778773714,-1.4663208746807594,-1.2117613969775545,-1.4037843711685123
SC4002E0-PSG,1857,-0.11389264500682053,-1.233417881615095,-1.3734288133671808,-1.2871161842403225
SC4002E0-PSG,1858,-0.5190840365706205,-1.7137052657550949,-1.2893980598485388,-1.2914315100677864
SC4002E0-PSG,1859,0.04993964395439635,-0.12209054894562349,-1.0206933029994611,-1.07482765313943
SC4002E0-PSG,1860,-1.4204372148070783,-1.4143927062650716,-1.863370489290392,-1.298786890667601
SC4002E0-PSG,1861,-1.1507384585753577,-0.9038095706398384,-1.1047754545966668,-1.0623107619396994
SC4002E0-PSG,1862,-0.8346632090355024,-2.03749777417325,-2.1496952227099095,-1.1899165065362725
SC4002E0-PSG,1863,-0.8714441242654426,-1.586727648166416,-0.16402861246535103,-1.0713196848950444
SC4002E0-PSG,1864,-0.6423443014546457,-0.9497001555036674,-0.4531535833411836,-0.17654409036248464
SC4002E0-PSG,1865,-1.4359007163272368,-0.956479185173606,-2.166831185663272,-1.1605688080239684
SC4002E0-PSG,1866,-0.9668025965449215,-0.6103625476521521,-0.2515465759695425,-0.24767003266390775
SC4002E0-PSG,1867,-0.8105292843514306,-1.2127028507276363,-1.5442458018742444,-0.8959030675493723
SC4002E0-PSG,1868,-0.3326660749450012,-1.2953323057074637,-0.7488333885702848,-1.4161787954661107
SC4002E0-PSG,1869,-0.37519389187704527,-1.5300155644150293,-1.3263784364335076,-0.4985223520204847
SC4002E0-PSG,1870,-0.16967843524025758,-0.9830105672155328,-0.7894123100463237,-0.5568318741764595
SC4002E0-PSG,1871,-1.2934668836896281,-1.5110815596158882,-1.2711596222327202,-1.4077612281197964
SC4002E0-PSG,1872,-0.5635414680632463,-1.4308384153066374,-1.278446606596777,-0.7945141846696794
SC4002E0-PSG,1873,-0.8300487011955208,-0.9292918865162046,-0.7878612574639327,-0.9803657571495517
SC4002E0-PSG,1874,-1.1769835756892912,-1.4809261759879397,-1.9218477515099168,-1.2132168079527237
SC4002E0-PSG,1875,-0.4714589474904545,-1.8264264866332274,-2.1095056038355398,-1.2067906270364583
SC4002E0-PSG,1876,-0.6020158358686948,-0.9099654668046144,-1.1777069493160723,-0.9068483746275043
SC4002E0-PSG,1877,-0.404605801323827,0.45326959167143316,2.1983423799418196,1.808111499417167
SC4002E0-PSG,1878,-2.520139260780955,-1.936202994264488,-1.0795164315626304,-1.0927889159051567
SC4002E0-PSG,1879,-0.1842880259350249,-0.554851223801,2.0041383685428054,1.4396586942586924
SC4002E0-PSG,1880,1.4138489205553135,0.3807595573393901,1.672584080505675,1.6643915705516372
SC4002E0-PSG,1881,2.0050214412407943,1.0826108319365535,1.4179304384797577,1.5344522244235779
SC4002E0-PSG,1882,1.858282606307925,1.6371315128344581,1.5402953008497728,1.0712020194179066
SC4002E0-PSG,1883,1.0806462006481143,0.8899910082358327,0.8134346527900059,0.7112642519290894
SC4002E0-PSG,1884,1.2417604070070973,1.3211389759307512,2.452243839092874,1.8850959980084752
SC4002E0-PSG,1885,-0.9681239252393751,-1.4166956834552316,-1.5554820998661159,-0.9659671178880824
SC4002E0-PSG,1886,0.9843525928546133,0.35669789635108556,-0.1478351899309914,0.21606259605595268
SC4002E0-PSG,1887,0.5244281859699239,-0.25816164101181,0.4549040630663664,0.7483391718134453
SC4002E0-PSG,1888,1.025250619325729,1.4256369146361747,0.9253719397761234,1.173423850716253
SC4002E0-PSG,1889,0.7536002418591046,0.7130392996856892,0.3412829828728507,0.9328011587786855
SC4002E0-PSG,1890,0.842066097822902,1.2594710695961646,0.5305660124461067,0.5045541617640542
SC4002E0-PSG,1891,0.564962206397714,0.07682508610116416,-0.6501811615597843,0.08017249802384245
SC4002E0-PSG,1892,0.917386439712751,0.2949174841492398,0.7137909849745921,0.9772033643396077
SC4002E0-PSG,1893,-0.25188149554394246,-0.8315698550512555,1.429383961658397,0.9641071001946747
SC4002E0-PSG,1894,-1.838592530526111,-1.5723650784738867,0.6727686987080616,-0.9544827079154166
SC4002E0-PSG,1895,-2.1872824220832094,-2.0372935381966144,-0.41022700544401747,-0.5270485187304774
SC4002E0-PSG,1896,-2.928489276852176,-0.5072674813446716,-0.739663721627393,-0.9309350560919767
SC4002E0-PSG,1897,-1.3824902569769388,-0.5667085111292004,0.1326076911077815,-0.7956596497021715
SC4002E0-PSG,1898,-2.865043498898032,-0.14632953236562468,0.25037549349144844,-0.4749115588078837
SC4002E0-PSG,1899,-1.1180359365446633,-0.4028511779171436,0.6755794077656884,-0.2055726123944274
SC4002E0-PSG,1900,-0.9633134131155239,-1.6564646425643068,0.3307958199597406,-0.6994173298287841
SC4002E0-PSG,1901,-1.378741756843087,-0.3955108292418177,0.8277336959498618,-0.4505700744624888
SC4002E0-PSG,1902,-1.6662598825156796,-0.3504665392747775,0.38169966022510343,-0.6246315301887777
SC4002E0-PSG,1903,-1.7719776869084094,-0.6246835542050847,1.1322489805187221,-0.6351082156072135
SC4002E0-PSG,1904,-1.996490152370434,-1.2567568374115599,0.6396276638541889,-0.8892511855475029
SC4002E0-PSG,1905,-2.7365561225470754,-0.9020022591843417,0.6502257763652647,-1.0867088606785
SC4002E0-PSG,1906,-2.2627511948167016,-0.6905644853704339,0.38756861339228055,-0.9639988210038193
SC4002E0-PSG,1907,-2.8212083895741125,-0.22869044086595397,0.8113000847829611,-1.1881872775362916
SC4002E0-PSG,1908,-2.7858558376868445,-0.7142974672181596,0.23025267991285664,-1.141219166793423
SC4002E0-PSG,1909,-2.579290762041368,-1.7156116040001805,-0.008949552871557763,-1.242769405978057
SC4002E0-PSG,1910,0.6607234158507721,0.8863279792243544,1.949094941448887,1.5592786236769862
SC4002E0-PSG,1911,0.21718797302414308,0.17281654335810379,0.891917473548841,1.055131775354439
SC4002E0-PSG,1912,0.33549835598921174,0.6062493586368384,0.36295704667313405,0.7148678919903353
SC4002E0-PSG,1913,-0.22173904004449346,-0.18335051484004786,0.6850828904276454,0.6325775070218443
SC4002E0-PSG,1914,0.6620709961589476,0.12029155965874573,0.630197151693892,0.8801373495272938
SC4002E0-PSG,1915,-0.24295759088631785,-0.40654330595629123,-1.2082025939748278,-0.3341096394148243
SC4002E0-PSG,1916,-1.8671960714191524,-1.9386023567217,-0.44326757140656103,-0.020479803305740896
SC4002E0-PSG,1917,0.15680491731086005,-1.5189656500608404,-1.3518929792534944,-0.5496655406505142
SC4002E0-PSG,1918,-1.4586953977657362,-1.7577164215737155,0.007390982866696239,0.34491912873690417
SC4002E0-PSG,1919,-0.6362029151167622,-2.0217746680732085,-1.0040756156055388,-0.37641649452085485
SC4002E0-PSG,1920,-1.7780448544020564,-1.8024887558714917,-0.9625027797438624,-0.4604040814334145
SC4002E0-PSG,1921,-0.2869129823267004,-1.0050278189278756,-0.5603890579841619,0.2160231897250371
SC4002E0-PSG,1922,-0.3445277348213999,-0.9837550227718209,0.5718396546520109,0.8324403724047748
SC4002E0-PSG,1923,-1.3469797056137973,-1.377091964172428,0.4629653781494684,0.23157242024508015
SC4002E0-PSG,1924,-0.9617945479022962,-1.7302577226851552,-0.31114215818580865,-0.2068325078582611
SC4002E0-PSG,1925,-1.3076620694230574,-0.9974747669083854,0.2835362310430368,-0.08830521605026372
SC4002E0-PSG,1926,-1.0971459579671325,-1.169400788996589,0.5445031448501856,0.08660973838863598
SC4002E0-PSG,1927,-0.5316697469904246,-0.8639778508990764,0.7635832975975012,0.8299791632003845
SC4002E0-PSG,1928,-1.598123760438935,-0.9300473429305284,0.14062545187160705,0.34200122773900843
SC4002E0-PSG,1929,-0.5868045823655106,-0.33269137619844136,-0.5736035650293182,0.3576589063362548
SC4002E0-PSG,1930,-0.6937933512010674,-0.4362555769419483,-0.11585813766605468,0.26345686773879684
SC4002E0-PSG,1931,-0.40818085222332384,-0.23213113292567203,0.49631506326188596,0.44357364914170805
SC4002E0-PSG,1932,-2.2425803538093945,-1.1786066308770973,0.19505126652160856,0.042379361423184214
SC4002E0-PSG,1933,-2.380226290652465,-1.0002339889304144,0.09085926560919426,-0.09863828325371492
SC4002E0-PSG,1934,-2.771604647304232,-1.0969614155639045,-0.017171115840101475,0.1617901268910292
SC4002E0-PSG,1935,-0.22894236713038013,-1.6138967057406188,0.18200272394071854,0.5470500901119134
SC4002E0-PSG,1936,0.4930964846847484,0.08774766414530222,1.3232563489599563,1.6013453137844023
SC4002E0-PSG,1937,0.728201354879978,-1.0146034024325843,-0.4590817304043706,0.35616923534059575
SC4002E0-PSG,1938,0.2769901854092688,-0.5407720972464138,-0.17464309941916673,0.7403259355955235
SC4002E0-PSG,1939,0.8051890753023899,-1.2195000238683684,0.04809444247539297,0.9584884510714304
SC4002E0-PSG,1940,0.24917099503505027,-1.2169284070745723,-0.8226067757686675,0.1780333414146611
SC4002E0-PSG,1941,0.4734239094906394,-1.558216884669113,0.20553584740239858,0.5491217744424416
SC4002E0-PSG,1942,-0.7084950823868366,-1.6753790875923373,-0.03762553577831634,-0.09788510995455929
SC4002E0-PSG,1943,0.01459539284311571,-0.847299856682509,0.2781786573190312,0.7833178231506015
SC4002E0-PSG,1944,-0.1314214921255371,-1.1729042924480806,0.5531960418734959,0.6212784574779485
SC4002E0-PSG,1945,-0.3874368137809005,-1.8268506890252179,-0.48129234799898424,0.22698345681278856
SC4002E0-PSG,1946,-1.1643470170789154,-2.3080060257263275,-1.169913359651777,-0.4438246745809858
SC4002E0-PSG,1947,0.586752195455451,-0.2790405014618337,1.1351267826850198,0.9662305153310623
SC4002E0-PSG,1948,-0.8121282634601635,-1.9663762022040798,-1.4042434222472209,-0.321008778978818
SC4002E0-PSG,1949,-0.9403268530994433,-2.342352722645678,-0.9121169592873432,0.33961298062175677
SC4002E0-PSG,1950,0.09510471310896972,0.03839465910736773,1.6235212072785183,1.6971078207988728
SC4002E0-PSG,1951,0.3572501008394532,-0.3722299835599517,0.17420611017375878,0.8588224232580303
SC4002E0-PSG,1952,-0.07442615824234922,-0.42343603804652863,0.524609334468395,1.0083183178892046
SC4002E0-PSG,1953,0.4024734614312759,-0.17948137200026967,-0.08463961254928029,0.6539652979648867
SC4002E0-PSG,1954,0.24635804257525465,0.6569706060519839,1.0426474271420694,1.0773885935099266
SC4002E0-PSG,1955,0.17939964051454171,0.4740807917721098,0.4121906637971349,0.6374643833354973
SC4002E0-PSG,1956,0.13032149788743685,-0.5658135509112829,1.1345628416014304,1.5008061849809753
SC4002E0-PSG,1957,-1.7204761909024096,-0.8839344744260608,-0.06376551006420118,0.8493061442581168
SC4002E0-PSG,1958,-1.368561874625279,-1.313536371538214,-0.6088465039994587,0.8003687471090121
SC4002E0-PSG,1959,-0.7354192171368549,-0.4583768956458415,0.05355858984843293,0.7462849741693941
SC4002E0-PSG,1960,1.1801519336722148,2.009929015918964,2.620409909050538,2.1409857322546757
SC4002E0-PSG,1961,2.2027442127379007,2.3233185954700564,1.8780661870376438,1.2172290463373965
SC4002E0-PSG,1962,1.0948384117621637,0.4104437225457298,0.9099077871956224,1.016492769676533
SC4002E0-PSG,1963,1.2778386992932464,1.4341182441991023,1.284672645921766,1.6379779607816165
SC4002E0-PSG,1964,0.8921047155157994,0.9814877905421187,0.3478464386373158,0.6455226855053149
SC4002E0-PSG,1965,0.9363080102366773,1.1524476160950228,0.24675819025601736,0.34866482420842104
SC4002E0-PSG,1966,0.9627697346406963,1.1165410743793258,1.48877440982208,0.7508341665655706
SC4002E0-PSG,1967,0.24990726374323793,-0.15344537107223605,0.5406253707460172,0.5268202087560443
SC4002E0-PSG,1968,0.7014710458906257,0.758911417813878,1.9332598186164092,1.3261853412964881
SC4002E0-PSG,1969,1.1357649822336133,1.4719795875871033,1.3559234898783172,1.6897447718024414
SC4002E0-PSG,1970,0.8803326493287883,0.6612020867977434,0.36975594878185347,0.2070729472580256
SC4002E0-PSG,1971,1.3379925835518633,1.0101753989035578,0.9791085164878955,0.9453857136996704
SC4002E0-PSG,1972,0.6392026543310734,0.8401880103517172,0.11695155832274179,0.03519896724927392
SC4002E0-PSG,1973,0.906449599742538,0.42869761682069213,-0.03665982520355798,0.28215703860876157
SC4002E0-PSG,1974,0.6410714976561326,0.5711081479286357,1.22276066490837,1.0838179587660306
SC4002E0-PSG,1975,1.2438026778379498,1.6297823522939352,2.1033112716800098,0.9973463532746522
SC4002E0-PSG,1976,0.690883463589416,0.157401472089948,-0.41404406228004287,0.15235335793479649
SC4002E0-PSG,1977,0.8972097403703339,-0.2767026316690672,-0.47394776023561935,-0.012980120264377195
SC4002E0-PSG,1978,0.9583658987633913,1.2897626424884887,1.400037291697999,1.1410024514963928
SC4002E0-PSG,1979,1.264904499560141,1.4141244060653417,1.1918019068112227,1.4766221300368179
SC4002E0-PSG,1980,-0.8045413587550527,-0.7928001999656508,-0.20162259170354807,0.6027929987017041
SC4002E0-PSG,1981,0.6915844646961199,0.43358203035286624,0.1389558345397059,0.6159074347501408
SC4002E0-PSG,1982,0.8921639154255487,0.850504437341557,0.5503475890628512,0.6323752854919197
SC4002E0-PSG,1983,0.8617544936777257,0.7000554242359521,0.32197238286035407,0.7013202787447542
SC4002E0-PSG,1984,0.543944377275681,0.7368171375480634,0.16858263692979308,0.7348363280602477
SC4002E0-PSG,1985,0.727750479650747,0.35894947974161784,0.38828830795359587,1.0077619912985973
SC4002E0-PSG,1986,0.7984860368005352,1.185596253466112,1.3979959107109745,1.2205321253710255
SC4002E0-PSG,1987,-0.2379692074724412,-0.7671678496036529,-0.5324719148359703,0.37445797044176865
SC4002E0-PSG,1988,-0.7088903488829886,-0.776437413090995,0.1562755861642041,0.8336167996613684
SC4002E0-PSG,1989,0.3351081925207791,0.23468191445980366,0.08799399407727805,0.25085619224609274
SC4002E0-PSG,1990,0.23786260390059832,-0.16465053055732415,-0.03233856164493821,0.40857762462708636
SC4002E0-PSG,1991,-0.026533738130725733,-0.0961059866211722,-0.14478261692840957,0.3495551627215475
SC4002E0-PSG,1992,0.1256777122039396,-0.07668637525812459,-0.24055114904616146,0.30658739538875607
SC4002E0-PSG,1993,0.2010749241875483,-0.21103288212581994,0.039097809847327476,0.4375052037530538
SC4002E0-PSG,1994,0.9527486289011641,0.646040576235925,0.24440032601920925,0.5887409574466594
SC4002E0-PSG,1995,0.0110886267112241,-1.4217464181019352,-0.28809227194806963,0.5875759399681325
SC4002E0-PSG,1996,0.3949475906668179,0.490269403866015,0.014212635481356999,0.4591891420707552
SC4002E0-PSG,1997,0.09199371285187127,-0.04083227789035256,0.5330992405397258,0.6429949040046016
SC4002E0-PSG,1998,0.09935536615286884,0.041921586075829395,0.7085069367926748,0.8422119578798347
SC4002E0-PSG,1999,0.462920558416144,0.5292802677267359,-0.14442891351428114,0.3956252986428843
SC4002E0-PSG,2000,0.14348613015174547,-0.47866706000133347,-0.09506410098868062,0.5535526632162134
SC4002E0-PSG,2001,0.37412991278471097,-0.2031678224699924,0.7303276072363373,1.0706614675514696
SC4002E0-PSG,2002,-0.16419969040497712,-0.3324790132998696,-0.30626145867445037,0.8002589873695305
SC4002E0-PSG,2003,-0.20247083152513132,0.2701942000174046,1.0179132072893387,1.095835442498173
SC4002E0-PSG,2004,0.37500580623276397,0.039514243968307,1.2555169717070052,1.285033375962203
SC4002E0-PSG,2005,0.2402260098117533,-0.12028261455659017,0.43746164534194387,1.0804859869288277
SC4002E0-PSG,2006,-0.08712578666596436,-1.0681463189371183,-0.49504346865178983,0.5722962213327487
SC4002E0-PSG,2007,-0.5901310503969629,-0.3315099076193793,0.3693261003480861,0.6002927212449868
SC4002E0-PSG,2008,0.3791191401635041,0.32274164290387924,0.970304453987207,1.116550732129628
SC4002E0-PSG,2009,0.2923157686191334,-0.08059536884975609,0.2365274909408693,0.6479725496362208
SC4002E0-PSG,2010,-0.1558242428122991,-0.5705991290373892,0.2101917330270518,0.606387988091923
SC4002E0-PSG,2011,0.8315712366173396,0.1717747273325421,0.10159324377779763,0.7663220500314398
SC4002E0-PSG,2012,0.28038507164686294,-0.4603788599837997,-0.3537240466449917,0.377081449872228
SC4002E0-PSG,2013,0.4801636729795213,0.12061071652907139,0.3065399674905515,0.8128804869717106
SC4002E0-PSG,2014,0.18341900089908678,-0.7455315588653463,-0.3388618406730138,0.38796323751534234
SC4002E0-PSG,2015,0.05137074229611491,0.09044652953383032,-0.20827570977155396,0.4822501214984157
SC4002E0-PSG,2016,0.1965956651678994,-0.1811825643290329,-0.19493356616088922,0.3314336677908726
SC4002E0-PSG,2017,-0.29156083350615886,-0.5525150333136347,-0.49663004378651654,0.35072441174545355
SC4002E0-PSG,2018,-0.5664043032119839,-1.1293176212903864,-0.3527882172050266,0.32689174719556496
SC4002E0-PSG,2019,0.7375498874721921,0.04302453751258211,0.02774842364327972,0.6677947918301264
SC4002E0-PSG,2020,-0.20492178542310818,-0.41508521545963717,0.4616673380695647,1.0214414846117703
SC4002E0-PSG,2021,0.8206204839362403,-0.3630929893929335,-0.39945171567611615,0.41469609201442786
SC4002E0-PSG,2022,-0.17219906739796878,-1.088550310730349,-0.5280465747232909,0.6057595803466059
SC4002E0-PSG,2023,0.3542200524604738,0.1558325268659924,0.6294636478189722,0.7207865094843321
SC4002E0-PSG,2024,-0.01578275757959095,-0.5127890320038495,-0.624970030517084,0.22691080246693077
SC4002E0-PSG,2025,-0.07479885853079409,-1.239929645482231,-0.6128033752383534,0.495706885675746
SC4002E0-PSG,2026,0.19019601078150228,-0.46464024542560173,0.16818788087990338,0.5537772170883797
SC4002E0-PSG,2027,0.30464462428720873,0.34484905234828767,0.08882818693184881,0.4372121392170938
SC4002E0-PSG,2028,-0.005007244997544408,-0.48511224183740553,-0.787391936668767,0.19111439660521698
SC4002E0-PSG,2029,0.16688313283756603,-0.51756722550705,-0.014564054173072681,0.7933371413751795
SC4002E0-PSG,2030,0.35422439177281656,-0.23357361878868355,0.4709964478335075,0.46337854163435327
SC4002E0-PSG,2031,0.07551543982876725,0.007758462347851733,0.10008541498306649,0.6219394016352711
SC4002E0-PSG,2032,0.6023119648155546,0.29455647265999935,-0.4505674402070627,0.28465827190377513
SC4002E0-PSG,2033,-0.31625406926946653,-1.0201641100833378,-0.8616142390526436,0.20629788681624997
SC4002E0-PSG,2034,-0.5746477263110358,-1.3614571873419026,-0.6804348851146603,0.17223344296230797
SC4002E0-PSG,2035,0.835147210860221,0.4014500218950274,0.528511911428999,0.7144306799999134
SC4002E0-PSG,2036,0.9994712086602415,1.1694002848156904,1.0043749715434003,1.1724188017625299
SC4002E0-PSG,2037,-0.04527257936316997,-0.7335576968480038,-0.1730750975662831,0.7758223625544517
SC4002E0-PSG,2038,0.4045712077441509,0.00684634693228177,0.18672136541492804,0.5616940410222198
SC4002E0-PSG,2039,-0.07410891608211297,-0.03382289826741859,-0.20391298651755188,0.3377502396322701
SC4002E0-PSG,2040,0.3086653413102813,0.08136097690085776,0.8054850398416902,0.930944744859032
SC4002E0-PSG,2041,0.4890124543987311,0.717568893851108,1.294353889686116,1.3788180445831457
SC4002E0-PSG,2042,0.6407721772860553,0.5249987542270965,1.2734827172622836,1.5293562766403022
SC4002E0-PSG,2043,0.44728410195852975,-0.4328760299583463,0.01670787770639568,0.42856906624160834
SC4002E0-PSG,2044,0.23921450272314942,0.43202692072464954,0.706543669845837,0.8481501729239047
SC4002E0-PSG,2045,0.600163715691125,0.5510599455464906,0.7255901534912854,0.7530896518657827
SC4002E0-PSG,2046,0.39309127549931694,0.7354578332621134,1.5664532507000744,1.4761766037202653
SC4002E0-PSG,2047,-0.25315043890245853,-0.40257343146144053,0.412399877397763,0.8057762136142672
SC4002E0-PSG,2048,0.06611636569181999,-0.5108844758782264,0.09412925306550633,0.7050501360652347
SC4002E0-PSG,2049,-0.24271249522748162,-0.7231482551178295,-0.7795297222993499,0.2336911266003766
SC4002E0-PSG,2050,0.3049220665903425,-0.18445395272917514,-0.08631863124467905,0.6620198351317801
SC4002E0-PSG,2051,0.03640263007348624,-0.031806298477854246,0.5851344982925492,0.924109071917856
SC4002E0-PSG,2052,-0.2781784691667886,-0.27108358898404805,0.14317795120847288,0.8496824909886886
SC4002E0-PSG,2053,-0.3596203030116076,-0.6784307421338855,-0.7084162906340707,0.45255202751265267
SC4002E0-PSG,2054,-0.3118267914397577,-1.2973582616729622,-0.7186199003194307,0.1881420815862998
SC4002E0-PSG,2055,1.0203342193415752,0.038757672612742385,0.8653129347184373,0.8923488927543884
SC4002E0-PSG,2056,-0.44580726173779245,-0.780612495405634,0.05722828548079635,0.2817008668639294
SC4002E0-PSG,2057,0.842176531562232,-0.10318202984946291,0.28303022562098895,0.8966679725342044
SC4002E0-PSG,2058,0.3979820285104134,-0.18457866279992902,0.31418180100027165,0.6139982756762953
SC4002E0-PSG,2059,0.44558342736520923,0.3282724579972832,0.29349748860102187,0.5970321528292959
SC4002E0-PSG,2060,0.4201693463869833,-0.7841451687446429,-0.011711254498146969,0.3981197640366899
SC4002E0-PSG,2061,0.5725903252018673,1.0974384392793513,1.0945145684860789,0.8517032150222613
SC4002E0-PSG,2062,0.13937646610899898,1.0285195793127662,0.12124608576367985,0.3686766722685746
SC4002E0-PSG,2063,0.08418952726086724,-0.07969839615525105,-0.11177541977536182,0.409334754590867
SC4002E0-PSG,2064,0.0856100968062714,-0.6388088338048137,-0.25747983293373033,0.5071222619754736
SC4002E0-PSG,2065,0.6043503887641357,-0.49931571638315797,0.5574887720579238,0.8062196261054955
SC4002E0-PSG,2066,0.7079347834821682,0.17143964945954748,0.3972705098329622,0.7794939805863016
SC4002E0-PSG,2067,0.3068119739556979,0.3213209887185158,0.16798829950552105,0.6539539146685879
SC4002E0-PSG,2068,0.24772485832711458,0.2881759088753726,0.14050833901763912,0.5612903371666214
SC4002E0-PSG,2069,0.5770514427680975,0.25569198428449585,-0.3092570690311446,0.5226494529664177
SC4002E0-PSG,2070,-0.04235476857330526,-0.45855334392952346,-0.06768959030223042,0.5207316098497258
SC4002E0-PSG,2071,-0.11132851669310706,-0.6990683369036426,0.02202039947280357,0.29138006442424985
SC4002E0-PSG,2072,0.6659796606339031,0.03491757158107978,0.7129724359619566,0.5229954432708804
SC4002E0-PSG,2073,0.9136662902717575,1.1024565328638556,0.5259376710437206,0.6273889348222906
SC4002E0-PSG,2074,0.5065526518088841,0.14890897091805,0.23213353058329178,0.4959112035921415
SC4002E0-PSG,2075,-0.06684443978839713,-0.6828737773605726,-0.31223172385010567,0.46501111733545364
SC4002E0-PSG,2076,-0.012186655746379435,-0.3090761716485822,0.18206061462764728,0.6156932732987846
SC4002E0-PSG,2077,1.0076293265688556,1.23347438881393,1.0640142090950313,1.0648699904489782
SC4002E0-PSG,2078,0.9429640999366755,0.9534493078720064,0.9173095017685406,0.7385133166441988
SC4002E0-PSG,2079,0.4351750823047638,0.018554118538839242,0.429944960357822,0.7720078829051654
SC4002E0-PSG,2080,0.5455086192305436,0.38887111690383286,0.7350267955263783,0.8779016114153023
SC4002E0-PSG,2081,0.5695568109765093,0.14960834399396963,0.6272253894558527,0.5426890047816317
SC4002E0-PSG,2082,1.1030426947654148,0.9768129161434582,1.0049051013827437,1.2422373623613623
SC4002E0-PSG,2083,0.10524282473590721,-0.4686965906725965,0.284519172357249,0.6671752529924915
SC4002E0-PSG,2084,-0.10433033914406704,-0.8238396048357969,-0.4038450582708339,0.3116900184371839
SC4002E0-PSG,2085,0.45430580790338404,-0.023282349161568388,0.45921736694895443,0.08259731282261164
SC4002E0-PSG,2086,0.28184650979142156,0.1341405150865774,0.2711357919906057,0.4609782365394518
SC4002E0-PSG,2087,-0.13297666440756278,-0.06133598794096011,0.32699534914682404,0.715717510140191
SC4002E0-PSG,2088,-0.22833496817730597,-0.5633759505574115,-0.0923794314173627,0.49403084273960735
SC4002E0-PSG,2089,0.36860050516456366,0.24307617176199728,0.19809187536798095,0.5537467142478325
SC4002E0-PSG,2090,0.8612770237171289,0.6358562590810459,1.8151303138863726,1.5605950473208359
SC4002E0-PSG,2091,1.1305338291087592,1.0165455472844862,2.381627501844563,1.9809150381191611
SC4002E0-PSG,2092,1.2155748362106535,1.21602361019721,1.9660373249554377,1.620361070621971
SC4002E0-PSG,2093,1.0554151359880035,0.8675810000952343,1.8228565324419892,1.5661450263893613
SC4002E0-PSG,2094,1.1955078694450094,0.947782949341678,1.011323296333327,1.0852227399090895
SC4002E0-PSG,2095,0.7382256187367258,0.4047995706333278,-0.476822655999541,0.2593696122087582
SC4002E0-PSG,2096,1.18012203321797,1.0630364640541652,0.8393653012125286,0.7270211334768021
SC4002E0-PSG,2097,1.2048799250062523,0.4167575373675837,2.1813028316104246,1.8391674136057834
SC4002E0-PSG,2098,1.293917006904615,1.5470248626374266,2.3401920091361723,1.8650543187119888
SC4002E0-PSG,2099,1.2709400485277516,1.7854096668102264,2.874975198929802,2.05057972980134
SC4002E0-PSG,2100,1.3930703411421361,1.6980266769186096,1.9462071560089569,1.7057018283585605
SC4002E0-PSG,2101,1.6521097529239641,1.419160758823962,2.315933094851096,1.6250917646560932
SC4002E0-PSG,2102,1.3003103534919374,0.2112643870629786,0.30905397702695153,0.767483652502076
SC4002E0-PSG,2103,1.0652002434545844,0.8048728472782932,0.37046999986032175,0.5801927614318082
SC4002E0-PSG,2104,0.9871083508685414,0.7643458667435233,0.2949474829888633,0.7750896227719992
SC4002E0-PSG,2105,0.8921949704838307,0.5790635005427385,0.2774932784915577,0.7132515754043537
SC4002E0-PSG,2106,0.7263546877713177,0.2016251109457207,-0.10651374107854596,0.486285387506344
SC4002E0-PSG,2107,0.2914758192584284,-0.1176118549600333,-0.10431379130330505,0.3926475271073951
SC4002E0-PSG,2108,0.31306960533987194,-0.46898729958507657,-0.16244250586478506,0.5672553111499439
SC4002E0-PSG,2109,0.49981156060929705,-0.24067968693628383,-0.23126508803481025,0.6040369364455581
SC4002E0-PSG,2110,0.8670688019933868,0.14408493828764682,-0.16341947663280507,0.4565847022120144
SC4002E0-PSG,2111,0.4093034294800002,-0.024566843466840484,0.24879993672458228,0.424007452635354
SC4002E0-PSG,2112,0.3529949596542806,0.08394603855281423,0.13806862367277536,0.8502203885999103
SC4002E0-PSG,2113,0.13098799173114214,0.10029765379204665,0.5557046416266419,0.585665847254723
SC4002E0-PSG,2114,0.14153664025542714,-0.4746607424170303,0.14202270957271573,0.5695319946500607
SC4002E0-PSG,2115,0.47820929989571875,0.027096219486909955,0.1939082287868637,0.7081505688677929
SC4002E0-PSG,2116,0.25499200031312935,-0.47494409267947235,-0.08758845938654915,0.44481614245729123
SC4002E0-PSG,2117,0.4311022243475335,0.5689959427993935,0.2717533436563499,0.35847561304048714
SC4002E0-PSG,2118,0.8645127665526188,0.20306861506332013,0.3478842383250946,0.5706780611774859
SC4002E0-PSG,2119,0.33344109327965615,-0.3051144043728788,0.23662311921387905,0.48922257105746003
SC4002E0-PSG,2120,0.2353766417470893,-0.4378918055683674,-0.03498248508975494,0.4839627443475735
SC4002E0-PSG,2121,-0.01375032436276961,-0.37477303369539505,0.16485801032104405,0.7446258889938039
SC4002E0-PSG,2122,-0.305890874456191,-0.8275655821637616,-0.028841882433487523,0.20140103302118326
SC4002E0-PSG,2123,0.8026784589241593,0.2557844665855901,-0.017417767769593886,0.40291998867816026
SC4002E0-PSG,2124,0.30348682125410564,0.2225934477729395,-0.4999191193997159,0.15596877469609405
SC4002E0-PSG,2125,0.7003014115739354,0.6308603036190563,0.5890543810515197,1.1069300263200028
SC4002E0-PSG,2126,0.5066826231144739,0.5291446432404422,0.6414660865986025,0.6723248131678112
SC4002E0-PSG,2127,0.7690128091203764,0.24342030046653895,0.46321238677157994,0.7135966888880468
SC4002E0-PSG,2128,0.8326510855681568,0.8488318620059409,0.9577963894431311,0.6538486282795821
SC4002E0-PSG,2129,0.924097405683286,0.42467173707888317,0.8123835186637659,0.5849146603920765
SC4002E0-PSG,2130,0.7669898859312806,0.29896523256660756,0.8736764570639447,1.1487925444972966
SC4002E0-PSG,2131,0.4599058910942345,1.240602837793448,1.443407821189123,1.1813060284138068
SC4002E0-PSG,2132,0.2729617053772968,0.1945521142519831,0.3211532385620559,0.7909273816574737
SC4002E0-PSG,2133,0.49537071386258485,1.2027072212871108,0.6136711223437937,0.9982277094809847
SC4002E0-PSG,2134,-0.30694269703245386,-0.39345432274659325,0.30859260791561355,0.5605345417006834
SC4002E0-PSG,2135,-1.4252638985512245,-0.6673492176881598,-0.032376345983084094,0.18683247397697242
SC4002E0-PSG,2136,0.00518533682163112,0.6055656718568468,0.606830182581951,1.064967498653703
SC4002E0-PSG,2137,0.4126313897968118,0.5303335355707538,0.919327369904142,1.0132908539761996
SC4002E0-PSG,2138,0.5528172358292224,0.46413484215204165,0.13872818050770847,0.8223838180563989
SC4002E0-PSG,2139,0.5450630567361848,0.4711634558431693,0.8279424709975951,0.7820809727051228
SC4002E0-PSG,2140,0.3732849808235628,0.32936716549965445,0.40079320988962236,0.5086955681829987
SC4002E0-PSG,2141,-0.7040440671231962,-0.6590176341814556,-0.3201383349431714,0.4281855712709946
SC4002E0-PSG,2142,0.5823944059995099,0.38198722039220107,0.5804408067063633,0.9353549749894026
SC4002E0-PSG,2143,0.4093624130193197,0.8501522864844243,0.8347525887880665,0.9404247496089342
SC4002E0-PSG,2144,0.5015866376922464,0.47100630816652655,0.6233157265242822,0.6507495354609129
SC4002E0-PSG,2145,0.26665111227019006,-0.20992815943632712,0.22033070053879963,0.5418599516856816
SC4002E0-PSG,2146,0.6754493932142732,0.41765980989580065,0.856652156253097,0.9577263071428993
SC4002E0-PSG,2147,-0.4026180997842421,-0.4616359457211577,0.18254774558529097,0.42679726524966605
SC4002E0-PSG,2148,1.1127885397513007,1.240223605603073,1.4432854194540365,1.1836681325257385
SC4002E0-PSG,2149,0.90917549469508,0.9467626664192355,1.3297578261150562,1.2925336971176224
SC4002E0-PSG,2150,0.2878420150627121,1.1609567042587368,1.0537421606304973,0.9384998402737134
SC4002E0-PSG,2151,0.10849384772031187,-0.004805560725559377,0.14380087000957756,0.47096993347374555
SC4002E0-PSG,2152,0.1386911363499256,0.24419761924947356,0.11597508937568571,0.302729166273628
SC4002E0-PSG,2153,0.7207908090678115,0.06049029137129363,0.5268511368992586,0.37736705408147525
SC4002E0-PSG,2154,0.5232559620317284,-0.07843470220187977,0.1394657446698416,0.6145208417857808
SC4002E0-PSG,2155,0.3284709154153891,0.563302911122876,0.5482666443550874,0.623912400588618
SC4002E0-PSG,2156,0.25497323234734215,0.05326141878930033,0.055658742387605424,0.40742432995055583
SC4002E0-PSG,2157,0.8494906542668512,1.1952082753755604,0.5238100028340313,0.7629058623603081
SC4002E0-PSG,2158,0.6709868041272972,0.21153759721784618,0.299359457085343,0.6676374806793193
SC4002E0-PSG,2159,1.002212517336332,0.9185942371480367,0.7588795359583796,0.5221071899695273
SC4002E0-PSG,2160,1.2182277451408021,1.6704456414658908,2.6553717543805604,2.3140659739041354
SC4002E0-PSG,2161,1.3324769438448658,0.9340697181434771,1.6221441854340581,1.4736570373414484
SC4002E0-PSG,2162,1.3257428100758089,0.933475954929211,0.8861900512943911,0.8802155152010647
SC4002E0-PSG,2163,0.7869289089239001,0.8859396369146652,1.9242559928900482,1.401252247057628
SC4002E0-PSG,2164,1.3374963623016203,0.8751004470880781,1.5235470984289257,1.4600054786493326
SC4002E0-PSG,2165,1.119686675256264,0.0980204856072708,0.6557168023839113,0.8091622253975279
SC4002E0-PSG,2166,0.7096340133808597,0.2675556041085234,0.5518237861403336,0.6894962995095419
SC4002E0-PSG,2167,0.8830663211575217,1.0935615477168392,0.9095510629897684,1.0327665743533903
SC4002E0-PSG,2168,0.563729648001512,-0.05301301700373255,0.5376942379250049,0.6530028834455748
SC4002E0-PSG,2169,1.1475349963862145,1.630510734364606,2.8836728485668317,2.148531738984496
SC4002E0-PSG,2170,1.2657340398299737,0.6545665667244672,1.1583924747367533,0.9641140365927924
SC4002E0-PSG,2171,0.663707094878062,1.1780943035688156,1.352788525170113,1.0608032371574618
SC4002E0-PSG,2172,0.13171820581545018,0.3483089479720845,0.48418262739947,0.6643109199023833
SC4002E0-PSG,2173,1.0705116303282076,0.5702861547049718,0.8507103875634232,0.8128079142439365
SC4002E0-PSG,2174,0.7059068816852128,1.5644910219210082,1.710664263026772,1.6466164116124573
SC4002E0-PSG,2175,-0.2800143279696401,-1.0521827244466722,0.03660260260707684,0.5680618232798693
SC4002E0-PSG,2176,-0.09793214265758204,-0.5823858207403108,0.1160876213487031,0.633395405033425
SC4002E0-PSG,2177,-0.19056952081412248,-0.3186631310695362,0.22088237238665667,0.45017914002361975
SC4002E0-PSG,2178,-1.051910124419596,-1.389262617721539,-0.5846714814216648,0.3266948444624824
SC4002E0-PSG,2179,0.5333236571882103,0.3006428666039798,0.06835846489761045,0.6727970692343522
SC4002E0-PSG,2180,-0.15676080173619877,-0.12513685779672995,0.7028821968034505,0.6994175228501229
SC4002E0-PSG,2181,0.07831872076371534,-0.33877813611171903,0.3560708632293044,0.5640556327220912
SC4002E0-PSG,2182,-0.4642906968210067,-0.7543360926610603,-0.7076606334182165,0.31727343236851613
SC4002E0-PSG,2183,-1.3678904377275063,-0.308763061821726,-0.3867469708698181,0.3134398075962789
SC4002E0-PSG,2184,-0.1200948330990363,0.2703144280470253,-0.5097301209861367,0.3637771546608688
SC4002E0-PSG,2185,-1.1172757861798537,0.04317888171524305,0.05180569191938006,0.39219453004224386
SC4002E0-PSG,2186,0.30679580313587923,0.048906796825726156,0.2995326392903392,0.7244142221592161
SC4002E0-PSG,2187,0.005933872848427159,-0.08838733596426612,0.2773295692763571,0.6594142318199802
SC4002E0-PSG,2188,0.04846159191327222,-0.08751295306081794,0.11433782769457379,0.5698850599123194
SC4002E0-PSG,2189,-0.3833040724633757,-0.15974745580267444,-0.4282528630222577,0.20902129178379739
SC4002E0-PSG,2190,-0.1531779819673391,-0.25900837756460243,-0.1497957541466468,0.44281920924385204
SC4002E0-PSG,2191,-0.2391938431235911,-0.5253029118221795,0.1718189207632194,0.5269435725152383
SC4002E0-PSG,2192,0.24058759841919752,0.10831747175711047,0.2674595415485196,0.4876382809985539
SC4002E0-PSG,2193,0.3731525083788577,0.3784473800621525,0.6578355188068676,0.6329847015035946
SC4002E0-PSG,2194,0.9733521974899101,1.4734998105622952,1.601833194347214,1.1202803198695304
SC4002E0-PSG,2195,0.31246729991955624,0.4266627702488956,0.7282976588997245,0.7737520936005224
SC4002E0-PSG,2196,0.26465568697331326,0.33929221820369687,0.7348937207455646,0.9237794115534675
SC4002E0-PSG,2197,0.6837533955550151,0.24310115564267026,0.7097924763529736,0.8335574373882741
SC4002E0-PSG,2198,-0.07046037429713137,-0.2566411763137922,-0.1309220087279464,0.6367054029436165
SC4002E0-PSG,2199,0.44020090267129236,-0.12724026699443666,0.5282094274295583,0.6802196106410073
SC4002E0-PSG,2200,0.7961758657497178,0.6723097007224276,0.7648717112642212,0.8426676928350302
SC4002E0-PSG,2201,0.6355040535713984,1.1856811714598385,1.3531342546266005,1.1566236927227664
SC4002E0-PSG,2202,1.1202182930355942,0.8190441516623383,0.6297623216607948,0.6189416967967359
SC4002E0-PSG,2203,1.2915338553245528,0.14301478457364114,0.5499435127449386,0.792003088604763
SC4002E0-PSG,2204,-0.25642972877612785,-0.18588044618413874,0.8117691739880665,0.9720094963615494
SC4002E0-PSG,2205,1.0689029070933782,1.0057230677021893,1.256538506188935,1.0691118704568807
SC4002E0-PSG,2206,0.857724655832241,1.2895900922425794,1.4761272058265862,0.9553079737163235
SC4002E0-PSG,2207,0.33031889786663987,0.43651410547441416,0.9515661633231622,1.1035094962725334
SC4002E0-PSG,2208,0.6172757748040713,1.3343647141164405,0.6100005841186866,0.6245312261515568
SC4002E0-PSG,2209,0.6124319923128508,-0.9859590954477752,-0.08723058848102673,0.7020169358302958
SC4002E0-PSG,2210,0.31160673128996397,-0.8364664903194157,0.6667582307960547,0.8441137727331448
SC4002E0-PSG,2211,-0.14896531927964576,-0.8995796650299752,0.9719797103146252,0.9885136064650826
SC4002E0-PSG,2212,-0.20270639475742033,-0.4008715574941175,0.5260650166739028,0.5306492966136624
SC4002E0-PSG,2213,-0.6861850376090087,-1.405711210034189,-0.08552950716950633,0.7142320452230767
SC4002E0-PSG,2214,-0.4685107177371217,-0.5293731788582212,0.17500712225256745,0.9887244968282728
SC4002E0-PSG,2215,-2.324000213737179,-1.5656277935781946,0.19129548406015745,0.6295457689969745
SC4002E0-PSG,2216,-0.4575744628648444,-1.5622186186998301,-0.06263427480780694,0.7704225080384919
SC4002E0-PSG,2217,-0.3106747523502846,-1.2452564754249154,-0.3927267950237341,0.4576397620531085
SC4002E0-PSG,2218,0.5965625426575625,0.4593066888595468,0.9157170367446762,1.296331200973994
SC4002E0-PSG,2219,-0.38965744276345393,0.39781776065292906,0.7981940940167415,0.7778832385847028
SC4002E0-PSG,2220,0.8052645179894977,0.6492542381725559,0.9282947435257491,0.8945567944914141
SC4002E0-PSG,2221,0.705730170549912,0.9654350368470453,0.6592885935525337,0.7982897536726239
SC4002E0-PSG,2222,1.1039382537937648,0.7510602402886138,0.9753291101498954,0.7510277241129135
SC4002E0-PSG,2223,-0.42121149161176386,-1.3342598650654822,-0.37850120100151247,0.2630115384826885
SC4002E0-PSG,2224,-1.4593462163379232,-1.4468430763846016,-0.9123990615592019,0.25722714041845773
SC4002E0-PSG,2225,-0.008036473608304747,0.5715937209147078,1.0683990444927283,1.5079466277294653
SC4002E0-PSG,2226,0.24589803285655387,1.1641172355676845,0.832088811517988,0.9502260474563301
SC4002E0-PSG,2227,0.2375086199584886,1.6574013224482889,1.5556681382918829,1.006523986928645
SC4002E0-PSG,2228,-0.25274945281779476,-0.25241289428713354,0.5956254161782537,0.8079046837377137
SC4002E0-PSG,2229,0.3648440417426293,0.7043019632164164,0.46383023679960356,0.8038348614569513
SC4002E0-PSG,2230,0.4093104677310186,0.17747755410970892,0.55894300790547,0.7605747352022332
SC4002E0-PSG,2231,-0.06647231460529815,0.3323819260843043,1.00454208868193,0.8236634647106982
SC4002E0-PSG,2232,0.2565947988420745,0.18705276842454605,0.18105333957765177,0.45495488222980346
SC4002E0-PSG,2233,0.21590339509710038,-0.06014490454388935,1.160161479373103,0.95340035322071
SC4002E0-PSG,2234,0.6022880624859618,0.5438278140322991,0.34693296734716295,0.5815292692706706
SC4002E0-PSG,2235,0.1583070620082947,-0.05102104651771475,0.39616662442149114,0.4962790226720544
SC4002E0-PSG,2236,0.5990915535011212,0.05282316013334439,0.5208127841960775,0.7507953421436998
SC4002E0-PSG,2237,0.4459434420118872,0.21653428520866336,0.6570565770935439,0.6448778642455958
SC4002E0-PSG,2238,0.2425882790661145,0.961146168023168,1.8282785715494776,1.3382808040480634
SC4002E0-PSG,2239,0.1400530276045163,0.4830354013006025,1.1518001823175985,1.3135329934318372
SC4002E0-PSG,2240,-0.12164354116914969,0.8552163600965575,0.6378621269614314,0.6620647512220051
SC4002E0-PSG,2241,0.25264802392192404,0.009447961777257773,0.6311642657168353,0.4839853926162499
SC4002E0-PSG,2242,0.995332135224323,0.9556444197563819,0.6527783401212265,0.8216551887334183
SC4002E0-PSG,2243,0.7471361764073674,1.0225685263132342,0.5298488034158134,0.5839634533885231
SC4002E0-PSG,2244,0.7578371402489509,1.042383397927708,1.4019521087405542,0.8766925329323305
SC4002E0-PSG,2245,0.722523626584002,1.4476548694016773,0.8330010976366601,0.7624248560235464
SC4002E0-PSG,2246,0.7943253093782586,1.4022186150034974,1.3044355267521175,1.1068428838652375
SC4002E0-PSG,2247,1.0649395099466008,1.0053268681875915,0.9751844883173495,0.83641568246583
SC4002E0-PSG,2248,0.5651862232131478,0.8652125324011736,0.8146154935213469,0.6894413633221661
SC4002E0-PSG,2249,0.6756162266839155,1.1561794012542332,0.8944892846533925,1.0833242001036292
SC4002E0-PSG,2250,0.44724923775100794,0.8202943462326738,0.8775329793752474,0.7738272314172726
SC4002E0-PSG,2251,0.5007435851877229,1.3234430297145825,1.0410930505021352,0.6947570034059061
SC4002E0-PSG,2252,0.6019627894555073,0.6990590182812991,0.6224240687923006,0.5854124701271173
SC4002E0-PSG,2253,0.29531469159094026,1.0310676259587472,0.6568770744277881,0.49527754105585087
SC4002E0-PSG,2254,0.9303900731310075,0.4007326741989628,0.4901795784762536,0.6515553101045589
SC4002E0-PSG,2255,0.1186293509163833,1.0005965783541466,1.1502931071641864,1.2395819092838434
SC4002E0-PSG,2256,0.09351747740588542,1.3746084424723044,1.5783264628072815,1.0346582827037711
SC4002E0-PSG,2257,0.1944414688808894,1.9181222595247267,2.2073169479757815,1.6534839561615227
SC4002E0-PSG,2258,1.0634874494774234,2.0068015191102657,2.433353869885823,1.6439534780696512
SC4002E0-PSG,2259,0.6587010330197033,1.2874016489263789,1.7256642677938199,1.7204774915022967
SC4002E0-PSG,2260,0.2802751705419287,1.1213233342595477,0.9087466814497471,0.570689045910801
SC4002E0-PSG,2261,0.43135617224907924,0.19186456284954925,0.5132563236778731,0.5229915301271837
SC4002E0-PSG,2262,1.2900403992424052,1.2878575669639503,0.7641195596294222,0.934691768758384
SC4002E0-PSG,2263,0.7862441213072027,0.5247073393562067,0.5987554520007267,0.9999214949767953
SC4002E0-PSG,2264,0.2648382839385082,-0.293345953389058,0.44469342558993136,0.6286203932381356
SC4002E0-PSG,2265,1.0045000236443256,1.0840431095396814,1.1126649993504634,0.8036967602451323
SC4002E0-PSG,2266,0.16388771866875904,0.8427557066180899,0.7370485039804767,0.7031761352795619
SC4002E0-PSG,2267,-0.4352741129413686,0.2726752154700087,0.007327069508632411,0.48786320100659475
SC4002E0-PSG,2268,-0.2344121585902413,0.3810870697653616,0.3169110972401812,0.6401814260224186
SC4002E0-PSG,2269,-0.0646411794825561,0.25786430985086245,0.987086592695218,1.200617752017552
SC4002E0-PSG,2270,0.27744062008805637,0.023623103448555723,0.8646920501435802,0.7300787358803679
SC4002E0-PSG,2271,-0.2275793446089445,-0.39600735802553483,0.10568985414865098,0.7025294333879457
SC4002E0-PSG,2272,0.21539483585151556,-0.07169556641762702,0.3376091945656595,0.7337454270610893
SC4002E0-PSG,2273,0.4310034257759734,0.26756572823879315,0.3057275953876876,0.5802324176261695
SC4002E0-PSG,2274,0.052291026264693743,-0.468877652796409,0.16725541927492257,0.4749281567826614
SC4002E0-PSG,2275,1.0204465783431382,0.9606162227378432,0.9770151926120567,0.8605063167867668
SC4002E0-PSG,2276,0.1832202331928314,0.22606026264751064,0.5209561738545944,0.9461089850266642
SC4002E0-PSG,2277,0.28228246664141693,-0.3342224530299687,0.46667046160969167,0.746690702625553
SC4002E0-PSG,2278,0.30412071826177256,0.25494334106703725,0.02676369734775319,0.6374311167695601
SC4002E0-PSG,2279,0.5122322566171859,0.5093765196765566,0.4172075241465351,0.7172169797692197
SC4002E0-PSG,2280,0.07900137941004158,0.6845830503258332,0.9904895051196497,0.9489503359847439
SC4002E0-PSG,2281,0.09356609727452642,0.21744629248241534,0.6853333727463797,1.004223237059508
SC4002E0-PSG,2282,0.6529367967066169,1.1275727697354716,0.8207917126733265,0.9420805178228081
SC4002E0-PSG,2283,0.11498107571541098,-0.3382625580652599,0.22307635305309365,0.390336564358484
SC4002E0-PSG,2284,-0.08325213887250095,-0.2853267736224359,0.42465995734259615,0.5267923632361372
SC4002E0-PSG,2285,0.7664691702220741,0.4832494441360587,0.3801774754374312,0.5101781635594773
SC4002E0-PSG,2286,0.5811079027769177,1.34242882690703,0.7498287924922323,0.9580034050211316
SC4002E0-PSG,2287,0.6268761992311186,1.0781911041087833,0.6705433362014258,0.7147871000101752
SC4002E0-PSG,2288,0.41788063076888865,0.42602752259492643,0.8115722643171839,0.9530333986867842
SC4002E0-PSG,2289,0.6696146397024432,0.1533702192157087,0.8800775155348797,0.879937010151888
SC4002E0-PSG,2290,1.2267527283808126,1.1204942790887449,0.9097142395421123,0.5313219774699586
SC4002E0-PSG,2291,0.7804808332021395,1.0072690282629246,0.879518173674049,0.8467586624272819
SC4002E0-PSG,2292,0.26699651257718016,-0.026686958246032295,0.760394732931725,0.6435915504161394
SC4002E0-PSG,2293,1.0711146476021711,0.9350081802292928,1.03155102810883,1.1479751701738272
SC4002E0-PSG,2294,0.5150734367393036,0.6924822682600951,0.37575325753417227,0.525865187990591
SC4002E0-PSG,2295,0.10166321689149418,-0.16458030198659443,0.1569543236062485,0.35339889894118964
SC4002E0-PSG,2296,0.4730868378767701,0.01895968936146142,0.1156953205174858,0.3176019277938797
SC4002E0-PSG,2297,0.36686286375686816,0.23494866043492002,0.1013643956148593,0.47450380213624876
SC4002E0-PSG,2298,0.5744185910686228,0.7768710721384581,0.6903618955637841,0.5766603781042796
SC4002E0-PSG,2299,0.8179223869799502,1.1047372299131377,0.5345700527941297,0.7113199484151924
SC4002E0-PSG,2300,0.11129084440115969,0.6511821808360901,1.7939248826959828,1.6885854369906006
SC4002E0-PSG,2301,0.4106854989659947,0.43084756644875555,1.2129720926708008,0.9664449431402585
SC4002E0-PSG,2302,0.4507921381025002,0.6568383903724379,0.33581109623991273,0.5651669039802947
SC4002E0-PSG,2303,0.26976041089286723,-0.6124347973379708,0.150092451223321,0.3393683297141789
SC4002E0-PSG,2304,0.2870267237289635,0.05438490642738646,0.7893690420194659,0.7924976557944882
SC4002E0-PSG,2305,0.35670826346619877,0.08945214211244888,0.5011519917353566,0.6430022133290343
SC4002E0-PSG,2306,-0.9021106015089835,-0.6116924318897324,-0.32479921264441575,0.16483082256032242
SC4002E0-PSG,2307,-0.2560295888921111,0.3556669471314979,-0.08033413911794826,0.38001585889811157
SC4002E0-PSG,2308,0.906270809281262,1.4217074345626093,2.069942090559777,1.2713358321322357
SC4002E0-PSG,2309,-0.8631663336386404,-0.847477954979828,-0.539561247102862,0.10177727227724437
SC4002E0-PSG,2310,-1.198900035928844,-1.1473821984045787,-0.8367562257883404,-0.22354916746900794
SC4002E0-PSG,2311,-0.4793199471941343,-0.6442344302234008,-0.045134952117929714,-0.07847073981441198
SC4002E0-PSG,2312,0.46138850084233574,0.4627704671186103,0.4430499073757574,0.8568123283795741
SC4002E0-PSG,2313,-0.02984147585910617,0.8743562001120425,0.8979751317985828,1.1577951832898636
SC4002E0-PSG,2314,0.07377302029441303,0.05034262963687669,0.6307061505045476,1.096934572926046
SC4002E0-PSG,2315,0.6976462214674211,0.5885445692040927,0.6039789422575296,0.568752264339004
SC4002E0-PSG,2316,0.5346288133764574,0.4671615838267278,0.7524409035913444,0.8691088047377027
SC4002E0-PSG,2317,0.3770102261646817,1.1011980962982475,0.36100645076807897,0.7471705822192514
SC4002E0-PSG,2318,0.4082735792782014,0.42576552030924114,0.7244434275696952,1.233568501919769
SC4002E0-PSG,2319,0.7240671824824183,0.5843652397225496,1.113127819611926,1.1773939463773708
SC4002E0-PSG,2320,0.7100077166953597,0.49324400866009016,0.4578262309122969,0.6103127487377685
SC4002E0-PSG,2321,-0.8930761564750698,-1.578469541163103,0.014911648212864469,0.09462238253228285
SC4002E0-PSG,2322,0.32620607652373523,0.3315658753165859,0.6522138824970697,0.49311841225343783
SC4002E0-PSG,2323,-0.7577229377466866,-1.2868322031770458,-0.31599463144168843,0.30407925661541957
SC4002E0-PSG,2324,-0.22761558050921943,-1.0148152612713994,-0.28266641457487696,0.37017978161078435
SC4002E0-PSG,2325,0.5827342656356967,0.35680089576571544,0.31967232601466833,0.7460593215817047
SC4002E0-PSG,2326,0.06570715715864675,0.03944292767937051,0.08889122048613955,0.37473151859543347
SC4002E0-PSG,2327,0.5429786734692565,0.4816440200985011,0.7126193690259844,0.6360742828758212
SC4002E0-PSG,2328,0.4083012985416269,-0.14285566243429526,0.008123669897645467,0.29878833588777337
SC4002E0-PSG,2329,0.15162033901868135,0.2610817420705025,0.18882248483801417,0.6968931520511397
SC4002E0-PSG,2330,-0.006807459642489335,-0.5366389886430902,-0.4608901801475661,0.35538768208260285
SC4002E0-PSG,2331,0.9007690443152251,1.6528572905585757,2.109016129831755,1.5631091241881143
SC4002E0-PSG,2332,0.7640000377487894,0.17887534935597652,0.6192575815696969,0.9349204350280189
SC4002E0-PSG,2333,0.5997067615804347,0.5182476674351328,0.9403073265866007,1.0632611531842275
SC4002E0-PSG,2334,-0.27070781863701127,-1.2935557956686319,-0.005673541117805574,0.42479285794204297
SC4002E0-PSG,2335,0.2365469195445336,-0.012619347996889706,0.8141964079636852,0.6087737909779346
SC4002E0-PSG,2336,-0.19887518447816213,-0.30953218656592996,0.320548567086725,0.4438129028726398
SC4002E0-PSG,2337,-0.24683052828148494,-0.37777272189000494,0.32381281354668395,0.43522566594988954
SC4002E0-PSG,2338,0.837116870524909,0.7519466837104719,-0.09499240975817946,0.5759119915166593
SC4002E0-PSG,2339,0.41858141316123165,-0.21478169365009628,0.4325611825550992,0.9042347902540365
SC4002E0-PSG,2340,0.16873392370676588,-0.1804418853545672,0.46527174494596074,0.6271301962326304
SC4002E0-PSG,2341,-0.0043902346088978755,-0.8694271739542513,0.1914662441001652,0.521475701292007
SC4002E0-PSG,2342,0.5752949212233447,-0.24763329343561663,0.40366368489227417,0.8324729440826254
SC4002E0-PSG,2343,0.0034250193636630477,-1.1029975024110412,0.25991121034007997,0.5677412724560132
SC4002E0-PSG,2344,0.46953808598858293,0.006704434228951214,0.14557018589658743,0.4999420150790365
SC4002E0-PSG,2345,-0.14443874888874866,-0.5169775953452443,0.12101351429828995,0.5562848661217636
SC4002E0-PSG,2346,0.47645939379800073,0.4574875638749762,0.8255763266785612,0.7215587878190118
SC4002E0-PSG,2347,1.178100544001494,0.9284503654898215,0.7590942149902863,1.0737409905534334
SC4002E0-PSG,2348,0.8565608997704598,1.0948818340964186,0.8185560282517451,0.7898502138596426
SC4002E0-PSG,2349,0.6070329825448258,1.091013718543663,0.5186106747073719,0.9467775321132706
SC4002E0-PSG,2350,0.8888837702609447,-0.2638377834173822,0.12118779365845175,0.34011021189583734
SC4002E0-PSG,2351,0.58441544103548,0.2033326949234043,0.2542273151769455,0.5186903998533162
SC4002E0-PSG,2352,-0.6277123314517872,-1.0469102496545335,-0.6381246601821519,-0.01917691801487789
SC4002E0-PSG,2353,-0.9431177913976675,-1.780988490121501,-0.920407719363183,-0.3489718901720549
SC4002E0-PSG,2354,-0.02867398861845963,0.043064240681523425,0.1583938901668451,-0.618583782193693
SC4002E0-PSG,2355,-0.40842086134671446,-1.0128469773911073,0.18405963871131426,-0.0759409394145236
SC4002E0-PSG,2356,-0.42157242358727354,-1.3803055200318477,0.3166098598167596,-0.15891411486477905
SC4002E0-PSG,2357,0.7169594817590015,-0.24724507761907577,0.5643937463789118,0.22790858941383277
SC4002E0-PSG,2358,0.11466405349253771,0.07025765404682063,0.6178038372096816,0.6444967866371634
SC4002E0-PSG,2359,0.15696859681770314,-0.09708156036526971,-0.22092659786324353,0.2759541555996126
SC4002E0-PSG,2360,-0.546391037583765,-0.7789653774706433,-0.6686364266767054,-0.1779635435842394
SC4002E0-PSG,2361,-0.1968636687098338,-0.44847070638089476,-0.1248320777219918,0.05533928512090004
SC4002E0-PSG,2362,-0.030809711633227252,-0.48402866885982343,-0.1252472681404961,0.20771670700116424
SC4002E0-PSG,2363,-0.6221173506523877,-0.5862022464460999,-0.6492459794681597,-0.17568675026287858
SC4002E0-PSG,2364,0.8924257693595414,1.1394769161302185,1.0196282806619688,0.8807863930862504
SC4002E0-PSG,2365,0.4246776007951349,0.6787535127550283,0.7236366183794013,0.609312842518981
SC4002E0-PSG,2366,-0.12257847515244737,-0.3671717666979426,-0.2280470998908901,0.0470911556056477
SC4002E0-PSG,2367,-0.9855606723959417,-0.5741684792583914,-0.01739257414103169,0.601139307093238
SC4002E0-PSG,2368,0.8040194397138987,1.119848313116479,0.9862144142185371,1.1156866387723527
SC4002E0-PSG,2369,0.8729009787521698,1.1232132627051417,0.870094514121611,0.8572559808042401
SC4002E0-PSG,2370,0.878836312881233,0.9003956758399917,0.869777398046412,0.7675408259594532
SC4002E0-PSG,2371,1.1989948995738164,1.381093278307633,1.0157594944069301,0.7706060990350221
SC4002E0-PSG,2372,0.7540126188038688,1.3036895840518155,0.9648564517698798,1.0144671219466173
SC4002E0-PSG,2373,0.8773265331037803,0.515429325274634,0.6558386939145003,0.7255289933942874
SC4002E0-PSG,2374,0.6112568844547982,1.6285980159564701,1.3830738346039992,1.1113685439704
SC4002E0-PSG,2375,0.5750685484841359,1.4206893304658912,1.0158395924392767,0.6635246204874288
SC4002E0-PSG,2376,0.5206850292780402,1.327390774859706,0.3039963657106716,0.5938470173342939
SC4002E0-PSG,2377,1.1064582696539889,0.985017802304513,0.9237855516556204,1.0205701762309332
SC4002E0-PSG,2378,0.5395177259556447,0.9007057200785415,0.6920367192276928,0.6587839803432118
SC4002E0-PSG,2379,0.70613420273618,0.9057498015826289,0.33271611961881764,0.3993902047661918
SC4002E0-PSG,2380,1.0895138567029305,0.8598619623175557,0.748702890528491,0.8536099673680492
SC4002E0-PSG,2381,0.6642077239072421,1.7302626992406522,1.4832287814659522,0.9172076609444082
SC4002E0-PSG,2382,0.3746320870428135,1.813308700236096,0.5634266254137427,0.42735398501234406
SC4002E0-PSG,2383,0.9679683990570481,1.25346067444125,0.7630028547328803,0.7543426681531811
SC4002E0-PSG,2384,0.6560301426690688,0.7732210097731925,0.8147804438972839,0.7173115023571326
SC4002E0-PSG,2385,0.6115621534513378,0.5923141150245123,0.40852278512098533,0.8739473593060902
SC4002E0-PSG,2386,0.6739726661114883,0.6615254096705134,0.924253252687563,0.8556614216838918
SC4002E0-PSG,2387,-0.5907412007225448,-0.2609659604781381,0.27880792124968273,0.6190568444890804
SC4002E0-PSG,2388,-0.5410307322552614,0.050332000724964646,0.6585338661376553,0.9185054502785873
SC4002E0-PSG,2389,-0.34553212460429034,0.7511692870659197,0.46605410517077284,0.5521716847781339
SC4002E0-PSG,2390,-0.20582991017304894,0.5793368185447078,0.054559422608850015,0.5250347190925143
SC4002E0-PSG,2391,0.6355921264283066,0.8079676362176833,0.2624522125307229,0.5045916731572347
SC4002E0-PSG,2392,-0.6515096842740968,0.19862093121705152,0.05202805876997346,0.5636018778101778
SC4002E0-PSG,2393,0.648765939438763,1.005154702159744,0.4053239994251928,0.5167840138178811
SC4002E0-PSG,2394,0.8708260268926065,1.4942396504265458,0.9376858225522806,0.9927762540525863
SC4002E0-PSG,2395,0.7540381361158288,1.4351427964261825,0.874696148015057,0.6733963615499131
SC4002E0-PSG,2396,0.8350751006479372,0.5926853486162985,0.6223929706914811,0.7401825437778082
SC4002E0-PSG,2397,0.2882194760948295,0.6405309518143257,0.49480649938250476,0.660644959655207
SC4002E0-PSG,2398,0.7416530359396154,1.6127260381126869,0.9758757992198588,0.8693661115647314
SC4002E0-PSG,2399,0.576510948785095,0.5814432516575748,0.9563436088136703,1.191528014484163
SC4002E0-PSG,2400,0.3200456683524822,1.3117842352095073,1.3581791873080786,0.9752975461878806
SC4002E0-PSG,2401,1.1136391407996205,0.451771996419371,0.8497162710717141,0.675397100766593
SC4002E0-PSG,2402,0.6391823675908959,0.8627214171865617,0.711050361646495,0.7146971081935789
SC4002E0-PSG,2403,0.28274514911647425,0.34507921115952117,0.5311083201225978,0.7264709468027778
SC4002E0-PSG,2404,0.5977995619769179,0.5792958213155138,0.42334714844399723,0.6145984397035179
SC4002E0-PSG,2405,-1.604858861117897,-0.8857465494938178,1.1048820858470247,1.4773900814282215
SC4002E0-PSG,2406,0.2615949542602523,0.1540584515134338,1.0747573865877391,1.2883872107049785
SC4002E0-PSG,2407,0.7619865783324222,1.1331225491798438,0.8658715787555156,0.7992491540018632
SC4002E0-PSG,2408,0.09055991824358628,-0.38530066858340833,0.32647841019259033,0.690454833532509
SC4002E0-PSG,2409,0.3316823623416348,-0.22007072515132847,-0.00779777512399215,0.6120199302675503
SC4002E0-PSG,2410,0.27906374432294917,0.6198299316244996,0.5750761250910952,0.8392157798501707
SC4002E0-PSG,2411,-0.2778011927685975,-0.2535392334655573,0.010110668291885208,0.5927326783688462
SC4002E0-PSG,2412,0.41491066061177456,0.7307027964410963,0.2160359441162044,0.4493738098350234
SC4002E0-PSG,2413,0.5294026465402182,1.3597077112400306,0.522370715878422,0.6759837760157673
SC4002E0-PSG,2414,-0.4805122216780976,-0.4385766801511375,-0.06246022404034994,0.19036146907825513
SC4002E0-PSG,2415,0.3462542610773348,0.01597932179035057,0.04920917891421819,0.34250567780593555
SC4002E0-PSG,2416,-0.44401672624695515,-1.3218841425923664,-0.967552011475199,0.0017281506093835195
SC4002E0-PSG,2417,0.2565937120798646,0.29099639599552674,0.3636390669922498,0.40741372201082426
SC4002E0-PSG,2418,0.2750917455909125,-0.10687918529166184,-0.4651637194333347,0.1936191556949896
SC4002E0-PSG,2419,0.3166381909511495,-0.0538878502584044,0.34683794329142353,0.491886116331922
SC4002E0-PSG,2420,0.40534830121397497,0.8956021695826142,-0.0915054476094586,0.2457437354298392
SC4002E0-PSG,2421,1.0251137384030315,1.1841439823185091,0.9965892699689003,0.8737646468469716
SC4002E0-PSG,2422,0.5794216918134457,0.6337147873262087,1.6824342835465014,1.5297573276061682
SC4002E0-PSG,2423,1.0099173310811986,2.042863765718305,2.9539453113374665,2.2976697005173534
SC4002E0-PSG,2424,1.0807152613411215,1.1089815516557127,2.38292038795899,1.663090124568826
SC4002E0-PSG,2425,0.8869156842981832,-0.6463265459073421,0.5888054406286058,0.7336391609641776
SC4002E0-PSG,2426,-0.3779844272601852,-1.3760434236233696,-0.3241130289954434,0.5202546952635695
SC4002E0-PSG,2427,-0.1650448057214848,-0.5749724364947564,0.09694621744094371,0.937617439493238
SC4002E0-PSG,2428,-0.3166653639632522,-1.5213832803265286,-0.6272477267280792,0.31442957936846594
SC4002E0-PSG,2429,-0.7474969931096753,-1.26669308951168,-0.0064213282745857626,0.4517244054678223
SC4002E0-PSG,2430,-1.8899968840694132,-2.1378059178983397,-1.0279724531543233,0.020542948877951595
SC4002E0-PSG,2431,0.7762011682874519,-0.829360611507266,-0.03590529304256581,0.3961497496885872
SC4002E0-PSG,2432,-0.2121715282036127,-1.2766886813588192,-0.29070846202490663,0.41759857147868007
SC4002E0-PSG,2433,-0.19302157174010368,-0.44389160885362106,0.11233745027058421,0.7760306224931521
SC4002E0-PSG,2434,-0.587561060067283,-0.6366926360727727,0.5376098869459635,1.0094712715215117
SC4002E0-PSG,2435,-0.08816258783949706,-1.0006445365085348,-0.14129841292957632,0.4939135211677489
SC4002E0-PSG,2436,-0.7734375805793337,-1.1850652491371423,-0.37748175879504,0.2613043180953265
SC4002E0-PSG,2437,-0.33829432869536097,-0.406500406722056,-0.2808178251136571,0.024803317301657937
SC4002E0-PSG,2438,-0.6857933736985269,-0.7791175778630571,-0.6639771767564401,0.302705546163138
SC4002E0-PSG,2439,-1.5967347379281511,-1.6716930342564091,-0.5817196814971705,0.24618733187810043
SC4002E0-PSG,2440,0.23852514411767334,-0.9633506407015291,0.0535164808357427,0.6269487936433396
SC4002E0-PSG,2441,-1.040203085660802,-0.4308267746770444,-0.24148254124422788,0.3926819865130585
SC4002E0-PSG,2442,-1.239174946762145,-1.3527046825920848,-0.5777919512372557,0.26134980006270936
SC4002E0-PSG,2443,0.3395290325011856,0.08745931870559147,0.8834953850018157,1.2604691068620761
SC4002E0-PSG,2444,0.19479446667254624,-0.29509847521498517,-0.05755732411247448,0.8502161385505833
SC4002E0-PSG,2445,0.5471210538989563,0.36627391948572113,0.9295043993972634,0.8522678924073563
SC4002E0-PSG,2446,-2.438703732601525,-2.4105082502046407,-1.1518043739426305,-0.07755970589548632
SC4002E0-PSG,2447,-0.3938441126502756,-0.3081899303546118,0.04467876004817086,0.48862885080737845
SC4002E0-PSG,2448,-0.4935889028999887,-0.7111611802743086,-0.503848972322125,0.2668520254467501
SC4002E0-PSG,2449,-0.5171928833380255,-0.3070000578548118,-0.04741174985366573,0.509110522683856
SC4002E0-PSG,2450,-2.0098895765607585,-1.6444813597869687,-0.47151072694970436,0.46918014370096534
SC4002E0-PSG,2451,-0.17742009180369725,-0.3092869115261459,0.5232285152452223,0.7004079184216275
SC4002E0-PSG,2452,0.010429591218845922,0.43804640061544325,0.3694452116465152,0.454024169142904
SC4002E0-PSG,2453,-1.4868510392237628,-0.8160310546925388,-0.20332908927573298,0.3973431017454123
SC4002E0-PSG,2454,-1.8428252529578928,-1.2426454557779492,-0.17593255282775094,0.3860807347740844
SC4002E0-PSG,2455,0.16665739775586172,0.05801841798877401,0.05983486312241846,0.712921535406964
SC4002E0-PSG,2456,0.08334152872894972,-0.5640308552240407,0.23624768068935617,0.5888169442089505
SC4002E0-PSG,2457,-1.587089901947365,-0.5132857109019382,-0.60116169539167,0.02824984997095783
SC4002E0-PSG,2458,0.49942683901888446,0.4772648115631188,0.5490588517828587,0.7241574900539365
SC4002E0-PSG,2459,0.20954505154245612,1.0940588350477112,0.37831039062885846,0.4646310707708023
SC4002E0-PSG,2460,0.5764737708673894,-0.16189505796382644,0.21100263957524473,0.4666032947054911
SC4002E0-PSG,2461,0.0007836006268192046,0.21518197706170739,0.4361282755723827,0.9500412906492021
SC4002E0-PSG,2462,0.8022834330438078,-0.05720969974567264,0.6700739833233936,0.7828317455157644
SC4002E0-PSG,2463,0.2829271465021606,0.5378436920622706,0.19973468858006674,0.41619591349365287
SC4002E0-PSG,2464,0.1104221036487913,0.20981518746865493,0.18456260188878026,0.6129435412037534
SC4002E0-PSG,2465,0.11312578883333553,0.29141569476182905,-0.06862777769568087,0.3502160078210513
SC4002E0-PSG,2466,0.32082366571023674,1.0195173733461844,0.5421559262196741,0.6151435200268647
SC4002E0-PSG,2467,0.3062047016516299,0.6332465139183415,1.0560634280236276,0.8868104427261323
SC4002E0-PSG,2468,0.9361277895436404,0.9899295572955363,1.96511396493534,1.4598283949937243
SC4002E0-PSG,2469,0.9121667266938293,2.2002231822658818,3.0395477445946275,2.26104960203213
SC4002E0-PSG,2470,1.0644466055007242,1.9433133625154024,3.441379575362555,2.217835313040869
SC4002E0-PSG,2471,0.7816141601893156,0.6809396811244397,0.7721499373393819,0.8578399796067734
SC4002E0-PSG,2472,0.5699669372934207,0.0004380803643484036,0.5599431759405579,0.6900561653357172
SC4002E0-PSG,2473,-0.48444714701513325,-1.2016987982020353,-0.19755573688931863,0.4962311316484077
SC4002E0-PSG,2474,-0.47231905871775365,-1.3447214268273127,0.03555554066947645,0.5864920884164461
SC4002E0-PSG,2475,-0.9622961391072906,-0.517362594429679,0.06967072167345656,0.6415464269467297
SC4002E0-PSG,2476,-1.0395884060363885,-1.278272571734952,-0.09055188167239321,0.6290467751494305
SC4002E0-PSG,2477,-0.7466889949949546,-0.866803435848461,0.2509791766541298,0.7723907451692645
SC4002E0-PSG,2478,-1.891288132497192,-1.1201377299286985,0.20793553509201326,0.836187159240223
SC4002E0-PSG,2479,-1.1633813802408859,-0.710238647088977,0.23838630777675518,0.8727965481719705
SC4002E0-PSG,2480,-0.6256389366099913,-0.9960968711781971,0.34957561159494577,0.7362065738157147
SC4002E0-PSG,2481,-1.0440401729023683,-0.6825220562674766,0.18841507922560197,0.5726586909786773
SC4002E0-PSG,2482,-0.9549852599452467,-1.0696573726815661,-0.10615445515503288,0.6011063004619637
SC4002E0-PSG,2483,-0.4869983190834427,-0.4945815582356773,0.16871571779748865,0.5846786036146551
SC4002E0-PSG,2484,-1.7819806685406772,-0.9476556982266167,-0.2205761539303063,0.47457136805430866
SC4002E0-PSG,2485,-0.9161796078752746,-0.5803969034436052,0.5958783583000516,1.1082629724498279
SC4002E0-PSG,2486,-0.22188412122991805,0.35716884263592374,0.9935433253073547,1.3494994953190889
SC4002E0-PSG,2487,-1.446553023098,-0.2061730512662755,0.8269186566507993,1.4085151619683025
SC4002E0-PSG,2488,-0.40805966196686916,-0.2530159769910372,0.7309877646073001,1.2069720957352184
SC4002E0-PSG,2489,0.2403659039152579,-0.025259216415390362,0.7078165831932802,1.1212279452267566
SC4002E0-PSG,2490,-1.5916049285671423,-0.8172577225620465,0.8158440109048557,1.400306978230531
SC4002E0-PSG,2491,-0.5647633481206713,-0.21900001378664627,0.9106118032370755,1.0551264130743683
SC4002E0-PSG,2492,0.6672721610171943,0.5477460736846702,0.9378678521984343,1.0189341919351118
SC4002E0-PSG,2493,-0.7848281296753435,-0.21470258500849013,1.0534942901804558,1.3925512415662757
SC4002E0-PSG,2494,-0.729152610405003,-0.4215274478772081,0.9769298469060299,1.313668617427956
SC4002E0-PSG,2495,0.6433343881238329,0.12757537492795235,0.6265535249907631,0.6005761293980052
SC4002E0-PSG,2496,-0.5817766503856331,-0.299066499588061,0.7575891562440914,1.1415312175727441
SC4002E0-PSG,2497,-0.9855550146011597,-0.4526618107357798,0.4109268964290863,1.0110733684928699
SC4002E0-PSG,2498,0.2839593489309717,-0.3435327989731726,0.5307278579723267,0.8791413794406924
SC4002E0-PSG,2499,0.6660062309500842,0.9758612048848526,0.30934058866097836,0.6746983748730209
SC4002E0-PSG,2500,-0.17351710831433295,0.20356316163973498,0.9340723976131193,1.1299044203733082
SC4002E0-PSG,2501,-0.8083929819972716,-0.6634886141991696,0.15297431934319422,0.8044885057439047
SC4002E0-PSG,2502,-0.09809748395366504,0.11836967404168146,0.42059932435532554,0.8180357799408763
SC4002E0-PSG,2503,-0.9973930139391798,-0.7269750698115356,-0.030024190215463563,0.6987408670178298
SC4002E0-PSG,2504,-1.7719912505809718,-1.331546417055129,-0.44942812617531763,0.47346001594288556
SC4002E0-PSG,2505,0.06888546328768572,-0.8275610628334964,-0.09554284354313353,0.5584908801916866
SC4002E0-PSG,2506,-0.10604490333678168,-0.9741633907591691,0.4628208768878807,0.7781363915583323
SC4002E0-PSG,2507,-0.7273392962858525,-0.7335497187508309,0.8171909290096107,1.3336372775543976
SC4002E0-PSG,2508,-0.7136562464156281,-0.09158613646509221,0.44156781731149997,0.8390498240799947
SC4002E0-PSG,2509,-0.18552031620436327,0.5045546802533225,0.9478982970917844,1.3086522006841845
SC4002E0-PSG,2510,-1.9181080139094102,0.06070750203375905,0.6932882542953102,1.3666669755484575
SC4002E0-PSG,2511,-1.485259431899445,-0.6226409900521266,0.9444376452305662,1.3940622998164394
SC4002E0-PSG,2512,-0.45018565022952084,0.7443101656733266,1.024200167461945,1.4983414871821659
SC4002E0-PSG,2513,-1.1876928446122672,0.09020958953660378,1.3418783291602794,1.4345074417227894
SC4002E0-PSG,2514,0.34127415764711266,-0.20616302384843144,1.1650824327821037,1.2602644222017994
SC4002E0-PSG,2515,-0.2222487817225584,-0.2241496474021769,0.37447312056650567,0.7350867350026418
SC4002E0-PSG,2516,0.7910303909598398,0.7224128681713159,0.625468360153831,0.7584906241946798
SC4002E0-PSG,2517,0.8793192008738208,1.1943153068038725,0.9549897191749858,0.9858470692287108
SC4002E0-PSG,2518,-0.08667792661121317,-0.0854599117201244,0.18643579458975823,0.3324577386737485
SC4002E0-PSG,2519,0.24369920285121882,0.6300830359963403,1.189864404918604,0.8772584163577924
SC4002E0-PSG,2520,0.6916417766414253,0.2816932961893466,1.1234587117734751,1.024046328404418
SC4002E0-PSG,2521,1.1008104800139182,0.7582704063807156,0.44570812895819817,0.7013935602416198
SC4002E0-PSG,2522,0.726997543508857,1.4233014225064016,0.9841298527662166,1.0883303383827123
SC4002E0-PSG,2523,1.1840307170793114,1.5323705623985382,0.8864775636355502,1.0728783600456069
SC4002E0-PSG,2524,0.6220919255826046,1.1465914201673524,1.1972013946037219,1.0953396627496423
SC4002E0-PSG,2525,1.2628806353792692,1.764756227820932,1.7756624466849877,1.5928386566398163
SC4002E0-PSG,2526,1.1778866089385147,1.5263984257045988,1.3210247288376995,1.3309532920036753
SC4002E0-PSG,2527,1.4045614893332559,1.957875496958368,1.3763940893263817,0.6684647836770208
SC4002E0-PSG,2528,1.1083138542211703,1.213987110617854,0.8328162115223866,0.6348741190569482
SC4002E0-PSG,2529,0.7267253611718055,0.46417510776692633,0.3547126815582884,0.25991188524075065
SC4002E0-PSG,2530,0.5487328506674853,0.16892750538419418,-0.4163850436109149,0.3724441592719292
SC4002E0-PSG,2531,1.6674074273143749,1.5651295825336409,1.3245352470449983,0.9942067426361905
SC4002E0-PSG,2532,0.38881263422387186,0.6900243614861491,1.002754255506141,0.709131303969897
SC4002E0-PSG,2533,0.7644863005031074,1.3146068917612033,1.0651920946805389,1.0070310747753644
SC4002E0-PSG,2534,0.7597127332490361,1.3975581837401372,1.0948234005991646,1.103251884813364
SC4002E0-PSG,2535,-0.42619607718553937,-1.1099923499045075,-0.11578126663314615,0.12374580363922863
SC4002E0-PSG,2536,0.7895638712051927,0.7520662401498809,0.5051950000545439,0.42373228109535493
SC4002E0-PSG,2537,1.0155888643323272,0.055011601597145764,0.18488977772805942,0.6556247184410862
SC4002E0-PSG,2538,0.662147804712779,0.5783595873227146,0.6020663998782343,0.6346477816048864
SC4002E0-PSG,2539,0.9336158614075212,1.5871064384573497,1.4586309879983286,0.8244756813215542
SC4002E0-PSG,2540,0.3708444755950984,0.6721229494656902,0.7860141408286657,0.6920182501031856
SC4002E0-PSG,2541,0.4939552496043596,-0.5851553190928326,-0.3517113610499709,0.2905777732737581
SC4002E0-PSG,2542,0.6523652662201981,0.34906313937914757,0.6897392886910477,0.8171925541335784
SC4002E0-PSG,2543,1.0459860639108733,1.2153797983057064,1.5066984503013217,1.2151549792226102
SC4002E0-PSG,2544,0.9041374170163065,0.9012982772984225,1.1949093040725087,0.841932795742602
SC4002E0-PSG,2545,-0.21077124563432098,0.13083729890120002,1.4303611247723664,1.1846241042131864
SC4002E0-PSG,2546,0.14638524872318356,0.8890301820299006,1.565861376315126,1.108331316797476
SC4002E0-PSG,2547,0.3940715064959371,0.6919154440123633,0.6031198638222299,0.6866001969538275
SC4002E0-PSG,2548,-0.1740551535440866,0.7343940716400883,-0.14912188995382847,0.27820666182796366
SC4002E0-PSG,2549,-0.0618407183134976,-0.4213921733752285,-0.07691753628665077,0.35319827702620327
SC4002E0-PSG,2550,0.17251365168174793,0.7338576105906028,0.15944918222233065,0.47150236160706227
SC4002E0-PSG,2551,0.5922015294341012,1.3746965113270666,1.5391671116902939,0.922972724690514
SC4002E0-PSG,2552,0.13481453940226087,0.21687294418168357,1.0258891538553296,1.3224363752788448
SC4002E0-PSG,2553,0.29508773203213584,-0.06643306635821927,0.33646507489293653,0.653356929130979
SC4002E0-PSG,2554,0.8608902916579603,0.8519952403838055,0.864215062227462,0.6990646701455177
SC4002E0-PSG,2555,-0.09379831308922597,-0.09650204933792352,0.038824897442980795,0.4305169647298551
SC4002E0-PSG,2556,0.36091075786673377,0.17123609977664958,0.8451671145807069,1.030471137646397
SC4002E0-PSG,2557,-1.0177512589644215,-0.9694470699255139,0.2373085038052874,0.5586268606170418
SC4002E0-PSG,2558,0.4894178128463455,0.4233525613351143,1.2999360731084357,1.132144487759632
SC4002E0-PSG,2559,1.3632649273561621,1.3428202265815476,1.702171952184797,1.356856073349437
SC4002E0-PSG,2560,0.49020156144945837,0.4871467006398247,1.4357841718316893,1.2484493313229574
SC4002E0-PSG,2561,1.3135211020538717,1.3904653490721506,1.7708682371356752,1.6052907580015328
SC4002E0-PSG,2562,0.8728423822670166,0.3282031018983687,1.1069056034999731,0.8541369676080114
SC4002E0-PSG,2563,1.2805490578488214,1.3250901498132421,1.3302016055461916,0.8234062073758802
SC4002E0-PSG,2564,1.0023687209601133,1.0185615963213641,1.0328318454704268,0.7999455312913671
SC4002E0-PSG,2565,0.912387820400981,0.867067055947851,1.101804158381472,0.7852421510904259
SC4002E0-PSG,2566,1.0158486582411321,1.2959727435359987,1.6970016269810415,1.4416213497664427
SC4002E0-PSG,2567,0.4019812873568432,-0.16611241137719787,0.8145229777204165,0.7952961551119467
SC4002E0-PSG,2568,0.2359647399770936,0.25586404750877545,0.7725843506831876,0.9685379010851334
SC4002E0-PSG,2569,1.0343053993502827,0.7000018167248044,1.198035012808747,1.3630047650103423
SC4002E0-PSG,2570,0.5738980506779181,1.1734836122548746,2.4934318291170436,1.8149491404688756
SC4002E0-PSG,2571,0.8412291223989075,1.6178743606417259,2.0919175335325564,1.7143562059853215
SC4002E0-PSG,2572,0.8669379712814013,1.3339705670246405,1.7997061903819713,1.5711174625376132
SC4002E0-PSG,2573,1.0522096887197605,1.372188267809772,1.9360755534673815,1.9484128174476756
SC4002E0-PSG,2574,0.9186603710476946,1.377028436110374,2.3802072910791674,2.0042242335918474
SC4002E0-PSG,2575,0.8480963588227229,1.2740307765409065,2.4995809513669904,1.7921927410903633
SC4002E0-PSG,2576,0.7682754189966866,0.8470184433929223,1.1377622361973942,1.126705912873222
SC4002E0-PSG,2577,0.08443663192784642,-0.026305607752182717,0.2511076647345154,0.703435148489422
SC4002E0-PSG,2578,0.7734363487064684,0.09606697060011855,0.634435937762115,0.7746124473074456
SC4002E0-PSG,2579,0.48782914480708944,0.9111089679157378,2.1638201688035315,1.8990326634942565
SC4002E0-PSG,2580,0.8668874499091186,0.9595526434139388,2.286592090270309,2.0108739002538583
SC4002E0-PSG,2581,0.39270425133446446,1.6215294184703168,3.4879143856184296,2.448860463270698
SC4002E0-PSG,2582,1.0238931565578528,1.7290405536883335,2.9118764332649776,2.266614558281114
SC4002E0-PSG,2583,1.0088162775630307,1.7447156975151983,3.306941715213067,2.0994419522051264
SC4002E0-PSG,2584,0.9725158354675352,1.8197317056479474,3.4553956174001175,2.4912689332403097
SC4002E0-PSG,2585,0.7888455307710488,0.7011026956917236,1.2400083444850305,1.300604815037948
SC4002E0-PSG,2586,1.169006302928259,1.3039110477708626,1.284802081305439,1.0403967990945804
SC4002E0-PSG,2587,0.6715335739332854,2.4034390240875094,3.783895742736572,2.639512831195478
SC4002E0-PSG,2588,1.2967168626241932,2.043960461517614,2.9873730867985677,2.302614498841118
SC4002E0-PSG,2589,0.9629801040904892,2.4367483271706685,2.9832305422147107,2.4863288569772513
SC4002E0-PSG,2590,1.245439556651625,2.0673086515286543,3.159380879110097,2.3031331924376977
SC4002E0-PSG,2591,0.6985055206219333,2.058271816867655,3.3970580334716876,2.294625690502988
SC4002E0-PSG,2592,1.267608639271124,0.8992122713627382,1.3228903753833525,1.1974264532111132
SC4002E0-PSG,2593,1.0651916331702165,0.36044872915234355,1.1897286202667745,0.9566839661262216
SC4002E0-PSG,2594,0.802385798755749,0.026034500925685832,0.5300193463155489,0.7279041865704368
SC4002E0-PSG,2595,0.8419350516297324,1.2986627106750506,2.1747745151199114,1.8425949983362415
SC4002E0-PSG,2596,0.4246763092612896,1.4462902244246614,2.0515054233470176,1.5826178044767456
SC4002E0-PSG,2597,1.0214934164786764,0.4787314840092788,0.9335841559573533,0.8077427157802269
SC4002E0-PSG,2598,0.9651102362886387,1.7999387823940571,2.493757068448729,1.9962644900244564
SC4002E0-PSG,2599,0.9627741060668037,1.9750354732272344,3.154519433154361,2.3973925272101226
SC4002E0-PSG,2600,0.6664756533015165,1.474548203756901,2.1216221230045558,2.164991322034026
SC4002E0-PSG,2601,0.6109667336376323,0.8614284107606546,1.9443739469595094,1.499858725082807
SC4002E0-PSG,2602,-0.03624336778550261,-0.7672411154826118,0.35018357072483086,0.6364663122012667
SC4002E0-PSG,2603,1.0024488739706914,0.7943285093399446,1.2624771032865612,0.9266241882398805
SC4002E0-PSG,2604,-0.1750525153776399,-0.47262558179454794,0.4106699735402888,0.8612694961029993
SC4002E0-PSG,2605,0.5430922908181693,0.30428727571319536,0.5468802139771264,0.8266393598560773
SC4002E0-PSG,2606,0.4709327198137823,0.16819810259226056,0.9749616316975476,0.8505149646566851
SC4002E0-PSG,2607,1.1997271930570654,0.8107550550802225,0.8542492734954996,0.9980799046007315
SC4002E0-PSG,2608,0.42293731859184297,-0.14787759541744439,0.5061124985449038,0.2752942920174856
SC4002E0-PSG,2609,0.8921400678481555,0.6433538382438294,0.281027631859044,0.54236506603476
SC4002E0-PSG,2610,0.032579853150290064,-0.26211854987387373,-0.11051894479315032,0.3890513307529493
SC4002E0-PSG,2611,-0.018892461206699806,-0.04538874057007825,0.13879864698167646,0.3624819058036824
SC4002E0-PSG,2612,-0.5460255610670145,-0.27237197004525227,-0.4455808520621223,0.24285995077000946
SC4002E0-PSG,2613,0.288557925375131,0.29989952072738096,0.42085710863763726,0.5589370556957152
SC4002E0-PSG,2614,0.07729526022877257,-0.37665144796497113,0.5152451577233367,0.7062641331690003
SC4002E0-PSG,2615,-0.01919583171280641,-0.5605520851129235,-0.07116499303848982,0.28217064481413306
SC4002E0-PSG,2616,0.30895416594374603,0.1502233593922156,0.5135392900862586,0.6371646953805433
SC4002E0-PSG,2617,0.5478464368703482,0.5838600601499266,0.6473148029205579,0.8447870113013791
SC4002E0-PSG,2618,0.610098628484251,0.37716682068450597,0.6897773342314111,0.6664154513095062
SC4002E0-PSG,2619,0.6904256679219334,1.0182517226456445,0.9900041266618398,0.7112892505046938
SC4002E0-PSG,2620,0.6882125898301713,0.3950841939956208,0.4215256363661934,0.6864937107277259
SC4002E0-PSG,2621,0.9659189599663823,1.115879312737595,0.9632637565676637,0.7470254281178486
SC4002E0-PSG,2622,0.8776151965901489,1.1582142753321591,1.1780940232395132,0.6939908360234572
SC4002E0-PSG,2623,0.8315953255982927,1.4007251026161196,1.7127464266254464,1.0662411196303259
SC4002E0-PSG,2624,0.47293035334720945,1.3179900817473928,1.2262777803183205,1.404945134602825
SC4002E0-PSG,2625,0.9722496009380445,1.7544647790886814,1.0647649569147686,0.925036801055988
SC4002E0-PSG,2626,0.2575504650901538,0.19132756948831833,0.8548043196049459,0.7000815333478179
SC4002E0-PSG,2627,0.062388120115727363,1.0904938726438698,1.3952426875091632,1.2724633267655403
SC4002E0-PSG,2628,0.6111432748872653,0.9570922019525089,1.1221371140433738,1.1956421130803825
SC4002E0-PSG,2629,1.1962942166672996,0.9101737365953864,1.1094229006387075,1.1163117847438664
SC4002E0-PSG,2630,0.3221924010681514,-0.07502031386143732,0.09598306948477986,0.6275032631970502
SC4002E0-PSG,2631,0.6784255315055764,1.2713134186433208,0.490835900869093,0.776353215494325
SC4002E0-PSG,2632,-0.4949198580016451,0.7181858485898219,1.4019611886822756,1.4338769784712697
SC4002E0-PSG,2633,0.31305569861830096,0.3471403512908905,0.667508118848864,0.9226047220368458
SC4002E0-PSG,2634,0.5644765021518716,0.5862364701787993,-0.0585769642468073,0.6789920850386464
SC4002E0-PSG,2635,0.18303186391809084,0.3220619681603332,0.6898094258872978,0.5434738780015868
SC4002E0-PSG,2636,0.900139532169403,1.4057645207298952,0.9854985280265246,0.9075473874112532
SC4002E0-PSG,2637,0.48878766726833833,-0.15044210742350492,0.34015893568300276,0.4508010622206808
SC4002E0-PSG,2638,0.3336949371186002,0.6780767438432087,1.5558710071781414,1.4482154942523737
SC4002E0-PSG,2639,0.7344145721605995,0.7438156204091341,1.4709873506454625,1.1512895134995378
SC4002E0-PSG,2640,1.48011537839347,0.20389208969620795,0.5940416220295819,1.066376710649031
SC4002E0-PSG,2641,0.8154642028309108,0.7546407991862317,1.3006674618745342,1.0524469117358248
SC4002E0-PSG,2642,0.5721646051917819,0.7748224092406106,1.0841929200100877,0.8545244768204072
SC4002E0-PSG,2643,0.9941908305620442,0.7498861156265377,0.5362596166742799,0.9189888380103983
SC4002E0-PSG,2644,0.6718813038721245,-0.6454113459923836,0.19376610239006564,0.5887486050872247
SC4002E0-PSG,2645,0.9713983327271958,1.4476766808162513,1.3802786065475536,0.9122538752633471
SC4002E0-PSG,2646,0.7729690992465588,1.508051127017796,1.5115183882562802,1.074917585033805
SC4002E0-PSG,2647,0.5278573914965541,0.6966380254356548,0.8892744233407978,0.8015040730907573
SC4002E0-PSG,2648,0.7408219808624029,1.1765341832173615,1.3224744026062074,0.8717527401372029
SC4002E0-PSG,2649,1.055376591515224,1.6591269162524453,1.270101108601233,0.9778164735824025
SC4002E0-PSG,2650,0.1649090097368408,1.5160837602854698,1.4540131169627817,1.3326490263139064
SC4002E0-PSG,2651,1.2635338630943176,1.08328688016366,1.5789285803096902,1.3808596551878882
SC4002E0-PSG,2652,0.8110627550360471,1.663640712040249,1.4485672538519667,1.2891319054199837
SC4002E0-PSG,2653,0.1322316391015399,1.0406930033472503,0.6552322758902703,0.6745919948943474
SC4002E0-PSG,2654,1.0951558815641491,1.0115016377627601,0.6738921439409951,0.6165556333019089
SC4002E0-PSG,2655,0.6849347210196965,0.7441855426422658,0.8952434801074133,0.7309109598236865
SC4002E0-PSG,2656,0.8733044593997651,1.1057218696433657,1.4832304005084405,0.8120002251121473
SC4002E0-PSG,2657,0.8408535374007645,1.4307558846455724,0.8727474875474676,0.7115532267271545
SC4002E0-PSG,2658,0.643373464414486,0.9352816876554624,1.2732194563844883,0.7084366608222011
SC4002E0-PSG,2659,0.4872920353526929,1.121575169809463,1.396530073190245,0.7441359706864613
SC4002E0-PSG,2660,0.603484055755387,0.7607226401615369,0.8557390842181704,0.7331908717623624
SC4002E0-PSG,2661,0.9011013737051504,1.0910081196499242,1.4134412715418987,0.8031539895464148
SC4002E0-PSG,2662,0.809286682563413,1.1539297580674948,0.8933715781479447,0.7005511694068897
SC4002E0-PSG,2663,0.5507838794292754,0.8375620856291368,1.1759129986721912,0.7181007580978555
SC4002E0-PSG,2664,0.9570918112900628,1.4433238345218493,1.5478605994302883,1.091422138283708
SC4002E0-PSG,2665,0.993448744641759,1.6072869017690856,1.293799590856077,1.1953879791731372
SC4002E0-PSG,2666,0.8745733141615164,1.5847368065254537,1.191018072942108,1.2931646106152956
SC4002E0-PSG,2667,0.7479784617560441,1.1755846043622842,0.9327316743368944,1.0871145458923188
SC4002E0-PSG,2668,0.6460762002759263,1.30988110206877,1.6128099796523396,0.9311440619301836
SC4002E0-PSG,2669,0.562710296475251,0.9002820914376887,0.8766450764366904,0.7350844850680832
SC4002E0-PSG,2670,0.8399209219662171,1.1067976999529783,1.5307952219172993,1.3075396974985565
SC4002E0-PSG,2671,0.7967003108418743,1.3855342240465027,0.8215761175757718,0.8080638686650328
SC4002E0-PSG,2672,0.35593092185430886,1.1065616217207577,0.6031536510524776,0.6377356708026474
SC4002E0-PSG,2673,-0.030127505095232297,0.13824679103406481,-0.13327565162062083,0.1477877302008095
SC4002E0-PSG,2674,-0.3642104786697822,0.13925114868502708,-0.3813130275758094,0.4231075585196263
SC4002E0-PSG,2675,-0.34111743378959375,-0.004660097362127342,-0.21436716955536472,0.21166642788292162
SC4002E0-PSG,2676,0.18230848167961883,0.22921609763644363,-0.07373753675197225,0.46866466446740784
SC4002E0-PSG,2677,0.8419937356892551,1.5316205787520878,2.2590003900368214,1.69829858496291
SC4002E0-PSG,2678,0.35914406350845796,0.7207752319718739,1.4647717348671634,1.5067563365213468
SC4002E0-PSG,2679,0.601251145442394,1.2276878088223573,2.372889866827337,2.0801549981652023
SC4002E0-PSG,2680,0.6616610244814067,1.2885553599991513,1.4865099629131926,1.8347948273129042
SC4002E0-PSG,2681,0.4394592539947772,1.0673277840533906,1.119667961281053,1.0196774900143115
SC4002E0-PSG,2682,0.5427389089677488,1.071265279085136,0.9313845732064264,0.7412786566106427
SC4002E0-PSG,2683,-0.22457884689399932,-0.28213180942917215,0.487373785658443,0.7908481201501284
SC4002E0-PSG,2684,0.536251298542935,0.5224237961898509,1.3618683212180072,1.4003894457131358
SC4002E0-PSG,2685,0.5388136635235391,0.8724042934468708,1.9684872573556096,1.5835204710302007
SC4002E0-PSG,2686,0.07569879311216275,0.281528851428263,0.3560884091890229,0.48621353437847675
SC4002E0-PSG,2687,0.7999857264934137,0.9831439719805367,1.6840907458710415,1.3612358153011523
SC4002E0-PSG,2688,0.5979398429909624,0.6888794794038662,0.4186030234176475,0.6654992308329307
SC4002E0-PSG,2689,0.8252843818345927,1.2932021108782548,1.6084157548132154,1.3047957044201632
SC4002E0-PSG,2690,0.9226209832382597,0.6406423089266554,1.126042152614033,1.0061699270833322
SC4002E0-PSG,2691,0.23891148715718835,0.4652288363094761,0.8275235897987354,0.7440488466799146
SC4002E0-PSG,2692,0.1978894035329195,-0.437927259990048,0.009974745374018159,0.38995952379751164
SC4002E0-PSG,2693,-0.257206926528028,-0.5600669423980185,0.5467945896341608,0.7501138680566646
SC4002E0-PSG,2694,0.43454561000589254,0.6719162546749095,0.9021273760696292,1.072240934193676
SC4002E0-PSG,2695,0.9200052237199707,0.9911765235974088,1.6838333730462196,1.4019864027442337
SC4002E0-PSG,2696,0.724734835194822,0.5636764777408362,0.0129144694691022,0.5683733265530494
SC4002E0-PSG,2697,0.1567508361691196,-0.13964908984770408,-0.23422636818155587,0.595571557831774
SC4002E0-PSG,2698,0.8898403160474434,0.8048138518536813,0.31862264171655297,0.60580760465959
SC4002E0-PSG,2699,0.3490488913188488,0.5697264843570893,0.9293182432444803,1.1325291811383538
SC4002E0-PSG,2700,0.809648560272063,2.1295016553386876,1.0633567663161638,0.8708407040103688
SC4002E0-PSG,2701,0.3900857767131621,0.5217445162763489,1.1473785541575034,1.0991184652419257
SC4002E0-PSG,2702,0.9464127894798517,1.0480272561324073,0.9349585976287048,0.7662410693127423
SC4002E0-PSG,2703,-0.2334462029895406,-0.27653830574149496,0.36645650561605075,0.5558068059973331
SC4002E0-PSG,2704,-0.810690405544162,-0.9058978657902671,-0.22801964630694796,0.29792019776490314
SC4002E0-PSG,2705,-0.32237408074054114,-0.4503142579078592,-0.7308696536431573,0.10794847505676802
SC4002E0-PSG,2706,-0.1897861858357079,-0.21628388969238307,0.1422557471071462,0.3976418629543644
SC4002E0-PSG,2707,-0.7488225536658775,-1.0781536560364113,-0.682824722033052,-0.03415988179167684
SC4002E0-PSG,2708,-0.8291179952999966,-1.0863671402094102,-0.9969166399826678,0.005797408111986802
SC4002E0-PSG,2709,0.00951685477408485,-0.9695942018306984,0.04566585551228716,0.28948311125439924
SC4002E0-PSG,2710,0.0012874062115963256,-0.012557477940701773,0.539858034192782,0.6895250576125986
SC4002E0-PSG,2711,0.7660434472381544,1.1189177463123212,0.8888497560193649,0.8874594670841144
SC4002E0-PSG,2712,0.3962980190933892,1.1396618045688967,0.7034987981636273,0.7500578410543624
SC4002E0-PSG,2713,0.8435659134971994,0.8026665090693329,0.602558252052124,0.7187831283839845
SC4002E0-PSG,2714,0.9137226408483229,0.4740096339597167,0.7041362703481518,0.5967453457674935
SC4002E0-PSG,2715,0.42407100884549626,0.25637094906321367,0.5510433916097857,0.7880038581005832
SC4002E0-PSG,2716,0.6516671574080442,0.8540223538098779,0.4605664244112586,0.47862981577778374
SC4002E0-PSG,2717,0.472652253799951,0.6259188335560455,0.5901225615613465,0.621154384792729
SC4002E0-PSG,2718,0.17470404832338915,0.07742737354889939,0.5826876576702408,0.6467798155641731
SC4002E0-PSG,2719,0.9115470798325502,0.4613318764547567,1.526647313233011,1.1439359769311666
SC4002E0-PSG,2720,0.47800867403517266,0.9173735320617735,1.6447182098203723,1.324345984294502
SC4002E0-PSG,2721,0.7512607982093337,0.8340157160582738,1.6017962787928308,1.162295909737396
SC4002E0-PSG,2722,0.909934669874249,0.6241336601510568,1.048642023761713,1.3293206552069992
SC4002E0-PSG,2723,0.2993616976381108,0.35493472224381933,1.1168096808423924,1.35025971082794
SC4002E0-PSG,2724,0.6732490981226124,1.5499550523474588,1.0722970601435506,1.083121776318034
SC4002E0-PSG,2725,0.7106965712139187,0.9494391638849831,0.8372941248819945,1.0292615416286366
SC4002E0-PSG,2726,0.8205705893153762,1.0288251344023094,1.2638821470891792,0.9740314291574533
SC4002E0-PSG,2727,0.698426096913691,0.4030017377482075,0.004726309147504778,0.2728968297257803
SC4002E0-PSG,2728,0.3309659285368357,-0.5270714563045221,-0.1056041180267242,0.28212874312003217
SC4002E0-PSG,2729,0.6671089541948052,1.068267675925852,1.2267066303430096,1.0473448149858005
SC4002E0-PSG,2730,0.8453338543612555,0.5908276834383439,0.9860650412382707,0.6574254290789008
SC4002E0-PSG,2731,0.5094853889869688,0.24106493457460665,-0.08041732763304778,0.4336764866276517
SC4002E0-PSG,2732,0.7836541212949778,0.650645696064038,1.204477647427205,0.8232376139189707
SC4002E0-PSG,2733,0.22531575979476404,-0.00917207455103371,0.603784697388255,0.724601472392947
SC4002E0-PSG,2734,0.007547042035813393,-0.4861319462266139,-0.6251366347185663,0.3907337134339203
SC4002E0-PSG,2735,-0.04735801746614034,0.25611552701997387,0.38682556748143465,0.6599127873605656
SC4002E0-PSG,2736,0.22115126898943957,0.8125545269243077,0.03296600110111262,0.47975195109332525
SC4002E0-PSG,2737,0.6308400663043022,0.5049587096949005,0.29778325197836797,0.5886766571655816
SC4002E0-PSG,2738,0.8814572816271093,1.321814326800581,1.2539861597678195,1.2337288417415997
SC4002E0-PSG,2739,0.6945473523248452,0.7979882231391355,0.8611747157665826,0.637737029856484
SC4002E0-PSG,2740,0.5125169090109964,0.6033434833889676,0.5838927280515855,0.53049508531946
SC4002E0-PSG,2741,-1.3866141037236808,-1.0227211974201529,-0.5920913012171944,0.005150196535570285
SC4002E0-PSG,2742,-0.34200217842517533,0.5805211158296838,0.6520655040762062,0.4472662087097862
SC4002E0-PSG,2743,0.8176869934967337,1.0458245800415684,0.7212235076203632,0.7858390579532019
SC4002E0-PSG,2744,0.8773182452038967,0.5054381600716376,0.45108712813801355,0.8152024260027031
SC4002E0-PSG,2745,-1.1719471697236983,-0.5125066999122814,-0.4913061054573092,0.08813169604543448
SC4002E0-PSG,2746,-0.17919501025403609,-0.3348699637450779,-0.27745898399969904,0.27690293934203436
SC4002E0-PSG,2747,-0.4075851942506106,-0.27128788553131983,-0.7329404178075826,0.21736481440885908
SC4002E0-PSG,2748,0.31255686929424875,0.39361939526187434,0.43698585653834926,0.731720028060507
SC4002E0-PSG,2749,0.06536164816369085,0.947364248127939,0.736421846352412,0.5728795291206925
SC4002E0-PSG,2750,-0.6787063159847547,-0.03535178569834917,-0.6802368906720817,0.26689784725596327
SC4002E0-PSG,2751,0.47052265002829285,0.48148661481048605,0.7906602089033622,0.7656895459257472
SC4002E0-PSG,2752,0.5821132719680906,0.9927883266315213,0.589633784184722,0.784813940482284
SC4002E0-PSG,2753,0.8049391287187876,0.033106764766990676,0.6344612105147902,0.5551665438497596
SC4002E0-PSG,2754,0.1064465820228813,0.07709243707969088,0.1251927195250387,0.38802513917665116
SC4002E0-PSG,2755,0.10606672425250453,0.1077763454797546,0.1689780194920241,0.36657148695293823
SC4002E0-PSG,2756,1.0950106133883928,1.3050646292179393,1.0036890179240778,0.8459260361870683
SC4002E0-PSG,2757,0.5727145945131129,0.16620309295270755,0.7314033989795317,0.8041736137736342
SC4002E0-PSG,2758,0.1649575661888217,-0.6192547722782746,-0.03151713623470829,0.3942661425947944
SC4002E0-PSG,2759,0.5713716080813985,0.8733310119397398,1.2942499982708804,1.6116047417918278
SC4002E0-PSG,2760,0.5568574394492097,0.08944314370185745,0.8560090360831273,0.7663237154647081
SC4002E0-PSG,2761,0.5750016185529172,0.23167359325238043,0.18923744153245572,0.7368749321238941
SC4002E0-PSG,2762,1.0467129874047274,1.5319032717135441,1.0769659103555649,0.8824373506746035
SC4002E0-PSG,2763,1.1576986637571334,0.8477634102911635,1.4368492430473168,1.2265023016939263
SC4002E0-PSG,2764,0.9353540804119618,1.847614776044656,1.1893195672714312,0.9330862866846398
SC4002E0-PSG,2765,1.2804456776294648,1.8855541920245158,2.0791665794059497,1.3897968335439872
SC4002E0-PSG,2766,1.1771914296675263,2.226335861341516,2.558187898301439,1.60718910075763
SC4002E0-PSG,2767,0.5885987665261767,1.18166615178213,0.9561961490612044,0.8450755281915031
SC4002E0-PSG,2768,0.5210740365758056,0.2544243719041604,0.3250022659805353,0.4609589443400563
SC4002E0-PSG,2769,-0.0452170427551028,0.07770292829467006,0.37188337642222996,0.5461135784273955
SC4002E0-PSG,2770,0.5449851751555618,1.0029608892841728,1.1136533471579504,1.0231994824134287
SC4002E0-PSG,2771,1.1304822101702723,1.254810914146294,1.1140626476677291,0.8014412909827248
SC4002E0-PSG,2772,0.19476599752459517,1.2497345814966467,1.074058466032508,0.8261124856946866
SC4002E0-PSG,2773,-0.06561071705010528,1.1445949853428667,0.7279245714612507,0.6322010963525979
SC4002E0-PSG,2774,0.17710914462569377,1.4932498115549715,2.0500903810727666,1.6257406167067001
SC4002E0-PSG,2775,0.8735664699338057,3.3509128968392665,1.9413187044749405,0.9522061805620615
SC4002E0-PSG,2776,0.8624619328881481,2.0511858380996495,2.3703484713988,1.0397759207155404
SC4002E0-PSG,2777,0.8605607953125691,1.4922866895879725,0.79522739410876,0.8910514501088316
SC4002E0-PSG,2778,0.8127529765561307,1.768381787781001,1.693814076757887,1.4199049077965438
SC4002E0-PSG,2779,1.1055142287109845,2.1188756588189546,1.7098641508341557,1.3583111268014196
SC4002E0-PSG,2780,0.1235995163133871,0.9313664599155939,1.4497716174539925,1.2357161315964322
SC4002E0-PSG,2781,0.957784876642666,1.5130129263776313,1.2412385272588125,1.2640142026001355
SC4002E0-PSG,2782,1.0393873300527043,2.2055614057124977,2.9079595450245708,1.3201002072102572
SC4002E0-PSG,2783,1.0254577520096442,0.9215774497182241,1.9227060010566133,1.1628515002039137
SC4002E0-PSG,2784,0.8249289171050141,2.185307421236079,3.067322955255252,1.100576544269212
SC4002E0-PSG,2785,-1.044800101591676,0.4788922223504412,1.011145519081943,1.2137051793340676
SC4002E0-PSG,2786,0.4462257232049399,1.609005427364391,1.3234677055944752,1.171090243083531
SC4002E0-PSG,2787,0.26310098876944227,1.410202504566058,1.4894751624307663,1.210375856602648
SC4002E0-PSG,2788,0.5075554398347037,1.1745523508076678,1.4118662878712993,1.3491517052015467
SC4002E0-PSG,2789,0.13103234976981074,0.35840832372115683,0.9074284930667225,0.853034546185864
SC4002E0-PSG,2790,0.544425777553426,1.5523290335519921,1.4620608145950267,1.5710359108180922
SC4002E0-PSG,2791,0.9067111333308953,1.2738724032711881,0.9143093848674891,1.2538101834870938
SC4002E0-PSG,2792,0.2643597897396423,1.9727980699496759,2.1143093883936404,1.7465858803224816
SC4002E0-PSG,2793,0.4350486795503962,1.337997940200412,1.368078611085322,1.3879891848396784
SC4002E0-PSG,2794,1.1136592962198555,1.8652274980902215,1.7900848753941392,1.346960485269247
SC4002E0-PSG,2795,0.41795789680285417,2.0028419242536306,0.8303243459716073,0.9362642575406842
SC4002E0-PSG,2796,0.7583202382773024,1.7819268888629285,1.9767572436263465,1.5335019755384276
SC4002E0-PSG,2797,0.8764167976982221,1.8808026363131165,2.8253707317698513,1.9703781068579338
SC4002E0-PSG,2798,0.3577806063672563,1.011903939998408,0.7452531315099676,0.8813119211132752
SC4002E0-PSG,2799,0.4215616942918683,1.1806709309739611,1.7181301632069312,1.5479050787628388
SC4002E0-PSG,2800,0.2527275701363504,1.9447408972451323,1.3104344039526057,1.338219981186426
SC4002E0-PSG,2801,0.14931696062363137,1.393148888401804,1.0196951872432987,0.8755167942699603
SC4002E0-PSG,2802,0.014332157636271409,1.5449641592978343,1.1741390207666753,1.2767706748890635
SC4002E0-PSG,2803,1.1216565919259338,1.8491549709844384,1.8130840494895966,1.5427177335582059
SC4002E0-PSG,2804,1.4297654375244013,2.0529265486667576,1.3864817259575355,1.4131107302868913
SC4002E0-PSG,2805,1.3744091716700024,1.9081261651575057,2.270219648784164,1.8860162234323532
SC4002E0-PSG,2806,0.7869133654200039,1.9547173630033832,2.333251267011419,1.497166254595402
SC4002E0-PSG,2807,0.6976789286617251,2.141702528382556,2.1054535031405606,1.4813412060339972
SC4002E0-PSG,2808,0.7210755571456473,2.356488493401354,1.777780352003677,1.6414057513749964
SC4002E0-PSG,2809,0.6432458983317675,1.6406123342120007,1.1465810123515126,1.2392185770221154
SC4002E0-PSG,2810,0.2617116819041671,2.1571528176182797,1.4902970512159637,1.0277620470463371
SC4002E0-PSG,2811,0.39814480725175516,1.4952163424850977,1.1130250146425238,1.3160635568955614
SC4002E0-PSG,2812,0.3948456048626183,2.0772816875134215,1.8683996255859179,1.547219792394003
SC4002E0-PSG,2813,0.19074086026140352,0.9726653713817008,1.0477853398653034,1.1612680300429536
SC4002E0-PSG,2814,0.48850766879430085,1.48237944553738,1.1068277120250118,1.35510821888102
SC4002E0-PSG,2815,0.3834096087853873,0.9942764645976606,0.5026435971354181,0.9092599552365299
SC4002E0-PSG,2816,0.882718861901036,1.0106612783920421,0.8893307107745949,1.026606809594076
SC4002E0-PSG,2817,0.27969640398291123,1.5958248791769456,1.8819196886498604,1.653661868623842
SC4002E0-PSG,2818,0.204768399183359,1.2458299379578757,1.1086016099789997,1.1420096826151829
SC4002E0-PSG,2819,0.37494825267373216,1.6652218467830937,1.5471545230817936,1.2670285229474565
SC4002E0-PSG,2820,-0.03435944209071704,1.0303170349350244,1.6139505503545046,1.5632965247952175
SC4002E0-PSG,2821,1.2700594032033703,2.2598840728706864,1.2639992335403263,1.0946523757201174
SC4002E0-PSG,2822,1.1852958633529795,2.138633526377787,2.1075289099851613,1.555328832076782
SC4002E0-PSG,2823,1.1742444966413992,2.2633115280031513,1.846079734760621,1.4446723451319345
SC4002E0-PSG,2824,1.1728074237293626,2.01412424936529,1.6978192046690388,1.323821352103104
SC4002E0-PSG,2825,1.0081698165187454,1.7904072676684042,1.5846277885549485,1.1839210730625975
SC4002E0-PSG,2826,1.529782394247119,2.06081627828141,1.0664100662979847,1.1153030404053295
SC4002E0-PSG,2827,1.0864180849594398,1.4104972663444129,2.021590232662278,1.3042580778438098
SC4002E0-PSG,2828,1.008104760092874,1.4423775344451444,0.9487077428308475,1.082255516512164
SC4002E0-PSG,2829,0.9975033889395098,1.4931063292239277,0.6795892918280569,0.5587977509490978
